model,horizon_seconds,n_folds,n_predictions,aggregation,RMSE,RMSE_min,RMSE_max,RMSE_defined_folds,MAE,MAE_min,MAE_max,MAE_defined_folds,R2,R2_min,R2_max,R2_defined_folds,rmse_gain_vs_e0,rmse_gain_vs_e0_min,rmse_gain_vs_e0_max,rmse_gain_vs_e0_defined_folds,r2_os_vs_e0,r2_os_vs_e0_min,r2_os_vs_e0_max,r2_os_vs_e0_defined_folds,pooled_RMSE,pooled_E0_RMSE,pooled_rmse_gain_vs_e0,pooled_r2_os_vs_e0,pooled_e0_gain_status,inference_n_predictions,inference_n_calls,inference_single_n,inference_mean_ms,inference_p50_ms,inference_p95_ms,inference_p99_ms,inference_upper_bound_ms,inference_upper_bound_kind,inference_batch_p95_ms,inference_batch_p99_ms,inference_batch_max_ms,inference_total_seconds,inference_amortized_ms_per_prediction,inference_scope,inference_warmup_calls
autots,60,1,17447,equal_weight_fold_mean,498.9077947759612,498.9077947759612,498.9077947759612,1,489.2008285674113,489.2008285674113,489.2008285674113,1,-24.94398455537625,-24.94398455537625,-24.94398455537625,1,-31.95506018935881,-31.95506018935881,-31.95506018935881,1,-1085.035992084262,-1085.035992084262,-1085.035992084262,1,498.9077947759612,15.13903454914819,-31.95506018935881,-1085.035992084262,defined,17447,17447,1024,2.722385098138602,2.717434021178633,2.788565357332118,2.857513144845143,6.21979299467057,observed_max_not_hard_bound,2.7921027271077037,2.863722416805104,111.90643301233648,47.5570982885547,2.7258037650343727,prepared input/context + scaling + transfers + predict + host log-return output,0
autots,120,1,17447,equal_weight_fold_mean,514.2084370521412,514.2084370521412,514.2084370521412,1,504.6854032480512,504.6854032480512,504.6854032480512,1,-26.51458711117577,-26.51458711117577,-26.51458711117577,1,-23.63522068564281,-23.63522068564281,-23.63522068564281,1,-605.8940982303236,-605.8940982303236,-605.8940982303236,1,514.2084370521412,20.872897532101966,-23.63522068564281,-605.8940982303236,defined,17447,17447,1024,2.7024573440144195,2.692348003620282,2.766310554579831,2.8258853685110803,5.812309042084962,observed_max_not_hard_bound,2.7670430019497876,2.8274117002729326,11.012243980076164,47.11812739772722,2.7006435145140837,prepared input/context + scaling + transfers + predict + host log-return output,0
autots,180,1,17447,equal_weight_fold_mean,517.542959922545,517.542959922545,517.542959922545,1,508.1828270574812,508.1828270574812,508.1828270574812,1,-26.974226139080884,-26.974226139080884,-26.974226139080884,1,-20.486720435082947,-20.486720435082947,-20.486720435082947,1,-460.6791550554111,-460.6791550554111,-460.6791550554111,1,517.542959922545,24.086642793449045,-20.486720435082947,-460.6791550554111,defined,17447,17447,1024,2.7264778460107664,2.721032011322677,2.807837579166517,2.9373860673513255,5.584547994658351,observed_max_not_hard_bound,2.804026968078688,2.8737309412099425,5.584547994658351,47.4878192495089,2.721832936866447,prepared input/context + scaling + transfers + predict + host log-return output,0
cat,60,1,17447,equal_weight_fold_mean,15.327266938124316,15.327266938124316,15.327266938124316,1,9.887778474348817,9.887778474348817,9.887778474348817,1,0.9755135661085501,0.9755135661085501,0.9755135661085501,1,-0.012433579457463928,-0.012433579457463928,-0.012433579457463928,1,-0.025021752813052967,-0.025021752813052967,-0.025021752813052967,1,15.327266938124316,15.13903454914819,-0.012433579457463928,-0.025021752813052967,defined,17447,2047,1024,0.6407806557717777,0.5754219891969115,0.7571864989586174,0.7666966400574893,3.4888790105469525,observed_max_not_hard_bound,0.9742426918819546,1.0553772130515418,4.6147669781930745,1.5131853056955151,0.08673040096839085,prepared input/context + scaling + transfers + predict + host log-return output,0
cat,120,1,17447,equal_weight_fold_mean,21.348531421875172,21.348531421875172,21.348531421875172,1,13.92262635476274,13.92262635476274,13.92262635476274,1,0.9525735504383943,0.9525735504383943,0.9525735504383943,1,-0.022787152049287496,-0.022787152049287496,-0.022787152049287496,1,-0.04609355839709228,-0.04609355839709228,-0.04609355839709228,1,21.348531421875172,20.872897532101966,-0.022787152049287496,-0.04609355839709228,defined,17447,2047,1024,0.675647088542064,0.7417854794766754,0.7617643481353298,0.7687274902127683,3.622738004196435,observed_max_not_hard_bound,0.9693640400655569,1.003675548126921,3.622738004196435,1.5807050136500038,0.09060039053418947,prepared input/context + scaling + transfers + predict + host log-return output,0
cat,180,1,17447,equal_weight_fold_mean,24.649176811565873,24.649176811565873,24.649176811565873,1,16.4164097600112,16.4164097600112,16.4164097600112,1,0.9365443772116302,0.9365443772116302,0.9365443772116302,1,-0.02335460458066918,-0.02335460458066918,-0.02335460458066918,1,-0.04725464671645785,-0.04725464671645785,-0.04725464671645785,1,24.649176811565873,24.086642793449045,-0.02335460458066918,-0.04725464671645785,defined,17447,2047,1024,0.6081158654183128,0.5746210226789117,0.7611900160554796,0.7737205183366314,2.594541001599282,observed_max_not_hard_bound,0.9790404001250861,1.0261386143974958,4.613053984940052,1.459615815547295,0.08365998828149795,prepared input/context + scaling + transfers + predict + host log-return output,0
lgbm,60,1,17447,equal_weight_fold_mean,15.2381269603546,15.2381269603546,15.2381269603546,1,9.894995214055443,9.894995214055443,9.894995214055443,1,0.9757975532112527,0.9757975532112527,0.9757975532112527,1,-0.006545490789700681,-0.006545490789700681,-0.006545490789700681,1,-0.013133825029079338,-0.013133825029079338,-0.013133825029079338,1,15.2381269603546,15.13903454914819,-0.006545490789700681,-0.013133825029079338,defined,17447,2047,1024,0.7113444937658642,0.6639359926339239,0.7971320184879005,0.8800929738208645,6.556478037964553,observed_max_not_hard_bound,0.980777700897306,1.0059780662413687,6.745729013346136,1.6481111510656774,0.09446387064055009,prepared input/context + scaling + transfers + predict + host log-return output,0
lgbm,120,1,17447,equal_weight_fold_mean,21.420286141041498,21.420286141041498,21.420286141041498,1,13.984651128189178,13.984651128189178,13.984651128189178,1,0.9522542038241023,0.9522542038241023,0.9522542038241023,1,-0.026224850100359243,-0.026224850100359243,-0.026224850100359243,1,-0.053137442963504755,-0.053137442963504755,-0.053137442963504755,1,21.420286141041498,20.872897532101966,-0.026224850100359243,-0.053137442963504755,defined,17447,2047,1024,0.7709571002010307,0.7304295140784234,0.8089008508250117,0.9074484347365795,6.487480015493929,observed_max_not_hard_bound,1.008020038716495,1.0688736953306925,6.487480015493929,1.7850226268637925,0.10231114958811215,prepared input/context + scaling + transfers + predict + host log-return output,0
lgbm,180,1,17447,equal_weight_fold_mean,24.54424450997423,24.54424450997423,24.54424450997423,1,16.51344534938725,16.51344534938725,16.51344534938725,1,0.9370834923135049,0.9370834923135049,0.9370834923135049,1,-0.01899815264623106,-0.01899815264623106,-0.01899815264623106,1,-0.03835723509643163,-0.03835723509643163,-0.03835723509643163,1,24.54424450997423,24.086642793449045,-0.01899815264623106,-0.03835723509643163,defined,17447,2047,1024,0.7388506864458577,0.6767349841538817,0.7900994882220402,1.0417574498569557,5.989225988741964,observed_max_not_hard_bound,1.0093247110489756,1.160990144126117,5.989225988741964,1.7095383722917177,0.0979846605314219,prepared input/context + scaling + transfers + predict + host log-return output,0
lstm,60,1,17447,equal_weight_fold_mean,17.436830444568734,17.436830444568734,17.436830444568734,1,11.687828882745583,11.687828882745583,11.687828882745583,1,0.9683093470385834,0.9683093470385834,0.9683093470385834,1,-0.1517795529140813,-0.1517795529140813,-0.1517795529140813,1,-0.32659613851096103,-0.32659613851096103,-0.32659613851096103,1,17.436830444568734,15.13903454914819,-0.1517795529140813,-0.32659613851096103,defined,17447,2047,1024,0.32234449798806963,0.3194299642927944,0.32913651084527373,0.33328138291835785,0.9455769904889166,observed_max_not_hard_bound,0.45045900042168796,0.45634779846295714,0.9455769904889166,0.7851049828459509,0.044999425852350027,prepared input/context + scaling + transfers + predict + host log-return output,0
lstm,120,1,17447,equal_weight_fold_mean,26.3893183962643,26.3893183962643,26.3893183962643,1,18.407156038667516,18.407156038667516,18.407156038667516,1,0.9275328886811265,0.9275328886811265,0.9275328886811265,1,-0.2642863002454845,-0.2642863002454845,-0.2642863002454845,1,-0.5984198489884154,-0.5984198489884154,-0.5984198489884154,1,26.3893183962643,20.872897532101966,-0.2642863002454845,-0.5984198489884154,defined,17447,2047,1024,0.32311697128761807,0.3204969980288297,0.3327106620417908,0.336650715325959,0.4217289970256388,observed_max_not_hard_bound,0.44410701375454664,0.4512506001628935,0.7074069580994546,0.7781495582312346,0.04460076564631367,prepared input/context + scaling + transfers + predict + host log-return output,0
lstm,180,1,17447,equal_weight_fold_mean,31.460635348676018,31.460635348676018,31.460635348676018,1,21.594295970111066,21.594295970111066,21.594295970111066,1,0.8966286355798606,0.8966286355798606,0.8966286355798606,1,-0.30614447262166866,-0.30614447262166866,-0.30614447262166866,1,-0.706013383360137,-0.706013383360137,-0.706013383360137,1,31.460635348676014,24.086642793449045,-0.30614447262166844,-0.7060133833601363,defined,17447,2047,1024,0.32358161860202017,0.3199210041202605,0.3320308576803654,0.34825445327442134,1.1996059911325574,observed_max_not_hard_bound,0.44426571694202716,0.4543787229340523,1.1996059911325574,0.7784369394066744,0.04461723731338765,prepared input/context + scaling + transfers + predict + host log-return output,0
tfm_lora,60,1,17447,equal_weight_fold_mean,21.109538307375527,21.109538307375527,21.109538307375527,1,13.40027834897487,13.40027834897487,13.40027834897487,1,0.9535534384863034,0.9535534384863034,0.9535534384863034,1,-0.3943781050795785,-0.3943781050795785,-0.3943781050795785,1,-0.944290299925316,-0.944290299925316,-0.944290299925316,1,21.109538307375527,15.13903454914819,-0.3943781050795785,-0.944290299925316,defined,17447,2047,1024,93.0260561463001,92.83356947707944,94.04532453336286,95.32037564145867,96.7076339875348,observed_max_not_hard_bound,93.99699856294318,95.30902928556316,98.04876596899705,190.24907366145635,10.90440039327428,prepared input/context + scaling + transfers + predict + host log-return output,0
tfm_zero_shot,60,1,17447,equal_weight_fold_mean,15.464590781075522,15.464590781075522,15.464590781075522,1,10.199470037150562,10.199470037150562,10.199470037150562,1,0.9750728307046714,0.9750728307046714,0.9750728307046714,1,-0.02150442492686233,-0.02150442492686233,-0.02150442492686233,1,-0.04347129014515971,-0.04347129014515971,-0.04347129014515971,1,15.464590781075522,15.13903454914819,-0.02150442492686233,-0.04347129014515971,defined,17447,2047,1024,80.89574954607315,80.65886350232176,81.33065639412962,82.30556261783931,241.15539802005517,observed_max_not_hard_bound,81.2649484956637,82.40658776951022,241.15539802005517,165.2806738751242,9.473300502958915,prepared input/context + scaling + transfers + predict + host log-return output,0
tfm_zero_shot,120,1,17447,equal_weight_fold_mean,21.732520934825267,21.732520934825267,21.732520934825267,1,14.278188793149907,14.278188793149907,14.278188793149907,1,0.9508521168574552,0.9508521168574552,0.9508521168574552,1,-0.04118371210327765,-0.04118371210327765,-0.04118371210327765,1,-0.08406352234916104,-0.08406352234916104,-0.08406352234916104,1,21.732520934825267,20.872897532101966,-0.04118371210327765,-0.08406352234916104,defined,17447,2047,1024,81.18299044332389,81.03062250302173,81.91125089651905,83.32760138669983,84.6478629973717,observed_max_not_hard_bound,81.86684762476943,82.90084430132993,84.6478629973717,165.99657451175153,9.514333381770593,prepared input/context + scaling + transfers + predict + host log-return output,0
tfm_zero_shot,180,1,17447,equal_weight_fold_mean,24.965352432749008,24.965352432749008,24.965352432749008,1,16.554091196234655,16.554091196234655,16.554091196234655,1,0.9349060429021523,0.9349060429021523,0.9349060429021523,1,-0.03648120025838342,-0.03648120025838342,-0.03648120025838342,1,-0.07429327848905909,-0.07429327848905909,-0.07429327848905909,1,24.965352432749008,24.086642793449045,-0.03648120025838342,-0.07429327848905909,defined,17447,2047,1024,81.38007077411658,81.34301850805059,82.1119604021078,83.37144151970278,84.72969697322696,observed_max_not_hard_bound,82.04122176975943,83.00349975470454,84.72969697322696,166.39911050151568,9.53740531332124,prepared input/context + scaling + transfers + predict + host log-return output,0
xgb,60,1,17447,equal_weight_fold_mean,15.728355308100436,15.728355308100436,15.728355308100436,1,10.118835683927188,10.118835683927188,10.118835683927188,1,0.9742152620841661,0.9742152620841661,0.9742152620841661,1,-0.03892723522355679,-0.03892723522355679,-0.03892723522355679,1,-0.07936980008926375,-0.07936980008926375,-0.07936980008926375,1,15.728355308100436,15.13903454914819,-0.03892723522355679,-0.07936980008926375,defined,17447,2047,1024,2.0520293462595873,1.834711991250515,1.8616297224070875,1.887567185331136,222.69046999281272,observed_max_not_hard_bound,2.008849033154547,2.1306546172127128,222.69046999281272,4.133941789041273,0.2369428434138404,prepared input/context + scaling + transfers + predict + host log-return output,0
xgb,120,1,17447,equal_weight_fold_mean,22.14303812964156,22.14303812964156,22.14303812964156,1,14.45672496263034,14.45672496263034,14.45672496263034,1,0.9489778189531756,0.9489778189531756,0.9489778189531756,1,-0.06085118731532857,-0.06085118731532857,-0.06085118731532857,1,-0.12540524162834243,-0.12540524162834243,-0.12540524162834243,1,22.14303812964156,20.872897532101966,-0.06085118731532857,-0.12540524162834243,defined,17447,2047,1024,1.8513771472044027,1.8360494868829844,1.9442996708676163,2.0135130087146536,11.0772309708409,observed_max_not_hard_bound,2.0001609984319657,2.0208232244476676,11.0772309708409,3.916913402499631,0.224503548031159,prepared input/context + scaling + transfers + predict + host log-return output,0
xgb,180,1,17447,equal_weight_fold_mean,25.80336167842242,25.80336167842242,25.80336167842242,1,17.183413164712235,17.183413164712235,17.183413164712235,1,0.9304626957589914,0.9304626957589914,0.9304626957589914,1,-0.0712726509748498,-0.0712726509748498,-0.0712726509748498,1,-0.14762509272668245,-0.14762509272668245,-0.14762509272668245,1,25.80336167842242,24.086642793449045,-0.0712726509748498,-0.14762509272668245,defined,17447,2047,1024,1.8556336158894737,1.8385395233053712,1.9563938432838748,2.0473766594659537,11.032087029889226,observed_max_not_hard_bound,1.9969637272879481,2.0595253573264927,11.032087029889226,3.9205865954281762,0.2247140823882717,prepared input/context + scaling + transfers + predict + host log-return output,0
xgbrf,60,1,17447,equal_weight_fold_mean,14.962346542328634,14.962346542328634,14.962346542328634,1,9.746770019044295,9.746770019044295,9.746770019044295,1,0.9766656602474976,0.9766656602474976,0.9766656602474976,1,0.011671022101571116,0.011671022101571116,0.011671022101571116,1,0.023205831446246883,0.023205831446246883,0.023205831446246883,1,14.962346542328634,15.13903454914819,0.011671022101571116,0.023205831446246883,defined,17447,2047,1024,2.687980573398363,2.676101983524859,2.6944884622935206,2.7098758140346035,15.839290979783982,observed_max_not_hard_bound,2.952514006756246,3.075082638533786,15.839290979783982,5.749114686565008,0.3295188104869037,prepared input/context + scaling + transfers + predict + host log-return output,0
xgbrf,120,1,17447,equal_weight_fold_mean,20.93469340075514,20.93469340075514,20.93469340075514,1,13.683972304813347,13.683972304813347,13.683972304813347,1,0.9543944378551044,0.9543944378551044,0.9543944378551044,1,-0.002960579313827205,-0.002960579313827205,-0.002960579313827205,1,-0.005929923657527869,-0.005929923657527869,-0.005929923657527869,1,20.93469340075514,20.872897532101966,-0.002960579313827205,-0.005929923657527869,defined,17447,2047,1024,2.682225001706229,2.665708016138524,2.7544664975721376,2.8236276109237224,15.19033801741898,observed_max_not_hard_bound,2.927924692630768,2.9597016097977757,15.19033801741898,5.716622760926839,0.3276564888477583,prepared input/context + scaling + transfers + predict + host log-return output,0
xgbrf,180,1,17447,equal_weight_fold_mean,24.3278562340108,24.3278562340108,24.3278562340108,1,16.188684222655496,16.188684222655496,16.188684222655496,1,0.9381879777782599,0.9381879777782599,0.9381879777782599,1,-0.010014406849067292,-0.010014406849067292,-0.010014406849067292,1,-0.020129102042673264,-0.020129102042673264,-0.020129102042673264,1,24.3278562340108,24.086642793449045,-0.010014406849067292,-0.020129102042673264,defined,17447,2047,1024,2.6682856313300363,2.6540215185377747,2.708739886293187,2.8100974566768855,15.471578983124346,observed_max_not_hard_bound,2.9218277253676206,2.9590481834020466,15.471578983124346,5.690639837528579,0.3261672400715641,prepared input/context + scaling + transfers + predict + host log-return output,0
