file,fold,clock_hour_utc,origin_utc,origin_mid,actual_60,tfm_zero_shot_60,tfm_lora_60,autots_60,actual_120,tfm_zero_shot_120,tfm_lora_120,autots_120,actual_180,tfm_zero_shot_180,tfm_lora_180,autots_180
paths/path_fold1_20231012_040130.png,fold1,4,2023-10-12T04:01:30.266000+00:00,26843.295,26842.725,26841.975525998703,26837.98710204602,26842.904431877036,26836.945,26844.882596968804,26845.387718089023,26841.892093800838,26835.415,26844.439651218552,26849.298740056707,26843.031326900375
paths/path_fold1_20231012_120006.png,fold1,12,2023-10-12T12:00:06.343000+00:00,26839.754999999997,26852.985,26839.741651888482,26841.80172569172,26839.740145674736,26854.995000000003,26837.714181455332,26834.029653314967,26840.98517791741,26829.085,26844.140213142175,26817.312999392867,26839.47196868624
paths/path_fold1_20231012_200007.png,fold1,20,2023-10-12T20:00:07.771000+00:00,26711.605,26711.665,26713.22995492708,26707.433390990267,26711.30311093294,26711.665,26710.197228396653,26708.23491437295,26711.253028007777,26716.655,26709.888079842345,26706.620282866996,26709.04076904576
paths/path_fold1_20231013_040028.png,fold1,4,2023-10-13T04:00:28.371000+00:00,26783.955,26781.795,26782.61408184324,26785.87023176648,26784.246144710207,26781.795,26783.492548516937,26773.734651062412,26784.367572891915,26778.135000000002,26783.89531099146,26789.01210921127,26784.313645951224
paths/path_fold1_20231013_120001.png,fold1,12,2023-10-13T12:00:01.075000+00:00,26823.795,26824.114999999998,26824.50135171379,26822.30354013533,26824.438134136206,26818.095,26823.870922330236,26823.6934436338,26827.244020952323,26812.085,26822.47809574969,26823.417356503873,26823.451246173747
paths/path_fold1_20231013_200005.png,fold1,20,2023-10-13T20:00:05.748000+00:00,26773.025,26778.485,26771.645690624064,26769.65402422931,26772.72457022791,26781.225,26771.53662750478,26762.452027507,26772.21353977239,26784.995000000003,26770.61982796491,26771.335284671328,26771.805340413786
paths/path_fold2_20231014_040002.png,fold2,4,2023-10-14T04:00:02.225000+00:00,26931.855,26931.855,26930.109990724166,26932.462598655587,26932.66912295661,26928.004999999997,26930.535355117856,26939.858847732783,26931.760464580668,26929.205,26927.627299417643,26938.424294077533,26931.756963342505
paths/path_fold2_20231014_120113.png,fold2,12,2023-10-14T12:01:13.980000+00:00,26874.565000000002,26876.325,26875.108261438836,26874.327533011365,26878.103016129833,26872.364999999998,26875.26294980258,26872.50106077565,26874.469651054085,26868.235,26874.274982441424,26872.61839011268,26874.46615726396
paths/path_fold2_20231014_200005.png,fold2,20,2023-10-14T20:00:05.552000+00:00,26862.315000000002,26858.805,26862.50303829494,26860.35828272127,26861.451242565854,26858.805,26862.2941854644,26857.627869405816,26862.219694266892,26858.805,26862.87922203295,26862.135775173105,26862.21620206931
paths/path_fold2_20231015_040023.png,fold2,4,2023-10-15T04:00:23.838000+00:00,26881.855,26884.735,26881.624336331337,26882.430385709038,26882.66761237705,26889.215,26881.16595967775,26880.959585220717,26881.760640959474,26889.215,26883.22640064522,26885.38287183156,26881.757146221487
paths/path_fold2_20231015_120000.png,fold2,12,2023-10-15T12:00:00.828000+00:00,26851.335,26847.175,26850.854858755727,26849.897163713766,26849.943416757138,26841.535,26851.686063510548,26854.974469896326,26851.241217369443,26841.535,26851.07336600095,26853.260293238192,26851.237726599105
paths/path_fold2_20231015_200002.png,fold2,20,2023-10-15T20:00:02.264000+00:00,27046.754999999997,27030.355,27045.914233570158,27042.138441597297,27046.75947390716,27040.805,27047.118244069323,27036.58067763651,27046.6604498858,27038.605,27042.802440042844,27025.46971385294,27046.65693371017
paths/path_fold3_20231016_040005.png,fold3,4,2023-10-16T04:00:05.665000+00:00,27238.355,27239.995000000003,27239.973266011693,27229.95723509011,27238.98596549032,27244.045,27238.270779383114,27221.765726111116,27238.626493867352,27244.045,27239.587415866128,27238.19531617963,27238.66254786993
paths/path_fold3_20231016_120006.png,fold3,12,2023-10-16T12:00:06.836000+00:00,27751.665,27744.395,27753.559015497085,27757.093030989407,27751.78643125838,27741.285,27749.394931214665,27754.1405089669,27751.689941192253,27734.975,27745.753620654254,27743.416135408912,27751.55748642437
paths/path_fold3_20231016_200000.png,fold3,20,2023-10-16T20:00:00.556000+00:00,28468.855,28486.675,28470.079746589272,28466.424311181705,28468.750377035904,28448.905,28460.249639772093,28437.60069407054,28470.348290819926,28439.315000000002,28470.832353413756,28480.059025888597,28465.327453357317
paths/path_fold3_20231017_040003.png,fold3,4,2023-10-17T04:00:03.359000+00:00,28268.535,28256.655,28270.715786188484,28283.754746282735,28267.696793009134,28163.995000000003,28264.942008986465,28270.497948026125,28268.546298541198,28189.325,28268.48982268995,28280.99703338622,28264.828836229448
paths/path_fold3_20231017_120014.png,fold3,12,2023-10-17T12:00:14.846000+00:00,28425.875,28428.985,28425.067776648782,28433.132921214587,28426.520633693064,28442.905,28424.07108585391,28470.205759324926,28425.959023449203,28447.125,28425.012673345635,28443.84515437935,28426.14328806773
paths/path_fold3_20231017_200001.png,fold3,20,2023-10-17T20:00:01.297000+00:00,28511.805,28507.945,28511.511981562595,28493.448843379312,28509.521029286938,28515.995000000003,28509.454378596736,28504.23369014706,28511.392179292387,28529.285,28506.668027934207,28492.098642666613,28511.750723067944
paths/path_fold4_20231018_040011.png,fold4,4,2023-10-18T04:00:11.429000+00:00,28520.254999999997,28505.004999999997,28520.094834259122,28519.010768834953,28520.438228051247,28490.004999999997,28520.11613651641,28521.89094283216,28521.596272466657,28500.535,28512.09641690643,28507.70037260855,28520.356860099397
paths/path_fold4_20231018_120000.png,fold4,12,2023-10-18T12:00:00.367000+00:00,28340.245000000003,28358.475,28342.74646123455,28341.723531811353,28340.158166237463,28363.445,28351.685148872526,28349.975376367893,28340.10253158836,28370.004999999997,28342.603156412013,28344.851851918324,28340.23603256414
paths/path_fold4_20231018_200001.png,fold4,20,2023-10-18T20:00:01.113000+00:00,28251.364999999998,28224.075,28259.02627531896,28270.42676183396,28252.03139292933,28244.525,28257.63971816944,28249.667229666094,28251.512631878788,28264.934999999998,28262.329147911532,28281.726033851788,28252.129476417682
paths/path_fold4_20231019_040040.png,fold4,4,2023-10-19T04:00:40.428000+00:00,28256.184999999998,28252.425,28254.979924770447,28249.027685886846,28256.006222440035,28257.715,28256.861135390194,28250.577464816935,28256.151209929845,28254.835,28254.07867078656,28244.937769621498,28255.93980152534
paths/path_fold4_20231019_120000.png,fold4,12,2023-10-19T12:00:00.287000+00:00,28450.975,28461.965,28446.777112830412,28448.038918770202,28451.139900259786,28469.995000000003,28446.115183162867,28432.988362298503,28451.153307964956,28470.015,28449.400338019015,28455.761866124394,28450.962149958334
paths/path_fold4_20231019_200001.png,fold4,20,2023-10-19T20:00:01.737000+00:00,28753.625,28740.055,28743.396449766235,28731.948525669777,28754.01317212854,28752.754999999997,28748.598584601128,28747.587627953773,28753.786376587857,28757.705,28745.164942553147,28730.831047603126,28753.275754907005
paths/path_fold5_20231020_040001.png,fold5,4,2023-10-20T04:00:01.161000+00:00,29240.004999999997,29240.364999999998,29238.13308625076,29223.62411250364,29240.856221568967,29270.325,29228.30231938295,29205.365580998885,29239.311082866912,29280.114999999998,29243.948986354146,29243.64504366552,29212.867338678523
paths/path_fold5_20231020_120002.png,fold5,12,2023-10-20T12:00:02.037000+00:00,29843.175,29862.295,29837.22533987703,29837.21447018015,29843.121563411125,29866.305,29816.109121805115,29821.13375141151,29845.206603157458,29879.995000000003,29834.773059098712,29877.761171497204,29828.30342955424
paths/path_fold5_20231020_200000.png,fold5,20,2023-10-20T20:00:00.709000+00:00,29560.655,29530.265,29562.270752946788,29527.338392749058,29560.402085453883,29518.315000000002,29564.064347244035,29528.47443183262,29558.913881543427,29535.254999999997,29553.290846525968,29525.74654851619,29575.789365623586
paths/path_fold5_20231021_040119.png,fold5,4,2023-10-21T04:01:19.129000+00:00,29605.295,29605.995000000003,29604.632455511633,29594.820604788067,29605.839139695658,29605.995000000003,29605.843630876025,29606.685229493538,29606.25519909248,29605.995000000003,29605.4536157056,29589.3822549832,29610.98060750999
paths/path_fold5_20231021_120002.png,fold5,12,2023-10-21T12:00:02.049000+00:00,29808.495000000003,29816.735,29805.275998416022,29806.506776134633,29808.708218229345,29814.035,29800.555319419796,29801.07582268459,29808.798675440976,29799.105,29808.972456959917,29816.96643066834,29809.248475715187
paths/path_fold5_20231021_200001.png,fold5,20,2023-10-21T20:00:01.871000+00:00,30148.765,30145.184999999998,30143.201476087695,30145.066836464892,30148.985074707907,30137.285,30141.590210646475,30138.340289627882,30149.810172625723,30125.004999999997,30136.304662150913,30125.718543695944,30160.525754882085
