order,candidate,columns,group,MedianGain_vs_S,WinRate,P10Gain,WorstGain,MedianGain_vs_base,MedianGain_vs_E0,gain_standalone_E0,decision,eps,size_S_after,rmse_cells,gain_cells_vs_S,exp_id
1,vwap_amt_gap_2,vwap_amt_gap_2,A,0.035861665061176495,0.6,-0.23206560262147846,-0.32861954372855884,0.035861665061176495,-0.07566540258323595,,KEEP,0.10390277810907741,96,"[[73.4735, 102.4884, 125.8114], [47.7117, 68.3227, 82.3019], [77.6499, 109.0208, 133.8699], [46.0551, 65.859, 80.7019], [25.2254, 35.6746, 43.248]]","[[-0.2042, 0.0378, -0.0882], [-0.0057, 0.132, 0.0359], [0.2912, 0.175, 0.1952], [-0.2506, -0.1692, -0.3286], [0.0308, 0.0518, 0.2436]]",20260904_235459_loop_lstm_vwap_amt_gap_2
2,vwap_amt_gap_3,vwap_amt_gap_3,A,-0.037256066351543105,0.4,-0.2537718383107235,-0.29714991432405746,-0.015026490171732299,-0.03320017054972979,,KEEP,0.10390277810907741,97,"[[73.3589, 102.6958, 126.1852], [47.7116, 68.3779, 82.1944], [77.6788, 109.3288, 134.1519], [46.0378, 65.8727, 80.4706], [25.235, 35.666, 43.3373]]","[[0.1559, -0.2023, -0.2971], [0.0004, -0.0809, 0.1306], [-0.0373, -0.2825, -0.2107], [0.0377, -0.0207, 0.2865], [-0.0382, 0.0241, -0.2066]]",20260904_235519_loop_lstm_vwap_amt_gap_3
3,vwap_amt_gap_4,vwap_amt_gap_4,A,0.10550106076596677,0.6666666666666666,-0.0747429598579119,-0.22994929774178274,0.07007458301994118,0.005168709745562161,,KEEP,0.10390277810907741,98,"[[73.4184, 102.5831, 126.0608], [47.659, 68.2788, 82.1928], [77.5817, 108.8255, 133.658], [45.9892, 65.9156, 80.6557], [25.2378, 35.6681, 43.2838]]","[[-0.0811, 0.1097, 0.0986], [0.1101, 0.145, 0.002], [0.125, 0.4604, 0.3681], [0.1055, -0.0652, -0.2299], [-0.0111, -0.0058, 0.1235]]",20260904_235539_loop_lstm_vwap_amt_gap_4
4,vwap_amt_gap_5,vwap_amt_gap_5,A,-0.018922086896910884,0.3333333333333333,-0.28457231192729804,-0.4061997096991732,0.02688173556704143,-0.11409123511325614,,KEEP,0.10390277810907741,99,"[[73.2099, 102.4294, 125.8289], [47.7211, 68.4283, 82.2961], [77.7526, 109.2675, 134.0957], [46.0016, 65.9281, 80.659], [25.2246, 35.6653, 43.2872]]","[[0.284, 0.1498, 0.1839], [-0.1303, -0.219, -0.1257], [-0.2203, -0.4062, -0.3274], [-0.0269, -0.0189, -0.0042], [0.0522, 0.0077, -0.0078]]",20260904_235559_loop_lstm_vwap_amt_gap_5
5,vwap_amt_gap_8,vwap_amt_gap_8,A,-0.044581294983614406,0.4666666666666667,-0.16358375534215597,-0.1763045701436594,0.004648996604017519,-0.18630502491183698,,KEEP,0.10390277810907741,100,"[[73.3203, 102.3609, 125.6667], [47.6747, 68.3674, 82.2927], [77.7143, 109.1413, 134.3321], [46.0221, 66.0007, 80.7785], [25.2436, 35.7257, 43.3543]]","[[-0.1508, 0.0669, 0.129], [0.0972, 0.089, 0.0042], [0.0492, 0.1155, -0.1763], [-0.0446, -0.1102, -0.1481], [-0.0752, -0.1692, -0.1551]]",20260904_235619_loop_lstm_vwap_amt_gap_8
6,vwap_amt_gap_10,vwap_amt_gap_10,A,-0.1332374586100027,0.2,-0.18670003519372091,-0.24342131717616233,-0.10775615921796433,-0.3194795214690682,,DROP,0.10390277810907741,100,"[[73.4028, 102.5353, 125.9726], [47.7538, 68.4988, 82.4368], [77.7865, 109.208, 134.5111], [46.1042, 66.0979, 80.8245], [25.2288, 35.6693, 43.275]]","[[-0.1124, -0.1704, -0.2434], [-0.1658, -0.1922, -0.1751], [-0.0929, -0.0611, -0.1332], [-0.1784, -0.1472, -0.057], [0.0588, 0.1579, 0.1829]]",20260904_235639_loop_lstm_vwap_amt_gap_10
7,ret_1,ret_1,B,-0.08977947715924639,0.2,-0.20555386416642119,-0.2168092763519036,-0.05601163255142261,-0.29425963374700714,,KEEP,0.10390277810907741,101,"[[73.3209, 102.3791, 125.9245], [47.7429, 68.4513, 82.3913], [77.7841, 109.1635, 134.4113], [46.1219, 66.1365, 80.8671], [25.2307, 35.6707, 43.2849]]","[[-0.0008, -0.0178, -0.2052], [-0.143, -0.1227, -0.1199], [-0.0898, -0.0203, -0.059], [-0.2168, -0.2058, -0.1097], [0.0513, 0.1538, 0.1601]]",20260904_235700_loop_lstm_ret_1
8,ret_2,ret_2,B,0.06911201834068903,0.6666666666666666,-0.14160379668539225,-0.23648092661199271,-0.07466246421337086,-0.07130548014304683,,KEEP,0.10390277810907741,102,"[[73.3939, 102.5028, 125.7944], [47.7312, 68.404, 82.2895], [77.617, 109.0925, 133.9834], [46.0136, 65.9069, 80.5776], [25.2637, 35.7238, 43.3873]]","[[-0.0996, -0.1208, 0.1033], [0.0245, 0.0691, 0.1236], [0.2148, 0.0651, 0.3184], [0.2348, 0.3472, 0.358], [-0.131, -0.1487, -0.2365]]",20260904_235720_loop_lstm_ret_2
9,ret_3,ret_3,B,0.09853415058682646,0.7333333333333333,-0.10379282569548563,-0.17069106247200594,0.062139832936736195,-0.08351091781921838,,KEEP,0.10390277810907741,103,"[[73.2624, 102.2907, 125.4028], [47.6829, 68.4123, 82.2703], [77.7495, 109.2459, 134.0483], [46.0022, 65.7996, 80.4982], [25.2439, 35.6709, 43.3263]]","[[0.1793, 0.2069, 0.3113], [0.1012, -0.0122, 0.0234], [-0.1707, -0.1407, -0.0485], [0.0247, 0.1628, 0.0985], [0.0783, 0.148, 0.1406]]",20260904_235741_loop_lstm_ret_3
10,ret_4,ret_4,B,-0.03348907842402049,0.3333333333333333,-0.2555492851144381,-0.4632529967551591,-0.017690375661727487,0.008148784137573806,,KEEP,0.10390277810907741,104,"[[73.3234, 102.6579, 125.9838], [47.6996, 68.2687, 82.1527], [77.6835, 109.3311, 134.183], [45.9818, 65.8191, 80.4463], [25.2524, 35.6994, 43.3349]]","[[-0.0833, -0.359, -0.4633], [-0.035, 0.21, 0.1429], [0.0848, -0.0779, -0.1004], [0.0444, -0.0296, 0.0644], [-0.0335, -0.0799, -0.02]]",20260904_235801_loop_lstm_ret_4
11,ret_5,ret_5,B,-0.07123893322147357,0.26666666666666666,-0.2883484406183401,-0.3326606891886019,-0.09099608947200633,-0.15823976683253527,,KEEP,0.10390277810907741,105,"[[73.2704, 102.4371, 125.9077], [47.7336, 68.4958, 82.2309], [77.8839, 109.4217, 134.305], [45.9928, 65.9255, 80.6946], [25.2561, 35.6971, 43.3514]]","[[0.0722, 0.2151, 0.0604], [-0.0712, -0.3327, -0.0952], [-0.258, -0.0829, -0.091], [-0.0239, -0.1616, -0.3086], [-0.0147, 0.0065, -0.0381]]",20260904_235822_loop_lstm_ret_5
12,ret_8,ret_8,B,-0.07105753892531208,0.26666666666666666,-0.2267904575645785,-0.2602486773243262,-0.12575752125918438,-0.32122705505266413,,KEEP,0.10390277810907741,106,"[[73.3367, 102.5621, 125.9799], [47.7655, 68.5444, 82.435], [77.7605, 109.3625, 134.4114], [46.0824, 65.9797, 80.9046], [25.2331, 35.708, 43.33]]","[[-0.0905, -0.122, -0.0574], [-0.067, -0.0711, -0.2482], [0.1584, 0.0541, -0.0792], [-0.1947, -0.0822, -0.2602], [0.091, -0.0306, 0.0495]]",20260904_235842_loop_lstm_ret_8
13,ret_10,ret_10,B,0.1495879686165047,0.9333333333333333,0.027158666629787394,-0.09116806098989905,0.018822306433408098,-0.07223124116157997,,KEEP,0.10390277810907741,107,"[[73.2994, 102.4349, 125.7178], [47.7363, 68.4001, 82.3117], [77.6324, 108.9985, 134.0892], [45.9998, 65.9175, 80.6998], [25.2561, 35.704, 43.2932]]","[[0.0509, 0.124, 0.2081], [0.0613, 0.2106, 0.1496], [0.1647, 0.3328, 0.2397], [0.1791, 0.0942, 0.2531], [-0.0912, 0.0113, 0.0849]]",20260904_235903_loop_lstm_ret_10
14,ret_15,ret_15,B,-0.06022127420772794,0.4666666666666667,-0.32672126732234297,-0.4205501930439226,-0.06781944976379517,0.0003976193231891578,,KEEP,0.10390277810907741,108,"[[73.3735, 102.6267, 126.0472], [47.7008, 68.334, 82.1102], [77.7928, 109.4017, 134.6531], [46.0275, 65.8697, 80.5334], [25.2178, 35.6702, 43.3246]]","[[-0.1011, -0.1872, -0.262], [0.0744, 0.0966, 0.2448], [-0.2065, -0.3699, -0.4206], [-0.0602, 0.0726, 0.2062], [0.1517, 0.0947, -0.0725]]",20260904_235925_loop_lstm_ret_15
15,log_rv2_rv60,log_rv2_rv60,C,-0.10261199208319027,0.3333333333333333,-0.21781231570324522,-0.28646234899862844,-0.09354123180109752,-0.18168841016521498,,KEEP,0.10390277810907741,109,"[[73.4028, 102.6117, 126.1017], [47.7567, 68.477, 82.3454], [77.7582, 109.1917, 133.9715], [46.0198, 65.9716, 80.7135], [25.2443, 35.7348, 43.369]]","[[-0.04, 0.0145, -0.0432], [-0.1172, -0.2091, -0.2865], [0.0445, 0.1919, 0.5062], [0.0169, -0.1548, -0.2236], [-0.105, -0.1811, -0.1026]]",20260904_235946_loop_lstm_log_rv2_rv60
16,log_rv3_rv60,log_rv3_rv60,C,0.08391383073510505,0.6666666666666666,-0.07988179922810978,-0.32984677725973466,-0.07257473709327833,-0.15641805316120028,,KEEP,0.10390277810907741,110,"[[73.2814, 102.2429, 125.6504], [47.7781, 68.4863, 82.4304], [77.7228, 109.1661, 134.4134], [45.9812, 65.8138, 80.4959], [25.2534, 35.6541, 43.2838]]","[[0.1655, 0.3594, 0.3579], [-0.0449, -0.0137, -0.1032], [0.0455, 0.0234, -0.3298], [0.0839, 0.2392, 0.2696], [-0.0361, 0.2257, 0.1965]]",20260905_000007_loop_lstm_log_rv3_rv60
17,log_rv4_rv60,log_rv4_rv60,C,-0.006360607450273115,0.4666666666666667,-0.1898491698427529,-0.36492072050324786,-0.02284338237261707,-0.059280948841577974,,KEEP,0.10390277810907741,111,"[[73.2712, 102.616, 125.7445], [47.707, 68.4907, 82.3094], [77.7332, 109.2169, 133.8252], [45.962, 65.8193, 80.4559], [25.252, 35.7338, 43.344]]","[[0.0138, -0.3649, -0.0749], [0.1487, -0.0064, 0.1467], [-0.0134, -0.0465, 0.4376], [0.0416, -0.0083, 0.0497], [0.0058, -0.2236, -0.1392]]",20260905_000028_loop_lstm_log_rv4_rv60
18,log_rv5_rv60,log_rv5_rv60,C,0.01872605169638275,0.5333333333333333,-0.13983665695452174,-0.2412632785994795,-0.048332542309026394,-0.0700462022474202,,KEEP,0.10390277810907741,112,"[[73.3861, 102.5812, 125.8553], [47.7298, 68.4648, 82.3713], [77.7069, 109.0147, 134.1481], [45.9935, 65.807, 80.548], [25.2339, 35.6888, 43.3033]]","[[-0.1568, 0.0339, -0.0881], [-0.0478, 0.0378, -0.0751], [0.0339, 0.1852, -0.2413], [-0.0684, 0.0187, -0.1144], [0.0714, 0.1261, 0.0941]]",20260905_000048_loop_lstm_log_rv5_rv60
19,log_rv8_rv60,log_rv8_rv60,C,-0.04563086492515023,0.3333333333333333,-0.1828916344796383,-0.5126783437860327,-0.06974124543739357,-0.18551324203097685,,KEEP,0.10390277810907741,113,"[[73.2355, 102.4157, 125.6704], [47.7423, 68.5323, 82.3633], [77.7985, 109.5736, 134.4516], [46.02, 65.837, 80.534], [25.251, 35.6986, 43.3282]]","[[0.2053, 0.1614, 0.1469], [-0.0261, -0.0987, 0.0096], [-0.1179, -0.5127, -0.2262], [-0.0578, -0.0456, 0.0174], [-0.0675, -0.0277, -0.0576]]",20260905_000109_loop_lstm_log_rv8_rv60
20,log_rv10_rv60,log_rv10_rv60,C,0.009594560892833837,0.6,-0.1938567370177191,-0.4839700581795059,-0.03223947608808064,-0.05338252246236408,,KEEP,0.10390277810907741,114,"[[73.3402, 102.6489, 126.2786], [47.724, 68.5076, 82.358], [77.703, 108.9759, 133.8757], [45.9795, 65.9006, 80.6101], [25.2471, 35.6952, 43.3413]]","[[-0.143, -0.2278, -0.484], [0.0384, 0.0362, 0.0065], [0.1227, 0.5455, 0.4283], [0.0881, -0.0966, -0.0945], [0.0153, 0.0096, -0.0302]]",20260905_000131_loop_lstm_log_rv10_rv60
21,log_rv15_rv60,log_rv15_rv60,C,-0.0173697706008058,0.3333333333333333,-0.10854132395273108,-0.2904700137863703,-0.008283408051523722,-0.1336956931434541,,KEEP,0.10390277810907741,115,"[[73.2892, 102.3507, 125.2405], [47.7439, 68.4466, 82.4657], [77.7615, 108.9556, 133.9021], [46.0132, 66.092, 80.6441], [25.2515, 35.696, 43.3453]]","[[0.0695, 0.2906, 0.8221], [-0.0417, 0.089, -0.1307], [-0.0753, 0.0186, -0.0197], [-0.0734, -0.2905, -0.0421], [-0.0174, -0.0023, -0.0093]]",20260905_000152_loop_lstm_log_rv15_rv60
22,log_c_ema2,log_c_ema2,D,-0.009940870827107595,0.4,-0.22925047382817973,-0.5446926004326835,-0.06338623904260654,-0.10546472994137357,,KEEP,0.10390277810907741,116,"[[73.3661, 102.3997, 125.9227], [47.7393, 68.3591, 82.2415], [77.8049, 109.2852, 134.062], [45.9728, 65.8251, 80.6521], [25.2509, 35.7313, 43.3456]]","[[-0.1049, -0.0479, -0.5447], [0.0096, 0.1278, 0.2719], [-0.0558, -0.3025, -0.1194], [0.0879, 0.4039, -0.0099], [0.0024, -0.0987, -0.0006]]",20260905_000213_loop_lstm_log_c_ema2
23,log_c_ema3,log_c_ema3,D,0.04235326783638138,0.6666666666666666,-0.05852940857384414,-0.11899938181905156,-0.021006125062639214,-0.035243543910579156,,KEEP,0.10390277810907741,117,"[[73.2877, 102.5216, 125.7896], [47.719, 68.3734, 82.2048], [77.7395, 109.2052, 134.1741], [45.9809, 65.834, 80.4838], [25.2438, 35.7125, 43.3323]]","[[0.1068, -0.119, 0.1057], [0.0424, -0.0209, 0.0446], [0.084, 0.0732, -0.0836], [-0.0177, -0.0135, 0.2086], [0.0282, 0.0526, 0.0305]]",20260905_000235_loop_lstm_log_c_ema3
24,log_c_ema4,log_c_ema4,D,-0.07720247917675227,0.3333333333333333,-0.21579469325220035,-0.29665238475482525,-0.07516031195300421,-0.14342697306422014,,KEEP,0.10390277810907741,118,"[[73.1938, 102.3935, 125.8591], [47.7079, 68.4644, 82.3529], [77.852, 109.3252, 134.5721], [45.9467, 65.8848, 80.6766], [25.2378, 35.7392, 43.3965]]","[[0.1282, 0.1249, -0.0552], [0.0233, -0.133, -0.1802], [-0.1446, -0.1099, -0.2967], [0.0744, -0.0772, -0.2396], [0.0238, -0.075, -0.1482]]",20260905_000256_loop_lstm_log_c_ema4
25,log_c_ema5,log_c_ema5,D,-0.00225729594882651,0.4666666666666667,-0.26565640839004256,-0.327227872889746,-0.039303743913765565,-0.14696980470296772,,KEEP,0.10390277810907741,119,"[[73.3434, 102.7073, 126.2709], [47.7378, 68.4659, 82.2964], [77.6369, 109.1906, 133.939], [46.0023, 65.9049, 80.5883], [25.2431, 35.6687, 43.3273]]","[[-0.2044, -0.3065, -0.3272], [-0.0626, -0.0023, 0.0686], [0.2763, 0.1231, 0.4704], [-0.1211, -0.0306, 0.1095], [-0.0209, 0.1975, 0.1595]]",20260905_000318_loop_lstm_log_c_ema5
26,log_c_ema8,log_c_ema8,D,0.024921516238085584,0.6,-0.0514317856207036,-0.17162842084263996,0.033399306489190206,-0.09961660075819001,,KEEP,0.10390277810907741,120,"[[73.2777, 102.7157, 125.9181], [47.751, 68.3721, 82.2353], [77.7701, 109.1754, 133.848], [46.0333, 65.9117, 80.5932], [25.2368, 35.658, 43.2801]]","[[0.0895, -0.0082, 0.2794], [-0.0276, 0.137, 0.0742], [-0.1716, 0.0139, 0.068], [-0.0673, -0.0102, -0.0061], [0.0249, 0.0298, 0.109]]",20260905_000340_loop_lstm_log_c_ema8
27,log_c_ema10,log_c_ema10,D,-0.0048531286155117925,0.4666666666666667,-0.14812789879405486,-0.2515137901335285,-0.019226258714932776,-0.12332763881859332,,KEEP,0.10390277810907741,121,"[[73.1865, 102.2858, 125.6177], [47.7854, 68.4425, 82.1958], [77.7751, 109.0364, 133.9986], [45.9915, 65.9934, 80.5233], [25.238, 35.7166, 43.3889]]","[[0.1245, 0.4185, 0.2386], [-0.0722, -0.103, 0.048], [-0.0064, 0.1273, -0.1125], [0.0909, -0.1241, 0.0867], [-0.0049, -0.1642, -0.2515]]",20260905_000403_loop_lstm_log_c_ema10
28,log_c_ema15,log_c_ema15,D,-0.01753264360828677,0.4666666666666667,-0.1941351287753479,-0.2779621598758997,-0.0328822613174129,-0.09197009708841186,,KEEP,0.10390277810907741,122,"[[73.2811, 102.5701, 125.7177], [47.7316, 68.4181, 82.3585], [77.6862, 109.2419, 134.2224], [45.9995, 65.9269, 80.5937], [25.2299, 35.6726, 43.3819]]","[[-0.1293, -0.278, -0.0796], [0.1127, 0.0357, -0.198], [0.1144, -0.1884, -0.167], [-0.0175, 0.1008, -0.0875], [0.0322, 0.1231, 0.0163]]",20260905_000424_loop_lstm_log_c_ema15
29,log_ema2_ema5,log_ema2_ema5,D,-0.04796819532706387,0.26666666666666666,-0.09835352420612065,-0.5382434271576919,-0.10419338438101278,-0.14921788003632308,,KEEP,0.10390277810907741,123,"[[73.3491, 102.6448, 126.3944], [47.7673, 68.4572, 82.4426], [77.7142, 109.3257, 133.9771], [46.0159, 65.8976, 80.5897], [25.242, 35.688, 43.3651]]","[[-0.0927, -0.0728, -0.5382], [-0.0748, -0.0572, -0.1021], [-0.0361, -0.0768, 0.1827], [-0.0355, 0.0445, 0.0051], [-0.048, -0.0431, 0.0387]]",20260905_000446_loop_lstm_log_ema2_ema5
30,log_ema2_ema8,log_ema2_ema8,D,0.02547525895060243,0.8,-0.008881938831741818,-0.10482714212314281,-0.04770756068650517,-0.10223205268931057,,KEEP,0.10390277810907741,124,"[[73.3587, 102.4244, 125.7999], [47.7654, 68.4481, 82.4091], [77.6982, 109.0347, 133.664], [45.9818, 65.9667, 80.5916], [25.2356, 35.6483, 43.3597]]","[[-0.0132, 0.2147, 0.4703], [0.004, 0.0133, 0.0407], [0.0205, 0.2662, 0.2337], [0.0741, -0.1048, -0.0025], [0.0255, 0.1114, 0.0124]]",20260905_000508_loop_lstm_log_ema2_ema8
31,log_ema3_ema10,log_ema3_ema10,D,-0.04618347588376537,0.4,-0.28473139763317334,-0.46118522335107937,-0.10644570573667966,-0.17853200302249128,,KEEP,0.10390277810907741,125,"[[73.3465, 102.4606, 126.0909], [47.7649, 68.4108, 82.4744], [77.9275, 109.3282, 134.2804], [46.0168, 65.8144, 80.5604], [25.2472, 35.7352, 43.321]]","[[0.0167, -0.0353, -0.2313], [0.001, 0.0545, -0.0793], [-0.2951, -0.2692, -0.4612], [-0.0762, 0.2308, 0.0388], [-0.0462, -0.2439, 0.0892]]",20260905_000530_loop_lstm_log_ema3_ema10
32,log_ema4_ema10,log_ema4_ema10,D,0.08276866566627739,0.7333333333333333,-0.09607595457636008,-0.18977702754165993,0.006367433306708747,-0.07808286244916918,,KEEP,0.10390277810907741,126,"[[73.1914, 102.1724, 125.5488], [47.7453, 68.4086, 82.3042], [77.5994, 108.8804, 133.8881], [45.9966, 65.9032, 80.5737], [25.2568, 35.7056, 43.4032]]","[[0.2114, 0.2812, 0.4299], [0.041, 0.0032, 0.2064], [0.4211, 0.4095, 0.2922], [0.0439, -0.1348, -0.0165], [-0.038, 0.0828, -0.1898]]",20260905_000552_loop_lstm_log_ema4_ema10
33,log_ema5_ema15,log_ema5_ema15,D,-0.03093214822658119,0.4666666666666667,-0.12728188711502053,-0.348339385854457,0.04990015333807829,0.0016833108237745975,,KEEP,0.10390277810907741,127,"[[73.2144, 102.2774, 125.6378], [47.675, 68.2982, 82.1272], [77.7109, 109.2597, 133.9295], [45.9739, 65.9506, 80.5504], [25.2522, 35.7323, 43.3596]]","[[-0.0315, -0.1028, -0.0709], [0.1472, 0.1614, 0.215], [-0.1436, -0.3483, -0.0309], [0.0494, -0.072, 0.0288], [0.0182, -0.0747, 0.1007]]",20260905_000614_loop_lstm_log_ema5_ema15
34,rsi1_centered,rsi1_centered,E,-0.024672572389072833,0.3333333333333333,-0.12498410145302064,-0.15009238984913242,0.03947880099155476,-0.10455671021323276,,KEEP,0.10390277810907741,128,"[[73.2948, 102.4014, 125.5923], [47.7018, 68.3696, 82.2505], [77.6701, 109.0523, 133.9604], [45.9904, 65.9262, 80.6531], [25.254, 35.6988, 43.3702]]","[[-0.1098, -0.1212, 0.0362], [-0.0562, -0.1046, -0.1501], [0.0525, 0.1899, -0.0231], [-0.036, 0.037, -0.1275], [-0.0069, 0.0937, -0.0247]]",20260905_000637_loop_lstm_rsi1_centered
35,rsi2_centered,rsi2_centered,E,-0.09468271151757968,0.26666666666666666,-0.20663100214735053,-0.24584883574938488,-0.04892044257809314,-0.14190474771422767,,KEEP,0.10390277810907741,129,"[[73.3221, 102.5774, 125.9011], [47.6993, 68.4522, 82.4395], [77.7487, 109.1825, 134.0876], [46.034, 65.8623, 80.5629], [25.2575, 35.6937, 43.3737]]","[[-0.0373, -0.1718, -0.2458], [0.0052, -0.1208, -0.2298], [-0.1012, -0.1194, -0.0949], [-0.0947, 0.097, 0.1119], [-0.0141, 0.0143, -0.0079]]",20260905_000659_loop_lstm_rsi2_centered
36,rsi3_centered,rsi3_centered,E,0.01937886671971034,0.6,-0.0889635160434743,-0.20867034051077482,-0.06753279447999638,-0.14202202221158533,,KEEP,0.10390277810907741,130,"[[73.2874, 102.5965, 126.1638], [47.7532, 68.4595, 82.2663], [77.7142, 109.1572, 133.8844], [46.0072, 65.8542, 80.5685], [25.2515, 35.7127, 43.3653]]","[[0.0474, -0.0186, -0.2087], [-0.1128, -0.0106, 0.2102], [0.0443, 0.0231, 0.1515], [0.0582, 0.0122, -0.007], [0.0239, -0.0532, 0.0194]]",20260905_000721_loop_lstm_rsi3_centered
37,rsi4_centered,rsi4_centered,E,-0.011338873321498077,0.4,-0.10018633105883801,-0.26600013968547387,-0.0439611646529503,-0.08347882422810038,,KEEP,0.10390277810907741,131,"[[73.3529, 102.6456, 126.1083], [47.73, 68.3541, 82.2712], [77.6902, 109.1696, 134.2406], [46.0162, 65.9249, 80.6031], [25.263, 35.7052, 43.3299]]","[[-0.0894, -0.0479, 0.044], [0.0485, 0.1539, -0.006], [0.0309, -0.0113, -0.266], [-0.0196, -0.1074, -0.0429], [-0.0458, 0.0211, 0.0816]]",20260905_000744_loop_lstm_rsi4_centered
38,rsi5_centered,rsi5_centered,E,0.06766167032581372,0.6,-0.0810847520933855,-0.09744506056568181,-0.005529534806236747,-0.0805311689517696,,KEEP,0.10390277810907741,132,"[[73.2787, 102.4755, 125.7145], [47.7419, 68.419, 82.312], [77.7659, 109.0957, 134.0982], [45.9511, 65.8282, 80.5764], [25.2333, 35.7265, 43.356]]","[[0.101, 0.1657, 0.3123], [-0.0249, -0.095, -0.0496], [-0.0974, 0.0677, 0.106], [0.1413, 0.1467, 0.0331], [0.1178, -0.0599, -0.0602]]",20260905_000806_loop_lstm_rsi5_centered
39,rsi8_centered,rsi8_centered,E,-0.009316096388789497,0.4666666666666667,-0.2824808043469673,-0.5002860988172264,-0.03859628042026664,-0.12329720453956305,,KEEP,0.10390277810907741,133,"[[73.2258, 102.3042, 126.0063], [47.7393, 68.4395, 82.2226], [77.7231, 109.0634, 134.1107], [46.0394, 66.1575, 80.831], [25.2612, 35.7068, 43.3648]]","[[0.0722, 0.1672, -0.2321], [0.0055, -0.0299, 0.1086], [0.055, 0.0296, -0.0093], [-0.192, -0.5003, -0.316], [-0.1108, 0.0552, -0.0204]]",20260905_000829_loop_lstm_rsi8_centered
40,rsi10_centered,rsi10_centered,E,0.007251476662761824,0.5333333333333333,-0.15199493589868052,-0.16735032696995056,-0.020629685602413517,-0.20608773269483738,,KEEP,0.10390277810907741,134,"[[73.2446, 102.2967, 125.8502], [47.7393, 68.4235, 82.3485], [77.7272, 109.2274, 134.159], [46.0295, 65.9783, 80.8059], [25.2522, 35.6917, 43.4374]]","[[-0.0257, 0.0073, 0.1239], [-0.0001, 0.0235, -0.1531], [-0.0053, -0.1503, -0.036], [0.0215, 0.2709, 0.0311], [0.0357, 0.0425, -0.1674]]",20260905_000851_loop_lstm_rsi10_centered
41,rsi15_centered,rsi15_centered,E,0.03778539079145604,0.5333333333333333,-0.21176424634940183,-0.3295102770153102,-0.060211956032785174,-0.04759497773554333,,KEEP,0.10390277810907741,135,"[[73.3931, 102.6338, 126.1061], [47.7213, 68.3834, 82.2108], [77.8962, 109.0786, 134.2125], [45.9515, 65.8184, 80.4816], [25.269, 35.7189, 43.3891]]","[[-0.2027, -0.3295, -0.2033], [0.0378, 0.0586, 0.1671], [-0.2174, 0.1362, -0.0398], [0.1694, 0.2423, 0.4014], [-0.0664, -0.0761, 0.1112]]",20260905_000915_loop_lstm_rsi15_centered
42,bb_pctb_2,bb_pctb_2,F,0.026188955036809958,0.5333333333333333,-0.13553097100414302,-0.2963500748492498,0.006006992536977673,-0.08776581415421703,,KEEP,0.10390277810907741,136,"[[73.2437, 102.2362, 125.4645], [47.7088, 68.4089, 82.2217], [77.7672, 109.2227, 133.9651], [45.98, 65.9091, 80.7201], [25.2589, 35.719, 43.3325]]","[[0.2036, 0.3875, 0.5088], [0.0262, -0.0373, -0.0133], [0.1656, -0.1321, 0.1844], [-0.0621, -0.1378, -0.2964], [0.0398, -0.0004, 0.1303]]",20260905_000938_loop_lstm_bb_pctb_2
43,bb_pctb_3,bb_pctb_3,F,-0.09168301575581683,0.3333333333333333,-0.411483833085704,-0.4368870125948554,-0.1114213674769271,-0.1306814992925176,,KEEP,0.10390277810907741,137,"[[73.228, 102.6414, 125.9934], [47.7189, 68.408, 82.257], [77.9532, 109.4518, 134.5503], [46.0222, 65.8506, 80.5352], [25.2837, 35.7159, 43.3839]]","[[0.0214, -0.3964, -0.4215], [-0.0213, 0.0013, -0.0429], [-0.2392, -0.2097, -0.4369], [-0.0917, 0.0888, 0.229], [-0.0979, 0.0087, -0.1186]]",20260905_001001_loop_lstm_bb_pctb_3
44,bb_pctb_4,bb_pctb_4,F,0.033466781353364006,0.7333333333333333,-0.09304417149612831,-0.10381563199428623,0.04434590232648139,-0.07632978880014463,,KEEP,0.10390277810907741,138,"[[73.2142, 102.3585, 125.5973], [47.717, 68.3826, 82.2349], [77.7715, 109.14, 134.0313], [46.0068, 65.919, 80.6048], [25.2677, 35.7286, 43.4262]]","[[0.0188, 0.2757, 0.3144], [0.004, 0.037, 0.0269], [0.2332, 0.2848, 0.3857], [0.0335, -0.1038, -0.0864], [0.063, -0.0355, -0.0975]]",20260905_001023_loop_lstm_bb_pctb_4
45,bb_pctb_5,bb_pctb_5,F,-0.020396318047333217,0.4,-0.36352289541173644,-0.6617356597262258,-0.08635741575653277,-0.09801054304101608,,KEEP,0.10390277810907741,139,"[[73.4322, 102.7755, 126.4284], [47.7502, 68.5337, 82.4508], [77.705, 109.278, 134.0587], [45.9616, 65.7733, 80.4945], [25.2687, 35.7226, 43.4083]]","[[-0.2977, -0.4074, -0.6617], [-0.0696, -0.221, -0.2626], [0.0854, -0.1264, -0.0204], [0.0982, 0.221, 0.1368], [-0.0039, 0.0167, 0.0413]]",20260905_001046_loop_lstm_bb_pctb_5
46,bb_pctb_8,bb_pctb_8,F,0.008940973270898933,0.6,-0.12284831057207235,-0.2036577773369519,-0.11652448478691735,-0.15143632847667288,,KEEP,0.10390277810907741,140,"[[73.3726, 102.6551, 126.2683], [47.7467, 68.5184, 82.4746], [77.8633, 109.252, 133.8674], [45.9768, 65.8701, 80.564], [25.2746, 35.7194, 43.4041]]","[[0.0811, 0.1172, 0.1266], [0.0073, 0.0223, -0.029], [-0.2037, 0.0238, 0.1427], [-0.0332, -0.1472, -0.0864], [-0.0233, 0.0089, 0.0097]]",20260905_001109_loop_lstm_bb_pctb_8
47,bb_pctb_10,bb_pctb_10,F,0.012428431220123937,0.6,-0.18095491996933163,-0.3607703308460719,-0.13127541632989015,-0.15400824837368265,,KEEP,0.10390277810907741,141,"[[73.3042, 102.615, 126.1533], [47.7523, 68.5099, 82.4646], [77.8318, 109.5292, 134.3503], [46.0003, 65.8963, 80.6219], [25.25, 35.7134, 43.3376]]","[[0.0933, 0.039, 0.0911], [-0.0118, 0.0124, 0.0122], [0.0404, -0.2537, -0.3608], [-0.0511, -0.0398, -0.0718], [0.0973, 0.0169, 0.1532]]",20260905_001133_loop_lstm_bb_pctb_10
48,bb_pctb_15,bb_pctb_15,F,0.002453805580915347,0.5333333333333333,-0.1348694619626567,-0.21065218654212625,-0.09387015126527398,-0.17840510334823367,,KEEP,0.10390277810907741,142,"[[73.2005, 102.3742, 125.6651], [47.7512, 68.4772, 82.4393], [77.8623, 109.2223, 133.7565], [46.0409, 66.0351, 80.7105], [25.2612, 35.7524, 43.4032]]","[[0.1413, 0.2347, 0.387], [0.0025, 0.0478, 0.0306], [-0.0391, 0.2802, 0.442], [-0.0883, -0.2107, -0.11], [-0.0445, -0.1093, -0.1515]]",20260905_001156_loop_lstm_bb_pctb_15
49,bb_logbw_3,bb_logbw_3,F,0.09098932992024356,0.8,-0.04526904268571384,-0.12870914874845152,-0.02200705120787294,-0.04482263098324335,,KEEP,0.10390277810907741,143,"[[73.199, 102.361, 125.8268], [47.7195, 68.3859, 82.191], [77.6984, 109.0599, 133.5534], [45.999, 65.8728, 80.486], [25.2471, 35.7779, 43.4059]]","[[0.002, 0.0129, -0.1287], [0.0663, 0.1333, 0.3012], [0.2105, 0.1487, 0.1518], [0.091, 0.2458, 0.2782], [0.0559, -0.0714, -0.0061]]",20260905_001219_loop_lstm_bb_logbw_3
50,bb_logbw_4,bb_logbw_4,F,-0.08857653848557412,0.13333333333333333,-0.4135390996666066,-0.5193793704875604,-0.0859985648218764,-0.2542397607410374,,KEEP,0.10390277810907741,144,"[[73.2819, 102.4516, 125.8094], [47.7588, 68.3926, 82.2568], [77.8224, 109.3541, 134.2471], [46.0516, 66.0477, 80.896], [25.2492, 35.6801, 43.4089]]","[[-0.1131, -0.0886, 0.0138], [-0.0823, -0.0099, -0.0801], [-0.1595, -0.2697, -0.5194], [-0.1143, -0.2655, -0.5094], [-0.0083, 0.2734, -0.007]]",20260905_001242_loop_lstm_bb_logbw_4
51,bb_logbw_5,bb_logbw_5,F,-0.08356553327577565,0.3333333333333333,-0.2513596574985133,-0.36550565127175805,-0.16251404383267332,-0.22550600384798614,,KEEP,0.10390277810907741,145,"[[73.2681, 102.4916, 126.2693], [47.8029, 68.5393, 82.4838], [77.8874, 109.339, 134.4382], [45.9772, 65.8856, 80.5249], [25.2742, 35.7318, 43.4247]]","[[0.0188, -0.039, -0.3655], [-0.0924, -0.2145, -0.2759], [-0.0836, 0.0139, -0.1423], [0.1615, 0.2453, 0.4588], [-0.0988, -0.1449, -0.0364]]",20260905_001306_loop_lstm_bb_logbw_5
52,bb_logbw_8,bb_logbw_8,F,0.0779388958330407,0.7333333333333333,-0.024128402545557925,-0.04114539809705331,-0.07132438452939205,-0.15098941153066647,,KEEP,0.10390277810907741,146,"[[73.2663, 102.3787, 125.6889], [47.7391, 68.4719, 82.3902], [77.8295, 109.1331, 133.955], [45.9961, 65.902, 80.5353], [25.2545, 35.74, 43.3995]]","[[0.0024, 0.1101, 0.4596], [0.1335, 0.0984, 0.1135], [0.0743, 0.1883, 0.3594], [-0.0411, -0.0249, -0.013], [0.0779, -0.023, 0.058]]",20260905_001329_loop_lstm_bb_logbw_8
53,bb_logbw_10,bb_logbw_10,F,-0.02453732251503915,0.26666666666666666,-0.1588213630376245,-0.22214443837111908,-0.09046649133457318,-0.17499856883360643,,KEEP,0.10390277810907741,147,"[[73.3142, 102.3883, 125.8361], [47.7425, 68.4749, 82.367], [77.7216, 109.0681, 133.8154], [46.0372, 66.0246, 80.7142], [25.2773, 35.7823, 43.4102]]","[[-0.0654, -0.0094, -0.1172], [-0.0072, -0.0043, 0.0282], [0.1387, 0.0596, 0.1042], [-0.0893, -0.1859, -0.2221], [-0.0905, -0.1182, -0.0245]]",20260905_001353_loop_lstm_bb_logbw_10
54,bb_logbw_15,bb_logbw_15,F,0.04529755364481858,0.6,-0.10884942167687317,-0.20188005013599408,0.02461866825052006,-0.10883967805579431,,KEEP,0.10390277810907741,148,"[[73.1775, 102.502, 125.9691], [47.7629, 68.3687, 82.2301], [77.7873, 109.0267, 134.0856], [46.0669, 65.9946, 80.6548], [25.2345, 35.7121, 43.3061]]","[[0.1864, -0.111, -0.1057], [-0.0426, 0.1551, 0.1661], [-0.0846, 0.0379, -0.2019], [-0.0646, 0.0453, 0.0736], [0.1695, 0.1962, 0.2397]]",20260905_001416_loop_lstm_bb_logbw_15
55,log_atr1_c,log_atr1_c,G,-0.027340597263436628,0.4,-0.20337509962040645,-0.237216133366136,-0.06776035446889317,-0.15010893274276516,,KEEP,0.10390277810907741,149,"[[73.3463, 102.6685, 125.8679], [47.7751, 68.4593, 82.4252], [77.8398, 109.0565, 134.2342], [45.9618, 65.9321, 80.5812], [25.2456, 35.6769, 43.3041]]","[[-0.2307, -0.1624, 0.0803], [-0.0256, -0.1326, -0.2372], [-0.0675, -0.0273, -0.1108], [0.2281, 0.0948, 0.0913], [-0.044, 0.0985, 0.0046]]",20260905_001440_loop_lstm_log_atr1_c
56,log_atr2_c,log_atr2_c,G,0.04742562281413454,0.6666666666666666,-0.08723745174057829,-0.19808922446713506,-0.04848013935503381,-0.037676324878632705,,KEEP,0.10390277810907741,150,"[[73.2684, 102.3727, 125.8082], [47.6794, 68.2955, 82.1046], [77.7302, 108.9946, 134.2176], [45.9928, 65.9707, 80.5975], [25.2454, 35.7127, 43.3899]]","[[0.1063, 0.2881, 0.0474], [0.2002, 0.2394, 0.389], [0.1408, 0.0568, 0.0123], [-0.0674, -0.0586, -0.0202], [0.0008, -0.1005, -0.1981]]",20260905_001504_loop_lstm_log_atr2_c
57,log_atr3_c,log_atr3_c,G,-0.01565253424931079,0.4,-0.0883290113445101,-0.12019161642444764,0.030684590465279715,-0.06990776334567794,,KEEP,0.10390277810907741,151,"[[73.2781, 102.4958, 125.8279], [47.7016, 68.3394, 82.1902], [77.7681, 109.0207, 133.7209], [45.9669, 65.9279, 80.6249], [25.2442, 35.6927, 43.3367]]","[[-0.0132, -0.1202, -0.0157], [-0.0466, -0.0644, -0.1043], [-0.0487, -0.0239, 0.3701], [0.0562, 0.0648, -0.0341], [0.0046, 0.0562, 0.1226]]",20260905_001528_loop_lstm_log_atr3_c
58,log_atr4_c,log_atr4_c,G,-0.07016759415563456,0.4,-0.32755814528159455,-0.43715145618483664,-0.04769369448838212,-0.1421901667506109,,KEEP,0.10390277810907741,152,"[[73.3479, 102.5761, 125.655], [47.7609, 68.5683, 82.5495], [77.8227, 109.3264, 134.1441], [45.9644, 65.7813, 80.4374], [25.2456, 35.6574, 43.2845]]","[[-0.0953, -0.0784, 0.1374], [-0.1242, -0.3349, -0.4372], [-0.0702, -0.2804, -0.3165], [0.0055, 0.2225, 0.2326], [-0.0054, 0.0989, 0.1204]]",20260905_001552_loop_lstm_log_atr4_c
59,log_atr5_c,log_atr5_c,G,0.025793642837323993,0.6,-0.23680221547131897,-0.26805122982400675,-0.06859612820384609,-0.0966594923129449,,KEEP,0.10390277810907741,153,"[[73.2665, 102.5314, 125.9918], [47.7486, 68.5298, 82.4423], [77.831, 109.0437, 133.8653], [45.9509, 65.8179, 80.617], [25.2417, 35.7176, 43.3909]]","[[0.111, 0.0436, -0.2681], [0.0258, 0.0562, 0.1299], [-0.0107, 0.2586, 0.2078], [0.0293, -0.0556, -0.2233], [0.0153, -0.1688, -0.2458]]",20260905_001616_loop_lstm_log_atr5_c
60,log_atr8_c,log_atr8_c,G,-0.026022133103498213,0.4666666666666667,-0.20563465321053354,-0.2512816621739633,-0.06971863255904598,-0.21661442990601465,,KEEP,0.10390277810907741,154,"[[73.2856, 102.4681, 125.7938], [47.7877, 68.5127, 82.3472], [77.8805, 109.3177, 134.179], [45.9786, 65.9249, 80.5423], [25.2507, 35.7137, 43.3216]]","[[-0.026, 0.0617, 0.1572], [-0.0821, 0.0248, 0.1153], [-0.0636, -0.2513, -0.2343], [-0.0602, -0.1626, 0.0927], [-0.0357, 0.0108, 0.1597]]",20260905_001640_loop_lstm_log_atr8_c
61,log_atr10_c,log_atr10_c,G,0.03966332538123396,0.6666666666666666,-0.07692230324648275,-0.1078040664002522,-0.018110852984309922,-0.07698488297727124,,KEEP,0.10390277810907741,155,"[[73.2594, 102.487, 125.9036], [47.7395, 68.4654, 82.2817], [77.5194, 109.0951, 133.8572], [45.9645, 65.8947, 80.6291], [25.2648, 35.6995, 43.3482]]","[[0.0358, -0.0184, -0.0873], [0.1011, 0.0691, 0.0796], [0.4636, 0.2036, 0.2399], [0.0306, 0.0458, -0.1078], [-0.0556, 0.0397, -0.0613]]",20260905_001704_loop_lstm_log_atr10_c
62,log_atr15_c,log_atr15_c,G,-0.08725172893480071,0.3333333333333333,-0.3074373213994619,-0.3691924429024329,-0.09815579604848246,-0.20186999189357735,,KEEP,0.10390277810907741,156,"[[73.2365, 102.2757, 125.4708], [47.8278, 68.6173, 82.5816], [77.8056, 109.3037, 134.0248], [46.0046, 65.903, 80.5765], [25.2604, 35.7158, 43.3961]]","[[0.0312, 0.2062, 0.3437], [-0.185, -0.2219, -0.3644], [-0.3692, -0.1912, -0.1252], [-0.0873, -0.0126, 0.0653], [0.0172, -0.0455, -0.1106]]",20260905_001728_loop_lstm_log_atr15_c
63,log_atr2_rv2,log_atr2_rv2,G,0.07961410660567436,0.8,-0.15824884873886888,-0.38887749345979383,0.005045029681627344,-0.0831738151803485,,KEEP,0.10390277810907741,157,"[[73.193, 102.5311, 125.9588], [47.7066, 68.4121, 82.2698], [77.822, 109.0157, 133.8984], [45.9857, 65.8505, 80.3507], [25.2566, 35.6906, 43.3568]]","[[0.0593, -0.2497, -0.3889], [0.2533, 0.2991, 0.3776], [-0.021, 0.2635, 0.0943], [0.041, 0.0796, 0.2802], [0.0154, 0.0705, 0.0908]]",20260905_001752_loop_lstm_log_atr2_rv2
64,log_atr3_rv3,log_atr3_rv3,G,0.0026533482441193357,0.5333333333333333,-0.20982816320594733,-0.21853161187139758,-0.01743289968618722,-0.11652253260625578,,KEEP,0.10390277810907741,158,"[[73.1911, 102.1676, 125.6025], [47.8089, 68.551, 82.4495], [77.7459, 108.915, 133.8506], [45.9883, 65.824, 80.4843], [25.2585, 35.6993, 43.3494]]","[[0.0027, 0.3545, 0.2828], [-0.2143, -0.2031, -0.2185], [0.0978, 0.0924, 0.0357], [-0.0057, 0.0402, -0.1662], [-0.0078, -0.0243, 0.017]]",20260905_001817_loop_lstm_log_atr3_rv3
65,log_atr4_rv4,log_atr4_rv4,G,-0.01141591276567766,0.4666666666666667,-0.10853273263628614,-0.16134714760109858,-0.05930582673487894,-0.0651014673918704,,KEEP,0.10390277810907741,159,"[[73.3092, 102.2103, 125.4231], [47.7836, 68.5072, 82.3889], [77.7548, 108.7346, 133.5586], [46.0137, 65.9128, 80.5045], [25.2478, 35.7172, 43.3793]]","[[-0.1613, -0.0417, 0.1429], [0.0529, 0.064, 0.0736], [-0.0114, 0.1657, 0.2182], [-0.0553, -0.1349, -0.0251], [0.0427, -0.0502, -0.069]]",20260905_001841_loop_lstm_log_atr4_rv4
66,log_atr5_rv5,log_atr5_rv5,G,-0.04251217170372357,0.3333333333333333,-0.2848969541557622,-0.34776453860019263,-0.04623266314949248,-0.18644075721945264,,KEEP,0.10390277810907741,160,"[[73.2252, 102.364, 125.7587], [47.8024, 68.5363, 82.3771], [77.69, 109.1127, 133.9129], [46.0402, 65.9653, 80.7432], [25.2275, 35.7198, 43.3581]]","[[0.1146, -0.1504, -0.2676], [-0.0394, -0.0425, 0.0144], [0.0833, -0.3478, -0.2653], [-0.0575, -0.0797, -0.2964], [0.0803, -0.0072, 0.0489]]",20260905_001905_loop_lstm_log_atr5_rv5
67,log_atr8_rv8,log_atr8_rv8,G,0.004424406098613165,0.5333333333333333,-0.07167462779046119,-0.17445448400859043,-0.0028057350513588375,-0.18089547900757008,,KEEP,0.10390277810907741,161,"[[73.2714, 102.3595, 125.6035], [47.7898, 68.4363, 82.4168], [77.8255, 109.0477, 133.8868], [46.0738, 65.9994, 80.7376], [25.2305, 35.6941, 43.3884]]","[[-0.063, 0.0044, 0.1234], [0.0264, 0.1459, -0.0482], [-0.1745, 0.0596, 0.0195], [-0.0729, -0.0517, 0.0069], [-0.0121, 0.0721, -0.0698]]",20260905_001930_loop_lstm_log_atr8_rv8
68,log_atr10_rv10,log_atr10_rv10,G,-0.05027071845138398,0.26666666666666666,-0.16229054705688473,-0.18505542053639523,-0.08086410863723525,-0.20680768937928473,,KEEP,0.10390277810907741,162,"[[73.2917, 102.4352, 125.8359], [47.7589, 68.4782, 82.2125], [77.7531, 109.1912, 134.0917], [46.0298, 66.0326, 80.8736], [25.2338, 35.7289, 43.3886]]","[[-0.0278, -0.0739, -0.1851], [0.0647, -0.0613, 0.2478], [0.093, -0.1317, -0.1531], [0.0954, -0.0503, -0.1684], [-0.0128, -0.0975, -0.0007]]",20260905_001955_loop_lstm_log_atr10_rv10
69,log_atr15_rv15,log_atr15_rv15,G,-0.04160061832492179,0.26666666666666666,-0.19057218542204435,-0.28287499879326994,-0.09279873541130357,-0.311838405963516,,KEEP,0.10390277810907741,163,"[[73.3918, 102.4726, 126.0218], [47.7787, 68.5684, 82.4451], [77.7395, 109.2025, 133.5961], [46.0815, 66.1773, 80.9238], [25.2426, 35.6864, 43.2935]]","[[-0.1365, -0.0366, -0.1477], [-0.0416, -0.1317, -0.2829], [0.0175, -0.0104, 0.3696], [-0.1122, -0.2191, -0.062], [-0.0347, 0.1189, 0.2194]]",20260905_002020_loop_lstm_log_atr15_rv15
70,kcw_2,kcw_2,H,0.1420118523692615,0.8666666666666667,-0.06166865807886611,-0.28440857043230405,0.004199990613784621,-0.023876466881822545,,KEEP,0.10390277810907741,164,"[[73.2459, 102.3609, 125.5822], [47.7663, 68.41, 82.328], [77.7031, 108.9644, 133.5623], [45.9861, 65.8778, 80.5289], [25.2414, 35.7242, 43.4166]]","[[0.1988, 0.109, 0.3488], [0.026, 0.231, 0.142], [0.0469, 0.2181, 0.0253], [0.207, 0.4527, 0.488], [0.0046, -0.1059, -0.2844]]",20260905_002045_loop_lstm_kcw_2
71,kcw_3,kcw_3,H,-0.06613126096153277,0.3333333333333333,-0.2107228861353283,-0.44405126662327987,0.0145444291323793,-0.19966721753568173,,KEEP,0.10390277810907741,165,"[[73.2927, 102.3385, 125.7714], [47.7668, 68.4917, 82.4817], [77.6421, 109.0854, 133.6507], [46.0387, 66.0272, 80.8865], [25.2222, 35.6879, 43.2945]]","[[-0.0638, 0.0219, -0.1507], [-0.001, -0.1195, -0.1866], [0.0784, -0.1111, -0.0661], [-0.1145, -0.2268, -0.4441], [0.0761, 0.1017, 0.2811]]",20260905_002110_loop_lstm_kcw_3
72,kcw_4,kcw_4,H,0.02625280073489389,0.5333333333333333,-0.18556869757897054,-0.2093823904870229,-0.014346537796616765,-0.18819224983872562,,KEEP,0.10390277810907741,166,"[[73.2116, 102.261, 125.341], [47.77, 68.6347, 82.4569], [77.6824, 108.9658, 133.9305], [46.0213, 66.0593, 80.7437], [25.249, 35.6785, 43.3598]]","[[0.1106, 0.0757, 0.3422], [-0.0067, -0.2088, 0.03], [-0.0519, 0.1097, -0.2094], [0.0379, -0.0487, 0.1765], [-0.1063, 0.0263, -0.1508]]",20260905_002135_loop_lstm_kcw_4
73,kcw_5,kcw_5,H,-0.039771107292696506,0.4666666666666667,-0.13750496778941468,-0.40401844807866905,-0.016904478932056044,-0.12186070748527733,,KEEP,0.10390277810907741,167,"[[73.2407, 102.4155, 125.8475], [47.7616, 68.5345, 82.4912], [77.7597, 109.0934, 133.8695], [45.9478, 65.8311, 80.4729], [25.2274, 35.6978, 43.3865]]","[[-0.0398, -0.1511, -0.404], [0.0176, 0.1459, -0.0415], [-0.0994, -0.1171, 0.0455], [0.1597, 0.3455, 0.3354], [0.0854, -0.054, -0.0617]]",20260905_002200_loop_lstm_kcw_5
74,kcw_8,kcw_8,H,-0.02396964198139173,0.4666666666666667,-0.14358070803190515,-0.16147963181762925,-0.022971435261065487,-0.16026022893416147,,KEEP,0.10390277810907741,168,"[[73.2583, 102.2896, 125.4849], [47.7983, 68.5625, 82.3805], [77.6606, 109.0477, 133.983], [46.0084, 65.9374, 80.5946], [25.2389, 35.6761, 43.3858]]","[[-0.024, 0.1229, 0.2881], [-0.0769, -0.0409, 0.1342], [0.1273, 0.0419, -0.0848], [-0.132, -0.1615, -0.1513], [-0.0457, 0.0608, 0.0018]]",20260905_002226_loop_lstm_kcw_8
75,kcw_10,kcw_10,H,-0.01889757536395198,0.4666666666666667,-0.1807904935806004,-0.26758646366520367,-0.003525944893678634,-0.15643505702647165,,KEEP,0.10390277810907741,169,"[[73.3329, 102.4885, 125.5086], [47.7458, 68.4346, 82.2385], [77.7135, 109.2226, 133.874], [46.0211, 66.0038, 80.8103], [25.234, 35.664, 43.3494]]","[[-0.1019, -0.1944, -0.0189], [0.1099, 0.1866, 0.1724], [-0.0681, -0.1603, 0.0814], [-0.0275, -0.1008, -0.2676], [0.0194, 0.0339, 0.0837]]",20260905_002251_loop_lstm_kcw_10
76,kcw_15,kcw_15,H,0.05403735670721499,0.6,-0.09484849360761326,-0.3432468899150276,0.08977106656625766,-0.22112349263980757,,KEEP,0.10390277810907741,170,"[[73.257, 102.1333, 125.2674], [47.761, 68.5199, 82.5208], [77.591, 109.0096, 133.6453], [46.0442, 66.0156, 80.7666], [25.2407, 35.661, 43.3077]]","[[0.1035, 0.3465, 0.1922], [-0.032, -0.1246, -0.3432], [0.1577, 0.1949, 0.1709], [-0.0502, -0.0178, 0.054], [-0.0264, 0.0082, 0.0963]]",20260905_002317_loop_lstm_kcw_15
77,mfi1_centered,mfi1_centered,I,0.012064650003695832,0.6666666666666666,-0.20945251994140435,-0.27341406526746326,0.08400136279598236,-0.10900873756447549,,KEEP,0.10390277810907741,171,"[[73.251, 102.4126, 125.595], [47.7332, 68.4125, 82.3358], [77.6929, 109.0041, 133.8107], [45.9976, 65.9759, 80.7568], [25.2582, 35.6153, 43.2958]]","[[0.0082, -0.2734, -0.2615], [0.0582, 0.1568, 0.2241], [-0.1314, 0.005, -0.1237], [0.1011, 0.0601, 0.0121], [-0.0694, 0.1281, 0.0274]]",20260905_002342_loop_lstm_mfi1_centered
78,mfi2_centered,mfi2_centered,I,-0.06488232808645744,0.3333333333333333,-0.21961568468089165,-0.24242198313140229,-0.022386187947920355,-0.1827252113880684,,KEEP,0.10390277810907741,172,"[[73.2122, 102.3584, 125.7287], [47.7906, 68.551, 82.4128], [77.6788, 109.0749, 134.1198], [45.9958, 66.0128, 80.7577], [25.2205, 35.6863, 43.4008]]","[[0.0529, 0.053, -0.1065], [-0.1202, -0.2025, -0.0934], [0.0181, -0.0649, -0.231], [0.0039, -0.0559, -0.001], [0.1494, -0.1993, -0.2424]]",20260905_002408_loop_lstm_mfi2_centered
79,mfi3_centered,mfi3_centered,I,-0.054892451227051,0.06666666666666667,-0.16576091649362912,-0.1825611351749412,-0.13216534484112863,-0.22791281884377845,,KEEP,0.10390277810907741,173,"[[73.3326, 102.4145, 125.8436], [47.7979, 68.5518, 82.4842], [77.7315, 109.0809, 133.8986], [46.0725, 66.0201, 80.7634], [25.2665, 35.7108, 43.4188]]","[[-0.1644, -0.0549, -0.0914], [-0.0152, -0.0012, -0.0867], [-0.0677, -0.0056, 0.1649], [-0.1667, -0.011, -0.0071], [-0.1826, -0.0687, -0.0416]]",20260905_002434_loop_lstm_mfi3_centered
80,mfi4_centered,mfi4_centered,I,0.07375498083934673,0.6666666666666666,-0.12632477359849403,-0.1773081177401048,-0.029837075478877928,-0.22971354698284596,,KEEP,0.10390277810907741,174,"[[73.2199, 102.3924, 125.7248], [47.7626, 68.5123, 82.5246], [77.6679, 109.2743, 134.0264], [45.9984, 66.0283, 80.882], [25.2304, 35.6629, 43.3665]]","[[0.1536, 0.0217, 0.0944], [0.0738, 0.0577, -0.0489], [0.0818, -0.1773, -0.0954], [0.1608, -0.0125, -0.1469], [0.1427, 0.1341, 0.1205]]",20260905_002500_loop_lstm_mfi4_centered
81,mfi5_centered,mfi5_centered,I,0.06174891525210224,0.7333333333333333,-0.061979337990094585,-0.13663660261560295,0.0662659104910368,-0.11738844047233243,,KEEP,0.10390277810907741,175,"[[73.1747, 102.2749, 125.4836], [47.8279, 68.5237, 82.5228], [77.6376, 108.8978, 133.8313], [46.0261, 65.9261, 80.5999], [25.2464, 35.6466, 43.3249]]","[[0.0617, 0.1147, 0.1918], [-0.1366, -0.0167, 0.0022], [0.0391, 0.3446, 0.1456], [-0.0602, 0.1548, 0.3488], [-0.0631, 0.0458, 0.0961]]",20260905_002526_loop_lstm_mfi5_centered
82,mfi8_centered,mfi8_centered,I,-0.043867809842979,0.4,-0.15938429779954522,-0.2464064363027152,-0.030105335404173594,-0.11458643448247763,,KEEP,0.10390277810907741,176,"[[73.2776, 102.3317, 125.7928], [47.7606, 68.4336, 82.2975], [77.5916, 108.9456, 133.5886], [46.011, 66.0395, 80.6568], [25.2474, 35.6888, 43.3709]]","[[-0.1406, -0.0555, -0.2464], [0.1408, 0.1316, 0.273], [0.0591, -0.0439, 0.1813], [0.0328, -0.1719, -0.0706], [-0.0041, -0.1184, -0.1064]]",20260905_002551_loop_lstm_mfi8_centered
83,mfi10_centered,mfi10_centered,I,-0.023626965144529777,0.4666666666666667,-0.21348911981521557,-0.3082655795806799,0.01223487946863111,0.006035330581044551,,KEEP,0.10390277810907741,177,"[[73.3148, 102.307, 125.6415], [47.8406, 68.6006, 82.5512], [77.6255, 108.9102, 133.751], [45.9094, 65.8093, 80.5623], [25.2292, 35.6983, 43.3812]]","[[-0.0507, 0.0241, 0.1203], [-0.1675, -0.2441, -0.3083], [-0.0437, 0.0325, -0.1216], [0.2208, 0.3486, 0.1172], [0.0722, -0.0265, -0.0236]]",20260905_002618_loop_lstm_mfi10_centered
84,mfi15_centered,mfi15_centered,I,-0.0009853204615772881,0.4666666666666667,-0.17373858948903198,-0.21619661186207395,0.016727655530990315,-0.09352983524439917,,KEEP,0.10390277810907741,178,"[[73.1437, 102.5282, 125.6428], [47.7852, 68.6031, 82.5362], [77.5343, 109.0403, 133.8999], [46.0058, 65.8527, 80.4036], [25.2488, 35.6871, 43.3048]]","[[0.2333, -0.2162, -0.001], [0.1157, -0.0036, 0.0181], [0.1175, -0.1194, -0.1114], [-0.2099, -0.0661, 0.1969], [-0.0777, 0.0313, 0.176]]",20260905_002644_loop_lstm_mfi15_centered
85,ad_vwclv_1,ad_vwclv_1,J,0.010294267989130468,0.5333333333333333,-0.16091804143489874,-0.3525047289989036,0.025136171879291958,-0.14882454245912502,,KEEP,0.10390277810907741,179,"[[73.1362, 102.1263, 125.4039], [47.7968, 68.5563, 82.4794], [77.5788, 108.9808, 133.6294], [46.0186, 65.991, 80.687], [25.2588, 35.6688, 43.3427]]","[[0.0103, 0.3919, 0.1901], [-0.0243, 0.0683, 0.0688], [-0.0573, 0.0545, 0.202], [-0.028, -0.2099, -0.3525], [-0.0397, 0.0511, -0.0874]]",20260905_002710_loop_lstm_ad_vwclv_1
86,ad_vwclv_2,ad_vwclv_2,J,-0.07627961060026056,0.26666666666666666,-0.23112076237803425,-0.349692425052317,-0.09585690279350079,-0.18359719340548253,,KEEP,0.10390277810907741,180,"[[73.2004, 102.1984, 125.7315], [47.7913, 68.6085, 82.4501], [77.723, 109.0877, 134.0967], [46.0192, 65.9739, 80.7295], [25.2573, 35.7086, 43.3989]]","[[-0.0878, -0.0705, -0.2612], [0.0117, -0.0763, 0.0356], [-0.1859, -0.0981, -0.3497], [-0.0011, 0.0258, -0.0526], [0.0059, -0.1115, -0.1298]]",20260905_002737_loop_lstm_ad_vwclv_2
87,ad_vwclv_3,ad_vwclv_3,J,0.05073033579239272,0.6,-0.3200740916043232,-0.42369240620034887,-0.054236298732246446,-0.09474804038620555,,KEEP,0.10390277810907741,181,"[[73.3635, 102.6314, 126.2154], [47.735, 68.42, 82.3022], [77.5923, 108.7797, 133.736], [46.0078, 66.0441, 80.7952], [25.2217, 35.7267, 43.3769]]","[[-0.2228, -0.4237, -0.3849], [0.1178, 0.2748, 0.1793], [0.1682, 0.2824, 0.269], [0.0247, -0.1064, -0.0814], [0.141, -0.0508, 0.0507]]",20260905_002804_loop_lstm_ad_vwclv_3
88,ad_vwclv_4,ad_vwclv_4,J,-0.015450079328105382,0.4666666666666667,-0.1420338663594123,-0.18867137486326957,-0.058329111383881305,-0.161500513802193,,KEEP,0.10390277810907741,182,"[[73.2364, 102.2039, 125.3986], [47.7452, 68.4902, 82.4575], [77.6043, 108.9352, 133.6117], [46.0286, 66.0761, 80.6972], [25.2572, 35.7139, 43.3324]]","[[0.1733, 0.4165, 0.6471], [-0.0215, -0.1026, -0.1887], [-0.0155, -0.143, 0.093], [-0.0451, -0.0485, 0.1213], [-0.1407, 0.0359, 0.1027]]",20260905_002832_loop_lstm_ad_vwclv_4
89,ad_vwclv_8,ad_vwclv_8,J,-0.12681972792871754,0.3333333333333333,-0.2071806436464163,-0.28412804345645526,-0.06489690531275016,-0.08762042699912431,,DROP,0.10390277810907741,182,"[[73.248, 102.396, 125.7549], [47.8192, 68.6408, 82.6124], [77.7254, 109.0988, 133.4521], [45.9698, 65.9277, 80.5857], [25.2677, 35.702, 43.3873]]","[[-0.0158, -0.188, -0.2841], [-0.1549, -0.22, -0.1879], [-0.1561, -0.1502, 0.1195], [0.1276, 0.2247, 0.1382], [-0.0416, 0.0333, -0.1268]]",20260905_002859_loop_lstm_ad_vwclv_8
90,ad_vwclv_10,ad_vwclv_10,J,-0.11505190128278109,0.4,-0.16711125374031965,-0.17909072620836408,-0.06610453960467222,-0.14246480976871645,,DROP,0.10390277810907741,182,"[[73.2069, 102.3775, 125.6031], [47.8221, 68.6128, 82.5558], [77.7163, 109.0936, 133.5849], [45.9928, 65.9792, 80.6804], [25.2655, 35.7121, 43.3822]]","[[0.0402, -0.1698, -0.163], [-0.1609, -0.1791, -0.1193], [-0.1444, -0.1454, 0.0201], [0.0777, 0.1467, 0.0208], [-0.0329, 0.005, -0.1151]]",20260905_002926_loop_lstm_ad_vwclv_10
91,dd_2,dd_2,K,-0.060996772728660886,0.3333333333333333,-0.35405048711542264,-0.38750476681490564,-0.08562060147936368,-0.13190574454651216,,KEEP,0.10390277810907741,183,"[[73.281, 102.5867, 125.8846], [47.8384, 68.7115, 82.6268], [77.6358, 109.0026, 133.419], [45.981, 65.9922, 80.6734], [25.2548, 35.7226, 43.3895]]","[[-0.061, -0.3746, -0.3875], [-0.1952, -0.3232, -0.2053], [-0.0406, -0.0618, 0.1442], [0.1033, 0.1271, 0.0295], [0.0097, -0.0243, -0.1317]]",20260905_002953_loop_lstm_dd_2
92,dd_3,dd_3,K,0.07159546853251486,0.6,-0.11888876826730232,-0.4373102196403522,0.06636966814511647,-0.1788552634861551,,KEEP,0.10390277810907741,184,"[[73.2197, 102.2612, 125.3993], [47.8082, 68.5499, 82.2768], [77.7262, 109.0094, 134.0025], [45.9983, 66.0717, 80.7596], [25.2367, 35.6639, 43.3569]]","[[0.0838, 0.3174, 0.3854], [0.0632, 0.2353, 0.4236], [-0.1164, -0.0063, -0.4373], [-0.0375, -0.1205, -0.1069], [0.0716, 0.1643, 0.0749]]",20260905_003019_loop_lstm_dd_3
93,dd_4,dd_4,K,-0.004639037506826149,0.4666666666666667,-0.19846227533988345,-0.2960825905036879,-0.05092102330894743,-0.1965034125884335,,KEEP,0.10390277810907741,185,"[[73.151, 102.2662, 125.5401], [47.8104, 68.5495, 82.5204], [77.7693, 109.2884, 133.9128], [46.0251, 66.0645, 80.6494], [25.246, 35.6309, 43.3367]]","[[0.0937, -0.005, -0.1123], [-0.0046, 0.0006, -0.2961], [-0.0555, -0.2559, 0.0669], [-0.0583, 0.0109, 0.1365], [-0.037, 0.0927, 0.0466]]",20260905_003046_loop_lstm_dd_4
94,dd_5,dd_5,K,0.06103692883987488,0.7333333333333333,-0.11959082529720888,-0.20172864079697206,-0.04862470624362736,-0.061454982484732135,,KEEP,0.10390277810907741,186,"[[73.2401, 102.2021, 125.7934], [47.7701, 68.5076, 82.3715], [77.7358, 108.993, 133.8999], [45.963, 65.8576, 80.4779], [25.2457, 35.6723, 43.341]]","[[-0.1217, 0.0627, -0.2017], [0.0844, 0.061, 0.1805], [0.0431, 0.2703, 0.0096], [0.1348, 0.3132, 0.2126], [0.0012, -0.1164, -0.0098]]",20260905_003113_loop_lstm_dd_5
95,dd_8,dd_8,K,-0.03870013123730143,0.4,-0.2565366454732043,-0.3525668371301416,0.012043381165338651,-0.17834301007499942,,KEEP,0.10390277810907741,187,"[[73.198, 102.3587, 125.6331], [47.7885, 68.6411, 82.5402], [77.6937, 108.8887, 133.4843], [46.0219, 66.0493, 80.7617], [25.2291, 35.6931, 43.3484]]","[[0.0575, -0.1532, 0.1274], [-0.0387, -0.1948, -0.2048], [0.0542, 0.0956, 0.3104], [-0.128, -0.2911, -0.3526], [0.0659, -0.0582, -0.0171]]",20260905_003140_loop_lstm_dd_8
96,dd_10,dd_10,K,0.0786567157520901,0.6666666666666666,-0.13806391460296386,-0.19205271951086011,-0.06233059013363018,-0.0601310843725944,,KEEP,0.10390277810907741,188,"[[73.1848, 102.191, 125.4057], [47.7646, 68.5705, 82.449], [77.6325, 108.9574, 133.6781], [45.9686, 65.9032, 80.5811], [25.2612, 35.7616, 43.3661]]","[[0.018, 0.1639, 0.1811], [0.0502, 0.1028, 0.1104], [0.0787, -0.0631, -0.1452], [0.1156, 0.2212, 0.2236], [-0.1274, -0.1921, -0.0409]]",20260905_003206_loop_lstm_dd_10
97,dd_15,dd_15,K,0.026885542413590535,0.6,-0.16328202753790766,-0.27699745240683527,-0.02435614416902432,-0.07727436996540771,,KEEP,0.10390277810907741,189,"[[73.1454, 102.3001, 125.753], [47.7778, 68.5196, 82.3346], [77.7467, 109.1108, 133.9108], [45.9668, 65.8474, 80.5594], [25.2466, 35.7018, 43.3428]]","[[0.0538, -0.1068, -0.277], [-0.0278, 0.0742, 0.1388], [-0.1471, -0.1407, -0.1741], [0.0039, 0.0847, 0.0269], [0.0577, 0.1674, 0.0537]]",20260905_003233_loop_lstm_dd_15
98,ru_2,ru_2,K,-0.04899080764031449,0.4,-0.16680482123431428,-0.4803567243476303,-0.05452023593177646,-0.10721474552881638,,KEEP,0.10390277810907741,190,"[[73.209, 102.313, 125.6051], [47.8171, 68.5928, 82.7301], [77.7425, 109.0552, 134.1732], [45.965, 65.8461, 80.4612], [25.2672, 35.7193, 43.3962]]","[[-0.0869, -0.0127, 0.1176], [-0.0823, -0.1067, -0.4804], [0.0054, 0.051, -0.196], [0.0039, 0.002, 0.122], [-0.0815, -0.049, -0.1231]]",20260905_003301_loop_lstm_ru_2
99,ru_3,ru_3,K,0.08383280518188263,0.7333333333333333,-0.18850097932993748,-0.38315641693658087,0.011645393355996791,-0.16319120147203492,,KEEP,0.10390277810907741,191,"[[73.2082, 102.2272, 125.5155], [47.7673, 68.4821, 82.2378], [77.6405, 109.1674, 133.8179], [46.0185, 66.0019, 80.7694], [25.2443, 35.6889, 43.3884]]","[[0.0011, 0.0838, 0.0714], [0.1043, 0.1614, 0.5951], [0.1313, -0.1029, 0.2648], [-0.1162, -0.2367, -0.3832], [0.0906, 0.0849, 0.0179]]",20260905_003328_loop_lstm_ru_3
100,ru_4,ru_4,K,0.012476897891500194,0.6,-0.190566627790969,-0.2656329662600321,0.03841906327017863,-0.17305226899615445,,KEEP,0.10390277810907741,192,"[[73.3284, 102.44, 125.5746], [47.7416, 68.4735, 82.3229], [77.8467, 109.1042, 133.8023], [46.0326, 65.9834, 80.7382], [25.2226, 35.6729, 43.3071]]","[[-0.1642, -0.2081, -0.0471], [0.0536, 0.0125, -0.1035], [-0.2656, 0.0579, 0.0117], [-0.0307, 0.0281, 0.0387], [0.086, 0.0449, 0.1874]]",20260905_003356_loop_lstm_ru_4
101,ru_5,ru_5,K,-0.045184559555888626,0.26666666666666666,-0.18102292228420858,-0.31345603539831846,-0.06708690146552954,-0.22828013235891564,,KEEP,0.10390277810907741,193,"[[73.2247, 102.2475, 125.3997], [47.8114, 68.5676, 82.4911], [77.7731, 109.1535, 134.2217], [46.0397, 66.0234, 80.7545], [25.2541, 35.6929, 43.3126]]","[[0.1414, 0.1879, 0.1393], [-0.1461, -0.1373, -0.2043], [0.0946, -0.0452, -0.3135], [-0.0154, -0.0606, -0.0202], [-0.1248, -0.056, -0.0128]]",20260905_003424_loop_lstm_ru_5
102,ru_8,ru_8,K,0.006094984766602529,0.5333333333333333,-0.21551693699965568,-0.33659556601606244,-0.13532862419300962,-0.1648771733548715,,KEEP,0.10390277810907741,194,"[[73.2053, 102.4236, 125.8218], [47.7791, 68.6102, 82.5646], [77.7674, 109.1355, 133.7882], [46.0106, 66.0193, 80.911], [25.2391, 35.7534, 43.4123]]","[[0.0266, -0.1723, -0.3366], [0.0676, -0.0622, -0.0892], [0.0073, 0.0164, 0.323], [0.0633, 0.0061, -0.1938], [0.0593, -0.1694, -0.23]]",20260905_003452_loop_lstm_ru_8
103,ru_10,ru_10,K,0.02958888572199836,0.5333333333333333,-0.12989453727689337,-0.14383154326003122,-0.027791115698461155,-0.2390082935427973,,KEEP,0.10390277810907741,195,"[[73.3106, 102.5495, 125.7355], [47.8175, 68.6104, 82.4735], [77.7088, 109.1033, 133.9683], [46.0484, 66.0203, 80.8011], [25.2294, 35.7154, 43.3581]]","[[-0.1438, -0.1229, 0.0686], [-0.0804, -0.0003, 0.1103], [0.0754, 0.0296, -0.1346], [-0.0822, -0.0015, 0.1358], [0.0385, 0.1061, 0.1249]]",20260905_003520_loop_lstm_ru_10
104,ru_15,ru_15,K,0.007381925700200576,0.5333333333333333,-0.1554026457774471,-0.28754852568153577,-0.11081327829944865,-0.16964082279946613,,KEEP,0.10390277810907741,196,"[[73.1757, 102.4086, 125.8538], [47.7846, 68.628, 82.7107], [77.844, 109.2423, 133.9584], [46.0127, 65.9254, 80.6109], [25.243, 35.6981, 43.4016]]","[[0.184, 0.1374, -0.0941], [0.0688, -0.0257, -0.2875], [-0.174, -0.1275, 0.0074], [0.0775, 0.1437, 0.2354], [-0.0539, 0.0484, -0.1005]]",20260905_003548_loop_lstm_ru_15
105,log_range_1,log_range_1,L,0.10806064208438437,0.7333333333333333,-0.14023199223950567,-0.3590615894720317,-0.014158091861471434,-0.11684563233873568,,KEEP,0.10390277810907741,197,"[[73.1522, 102.1232, 125.315], [47.7158, 68.503, 82.3885], [77.6624, 108.8499, 133.9024], [45.9885, 66.0463, 80.9003], [25.2621, 35.7126, 43.3547]]","[[0.0321, 0.2788, 0.4281], [0.144, 0.1822, 0.3895], [0.2333, 0.3592, 0.0418], [0.0526, -0.1833, -0.3591], [-0.0757, -0.0404, 0.1081]]",20260905_003616_loop_lstm_log_range_1
106,log_range_2,log_range_2,L,-0.0941768375843921,0.3333333333333333,-0.2769480987911477,-0.3241366420756453,-0.03913883763357884,-0.186994114161676,,KEEP,0.10390277810907741,198,"[[73.2211, 102.2812, 125.6595], [47.8149, 68.6354, 82.6178], [77.8575, 109.2028, 134.0267], [45.9795, 65.9893, 80.5376], [25.243, 35.6504, 43.3725]]","[[-0.0942, -0.1547, -0.2749], [-0.2078, -0.1934, -0.2783], [-0.2512, -0.3241, -0.0928], [0.0196, 0.0862, 0.4484], [0.0756, 0.1741, -0.0411]]",20260905_003643_loop_lstm_log_range_2
107,log_range_3,log_range_3,L,0.04060152804131745,0.6666666666666666,-0.0696713016807804,-0.11612258154045652,0.02410074700285314,-0.10182966404694849,,KEEP,0.10390277810907741,199,"[[73.3061, 102.3696, 125.6236], [47.7753, 68.5937, 82.4851], [77.7098, 108.944, 133.73], [45.9816, 65.9644, 80.5049], [25.2494, 35.6662, 43.2878]]","[[-0.1161, -0.0865, 0.0286], [0.0828, 0.0608, 0.1606], [0.1897, 0.237, 0.2214], [-0.0046, 0.0379, 0.0406], [-0.0254, -0.0445, 0.1955]]",20260905_003711_loop_lstm_log_range_3
108,log_range_4,log_range_4,L,-0.030523335667376195,0.4666666666666667,-0.16127328428768184,-0.2506605612645707,-0.017602301318309088,-0.10643407674575389,,KEEP,0.10390277810907741,200,"[[73.2993, 102.2586, 125.743], [47.7174, 68.4445, 82.2827], [77.7472, 109.1076, 133.8072], [46.0304, 65.9138, 80.4393], [25.2571, 35.7264, 43.3963]]","[[0.0093, 0.1084, -0.095], [0.1212, 0.2175, 0.2455], [-0.0482, -0.1502, -0.0577], [-0.106, 0.0767, 0.0815], [-0.0305, -0.1687, -0.2507]]",20260905_003739_loop_lstm_log_range_4
109,log_range_5,log_range_5,L,-0.01700013697978342,0.4666666666666667,-0.313886226620963,-0.4209422668880247,0.015464219296190684,-0.18448164613182882,,KEEP,0.10390277810907741,201,"[[73.2581, 102.4748, 125.6712], [47.82, 68.6288, 82.629], [77.7665, 109.0465, 134.04], [46.0053, 65.925, 80.7157], [25.2219, 35.6875, 43.389]]","[[0.0561, -0.2114, 0.0571], [-0.2149, -0.2692, -0.4209], [-0.0248, 0.056, -0.174], [0.0545, -0.017, -0.3437], [0.1395, 0.1087, 0.0167]]",20260905_003808_loop_lstm_log_range_5
110,log_range_8,log_range_8,L,-0.004768164564472599,0.4666666666666667,-0.14766296605206009,-0.22400427384512422,-0.07217862204087488,-0.22398227174098562,,KEEP,0.10390277810907741,202,"[[73.2526, 102.375, 125.7279], [47.8465, 68.6828, 82.633], [77.7387, 109.2907, 134.2946], [45.9584, 65.8406, 80.5074], [25.2432, 35.6924, 43.3876]]","[[0.0075, 0.0974, -0.0451], [-0.0556, -0.0787, -0.0048], [0.0357, -0.224, -0.1899], [0.1018, 0.128, 0.2581], [-0.0843, -0.0136, 0.0032]]",20260905_003836_loop_lstm_log_range_8
111,log_range_10,log_range_10,L,0.08718659291755415,0.6666666666666666,-0.10501706838749403,-0.1389444993903588,-0.007399999083435027,-0.11421915088001278,,KEEP,0.10390277810907741,203,"[[73.2346, 102.274, 125.4945], [47.758, 68.4752, 82.3783], [77.7989, 109.1369, 133.7784], [45.9905, 65.932, 80.6068], [25.235, 35.7059, 43.3498]]","[[0.0246, 0.0986, 0.1856], [0.1851, 0.3022, 0.3082], [-0.0773, 0.1408, 0.3844], [-0.0697, -0.1389, -0.1235], [0.0324, -0.0378, 0.0872]]",20260905_003905_loop_lstm_log_range_10
112,log_range_15,log_range_15,L,0.0864426735990742,0.7333333333333333,-0.029446963225625566,-0.10049853190994273,-0.004477432084071253,-0.013536620405818489,,KEEP,0.10390277810907741,204,"[[73.231, 102.1671, 125.1059], [47.7683, 68.416, 82.2277], [77.7064, 108.9142, 133.5374], [45.9527, 65.8706, 80.5436], [25.2604, 35.7074, 43.3648]]","[[0.0049, 0.1045, 0.3097], [-0.0217, 0.0864, 0.1828], [0.1188, 0.204, 0.1801], [0.082, 0.0933, 0.0784], [-0.1005, -0.0042, -0.0346]]",20260905_003932_loop_lstm_log_range_15
113,ret_skew_3,ret_skew_3,M,-0.010289352453995981,0.3333333333333333,-0.39396878615371556,-0.4542285816010905,-0.009731869442330954,-0.2046468169606408,,KEEP,0.10390277810907741,205,"[[73.2385, 102.2929, 125.6709], [47.8062, 68.5336, 82.4805], [77.5887, 109.2075, 134.1439], [45.9534, 65.8488, 80.5106], [25.2618, 35.6897, 43.3578]]","[[-0.0103, -0.1232, -0.4516], [-0.0793, -0.1719, -0.3075], [0.1515, -0.2692, -0.4542], [-0.0015, 0.033, 0.041], [-0.0058, 0.0494, 0.0161]]",20260905_004001_loop_lstm_ret_skew_3
114,ret_skew_4,ret_skew_4,M,0.04366676960363414,0.5333333333333333,-0.20060287888906903,-0.2539526907726408,0.0672565458273322,-0.17243385420033785,,KEEP,0.10390277810907741,206,"[[73.2505, 102.3995, 125.616], [47.7088, 68.4731, 82.2668], [77.7351, 109.2137, 133.974], [46.0492, 65.9462, 80.7151], [25.2407, 35.6668, 43.2765]]","[[-0.0164, -0.1042, 0.0437], [0.2038, 0.0883, 0.2591], [-0.1887, -0.0057, 0.1267], [-0.2085, -0.1478, -0.254], [0.0837, 0.0641, 0.1875]]",20260905_004029_loop_lstm_ret_skew_4
115,ret_skew_5,ret_skew_5,M,-0.057921753255563146,0.4,-0.20670151075572463,-0.3275064070073608,-0.10036541968010404,-0.22162428275500634,,KEEP,0.10390277810907741,207,"[[73.293, 102.2134, 125.5739], [47.798, 68.5697, 82.4478], [77.7014, 109.1465, 133.9612], [46.0445, 66.001, 80.7587], [25.2585, 35.7251, 43.4182]]","[[-0.0579, 0.1818, 0.0335], [-0.1868, -0.1411, -0.2199], [0.0434, 0.0616, 0.0095], [0.0103, -0.0832, -0.0541], [-0.0704, -0.1634, -0.3275]]",20260905_004057_loop_lstm_ret_skew_5
116,ret_skew_8,ret_skew_8,M,-0.008900427941771483,0.4666666666666667,-0.10962772492383088,-0.15528508455471268,0.01031719177334578,-0.2110391172955639,,KEEP,0.10390277810907741,208,"[[73.2836, 102.3064, 125.6401], [47.8022, 68.589, 82.5484], [77.661, 109.1683, 133.8847], [46.0109, 66.0499, 80.8841], [25.2305, 35.62, 43.3941]]","[[0.0128, -0.0911, -0.0527], [-0.0089, -0.0281, -0.122], [0.052, -0.0199, 0.0571], [0.0731, -0.074, -0.1553], [0.1106, 0.2943, 0.0556]]",20260905_004125_loop_lstm_ret_skew_8
117,ret_skew_10,ret_skew_10,M,-0.07216198927282313,0.2,-0.25910372438286533,-0.33447260153602887,-0.024017269031229027,-0.281457231023885,,KEEP,0.10390277810907741,209,"[[73.2924, 102.3082, 125.7307], [47.8667, 68.6703, 82.4139], [77.8923, 109.5334, 134.0412], [46.0537, 66.0822, 80.7242], [25.2316, 35.6916, 43.3322]]","[[-0.0121, -0.0017, -0.0722], [-0.1349, -0.1186, 0.1629], [-0.2978, -0.3345, -0.1168], [-0.093, -0.0489, 0.1977], [-0.0042, -0.201, 0.1425]]",20260905_004153_loop_lstm_ret_skew_10
118,ret_skew_15,ret_skew_15,M,0.12464160609798602,0.8666666666666667,-0.0459660983558363,-0.10622611476411858,0.029829437631001543,-0.12162232469710155,,KEEP,0.10390277810907741,210,"[[73.1778, 102.1012, 125.5144], [47.8105, 68.6046, 82.4912], [77.783, 109.1135, 133.7928], [46.0056, 65.9269, 80.6236], [25.2584, 35.6824, 43.308]]","[[0.1564, 0.2024, 0.1721], [0.1174, 0.0957, -0.0938], [0.1402, 0.3834, 0.1853], [0.1044, 0.2349, 0.1246], [-0.1062, 0.0257, 0.056]]",20260905_004222_loop_lstm_ret_skew_15
119,hma_slope1_volnorm,hma_slope1_volnorm,N,-0.08043805136461746,0.3333333333333333,-0.19751557670931064,-0.2657541313272782,-0.07342182019061116,-0.21641806422476595,,KEEP,0.10390277810907741,211,"[[73.2471, 102.1443, 125.4007], [47.79, 68.6598, 82.7104], [77.7378, 109.0886, 133.6298], [46.0607, 66.0586, 80.7801], [25.2593, 35.7166, 43.3854]]","[[-0.0947, -0.0423, 0.0906], [0.0428, -0.0804, -0.2658], [0.0581, 0.0228, 0.1218], [-0.1198, -0.1997, -0.1942], [-0.0036, -0.0959, -0.1788]]",20260905_004250_loop_lstm_hma_slope1_volnorm
120,hma_slope2_volnorm,hma_slope2_volnorm,N,0.05806588148565828,0.6,-0.02522873277206017,-0.0633058635641559,0.0011410095858255254,-0.08269236522031598,,KEEP,0.10390277810907741,212,"[[73.1393, 102.1622, 125.4034], [47.8203, 68.6199, 82.5272], [77.57, 108.8836, 133.6705], [46.0645, 66.025, 80.6337], [25.2606, 35.6927, 43.3161]]","[[0.1472, -0.0174, -0.0022], [-0.0633, 0.0581, 0.2215], [0.216, 0.188, -0.0304], [-0.0083, 0.0508, 0.1812], [-0.0052, 0.0671, 0.1598]]",20260905_004319_loop_lstm_hma_slope2_volnorm
121,hma_slope3_volnorm,hma_slope3_volnorm,N,-0.07708594512303435,0.2,-0.3167797084661572,-0.48788405293116455,-0.11292595965775032,-0.2593236488202644,,KEEP,0.10390277810907741,213,"[[73.2954, 102.5562, 126.0153], [47.8431, 68.6728, 82.6432], [77.6512, 108.9775, 133.612], [45.996, 66.0543, 80.776], [25.2616, 35.6544, 43.3358]]","[[-0.2133, -0.3857, -0.4879], [-0.0476, -0.0771, -0.1405], [-0.1047, -0.0862, 0.0438], [0.1487, -0.0443, -0.1765], [-0.004, 0.1071, -0.0455]]",20260905_004348_loop_lstm_hma_slope3_volnorm
122,hma_slope4_volnorm,hma_slope4_volnorm,N,0.08693988944502573,0.6,-0.15826490298269658,-0.24447303015677768,-0.025887892508258403,-0.15157083269330407,,KEEP,0.10390277810907741,214,"[[73.1904, 102.3451, 125.5546], [47.7841, 68.6036, 82.6144], [77.7356, 109.2439, 133.8675], [46.0231, 65.9093, 80.5717], [25.2397, 35.6756, 43.3582]]","[[0.1432, 0.2059, 0.3656], [0.1234, 0.1009, 0.0348], [-0.1087, -0.2445, -0.1913], [-0.0588, 0.2194, 0.253], [0.0869, -0.0594, -0.0518]]",20260905_004416_loop_lstm_hma_slope4_volnorm
123,hma_slope5_volnorm,hma_slope5_volnorm,N,-0.06255384289748367,0.13333333333333333,-0.1531450683669533,-0.16300926842578445,-0.06304531807848068,-0.23158881253044772,,KEEP,0.10390277810907741,215,"[[73.2643, 102.3681, 125.7129], [47.8139, 68.7154, 82.7325], [77.75, 109.298, 134.0816], [45.9727, 65.9807, 80.6294], [25.239, 35.692, 43.3809]]","[[-0.101, -0.0226, -0.1261], [-0.0626, -0.163, -0.143], [-0.0185, -0.0496, -0.1599], [0.1095, -0.1083, -0.0716], [0.0026, -0.0461, -0.0523]]",20260905_004445_loop_lstm_hma_slope5_volnorm
124,hma_slope8_volnorm,hma_slope8_volnorm,N,0.03977653516917812,0.6666666666666666,-0.030022238583278238,-0.05541208163748479,-0.037329238964178835,-0.041069790861336664,,KEEP,0.10390277810907741,216,"[[73.252, 102.3823, 125.4556], [47.8307, 68.6761, 82.7069], [77.5975, 108.8954, 133.5243], [45.983, 65.897, 80.4991], [25.2426, 35.7118, 43.3637]]","[[0.0168, -0.0139, 0.2047], [-0.0351, 0.0571, 0.031], [0.1961, 0.3684, 0.4156], [-0.0224, 0.1269, 0.1615], [-0.0141, -0.0554, 0.0398]]",20260905_004514_loop_lstm_hma_slope8_volnorm
125,hma_slope10_volnorm,hma_slope10_volnorm,N,-0.04094188804464327,0.4666666666666667,-0.30260250555458335,-0.33744224862923833,-0.003502846801017867,-0.254617875226959,,KEEP,0.10390277810907741,217,"[[73.282, 102.2897, 125.4337], [47.8274, 68.6099, 82.5845], [77.7173, 109.2157, 133.9749], [46.0265, 66.053, 80.7472], [25.2587, 35.6737, 43.3223]]","[[-0.0409, 0.0905, 0.0175], [0.0069, 0.0965, 0.148], [-0.1544, -0.2942, -0.3374], [-0.0946, -0.2367, -0.3082], [-0.064, 0.1068, 0.0955]]",20260905_004543_loop_lstm_hma_slope10_volnorm
126,hma_slope15_volnorm,hma_slope15_volnorm,N,0.04141511221217309,0.6,-0.16614199787116757,-0.23791793873451095,-0.031244945146902126,-0.16468020693289898,,KEEP,0.10390277810907741,218,"[[73.2093, 102.181, 125.5852], [47.7749, 68.4933, 82.3572], [77.6851, 109.1118, 133.8799], [46.0648, 66.1177, 80.9394], [25.2557, 35.6925, 43.4073]]","[[0.0992, 0.1063, -0.1208], [0.1098, 0.1699, 0.2752], [0.0414, 0.0952, 0.0709], [-0.0833, -0.098, -0.2379], [0.012, -0.0527, -0.1964]]",20260905_004612_loop_lstm_hma_slope15_volnorm
127,macd_hist_2_5_2_volnorm,macd_hist_2_5_2_volnorm,O,-0.00920665387991182,0.4666666666666667,-0.09571848902676816,-0.1480053038956486,0.023105256547206743,-0.1716075430424402,,KEEP,0.10390277810907741,219,"[[73.216, 102.2458, 125.3153], [47.7987, 68.5329, 82.4537], [77.8001, 109.1645, 133.8943], [45.9867, 65.8722, 80.4416], [25.2312, 35.6848, 43.3193]]","[[-0.0092, -0.0634, 0.2149], [-0.0497, -0.0579, -0.1172], [-0.148, -0.0484, -0.0107], [0.1696, 0.3713, 0.615], [0.0968, 0.0215, 0.2029]]",20260905_004641_loop_lstm_macd_hist_2_5_2_volnorm
128,macd_hist_2_8_3_volnorm,macd_hist_2_8_3_volnorm,O,-0.09656480501645248,0.2,-0.20411792104087834,-0.38858296301291784,-0.07264525154726531,-0.1895248540741079,,KEEP,0.10390277810907741,220,"[[73.2669, 102.3715, 125.8022], [47.8058, 68.6456, 82.5675], [77.623, 109.0731, 133.8388], [46.0861, 65.9948, 80.5193], [25.2324, 35.719, 43.3701]]","[[-0.0694, -0.123, -0.3886], [-0.0149, -0.1644, -0.1379], [0.2277, 0.0837, 0.0414], [-0.2162, -0.186, -0.0966], [-0.0047, -0.0958, -0.1173]]",20260905_004711_loop_lstm_macd_hist_2_8_3_volnorm
129,macd_hist_3_10_3_volnorm,macd_hist_3_10_3_volnorm,O,0.07526153031908178,0.6666666666666666,-0.09993072681193649,-0.11211491112943506,-0.08337935753193193,-0.004205578992011461,,KEEP,0.10390277810907741,221,"[[73.2407, 102.4832, 125.9433], [47.7698, 68.5902, 82.5511], [77.6547, 108.8875, 133.5028], [45.9929, 65.87, 80.5705], [25.2542, 35.6677, 43.313]]","[[0.0357, -0.109, -0.1121], [0.0753, 0.0807, 0.0198], [-0.0409, 0.1702, 0.2511], [0.2023, 0.1891, -0.0636], [-0.0863, 0.1436, 0.1317]]",20260905_004740_loop_lstm_macd_hist_3_10_3_volnorm
130,macd_hist_4_10_4_volnorm,macd_hist_4_10_4_volnorm,O,-0.01609424206905352,0.4,-0.11354244427232985,-0.2323669297407127,-0.012970605264350787,-0.06404407556561686,,KEEP,0.10390277810907741,222,"[[73.1357, 102.2035, 125.2526], [47.828, 68.6438, 82.5107], [77.6104, 109.1405, 133.6182], [46.0003, 65.8493, 80.6106], [25.2563, 35.6977, 43.3568]]","[[0.1433, 0.2729, 0.5484], [-0.1218, -0.0781, 0.0489], [0.057, -0.2324, -0.0864], [-0.0161, 0.0313, -0.0498], [-0.0084, -0.0841, -0.1012]]",20260905_004809_loop_lstm_macd_hist_4_10_4_volnorm
131,macd_hist_5_15_5_volnorm,macd_hist_5_15_5_volnorm,O,-0.12717148802525724,0.2,-0.29391588724794193,-0.3794165736750621,-0.05662512882655957,-0.3174884355077623,,DROP,0.10390277810907741,222,"[[73.3234, 102.4989, 125.6248], [47.8766, 68.7804, 82.7309], [77.7091, 109.2842, 134.1251], [45.966, 65.8559, 80.4042], [25.2524, 35.7182, 43.3677]]","[[-0.2567, -0.2891, -0.2971], [-0.1016, -0.199, -0.2668], [-0.1272, -0.1317, -0.3794], [0.0744, -0.01, 0.2561], [0.0155, -0.0575, -0.025]]",20260905_004839_loop_lstm_macd_hist_5_15_5_volnorm
132,psar_dir_2,psar_dir_2,P,-0.019929275965369087,0.4,-0.3287063193289752,-0.4538057907776505,-0.056758834871284414,-0.1952889145586223,,KEEP,0.10390277810907741,223,"[[73.2393, 102.4452, 125.821], [47.7966, 68.5907, 82.4799], [77.7237, 109.3048, 134.1395], [45.9661, 65.8304, 80.3528], [25.2583, 35.7048, 43.374]]","[[-0.1415, -0.2365, -0.4538], [0.0656, 0.0773, 0.0374], [-0.146, -0.1505, -0.3902], [0.0743, 0.0288, 0.3198], [-0.0079, -0.0199, -0.0396]]",20260905_004909_loop_lstm_psar_dir_2
133,psar_dir_3,psar_dir_3,P,-0.04284332792467982,0.4,-0.2180542450044376,-0.4443247403486117,-0.061358329594995986,-0.21978938940332426,,KEEP,0.10390277810907741,224,"[[73.2706, 102.3948, 125.7777], [47.8459, 68.708, 82.6229], [77.7739, 109.1643, 134.0515], [46.0358, 65.9935, 80.7098], [25.2601, 35.7042, 43.3473]]","[[-0.0428, 0.0492, 0.0344], [-0.1031, -0.171, -0.1735], [-0.0646, 0.1285, 0.0656], [-0.1516, -0.2478, -0.4443], [-0.0071, 0.0016, 0.0616]]",20260905_004939_loop_lstm_psar_dir_3
134,psar_dir_4,psar_dir_4,P,0.10978715485074897,0.7333333333333333,-0.09277067327847721,-0.17575671775043045,-0.010373341970004724,-0.14924841159003055,,KEEP,0.10390277810907741,225,"[[73.2524, 102.1065, 125.2837], [47.7479, 68.4024, 82.2899], [77.8281, 109.2481, 134.2871], [46.02, 65.8975, 80.4459], [25.2423, 35.665, 43.3921]]","[[0.0249, 0.2816, 0.3928], [0.2049, 0.4448, 0.4031], [-0.0697, -0.0767, -0.1758], [0.0343, 0.1454, 0.327], [0.0706, 0.1098, -0.1035]]",20260905_005009_loop_lstm_psar_dir_4
135,psar_dir_5,psar_dir_5,P,-0.15529801667548693,0.26666666666666666,-0.4442498838025477,-0.5196198853961054,-0.14491299017012071,-0.24855032913229103,,DROP,0.10390277810907741,225,"[[73.1563, 102.4044, 125.6605], [47.822, 68.7183, 82.7175], [77.6356, 108.9345, 133.8152], [46.0543, 66.1044, 80.782], [25.2697, 35.7222, 43.4167]]","[[0.1312, -0.2917, -0.3008], [-0.1553, -0.4619, -0.5196], [0.2474, 0.287, 0.3514], [-0.0746, -0.314, -0.4178], [-0.1087, -0.1602, -0.0567]]",20260905_005038_loop_lstm_psar_dir_5
136,psar_dir_8,psar_dir_8,P,-0.13003420420094614,0.2,-0.401834481223875,-0.41490149564245016,-0.09408342728798313,-0.24958871185014608,,DROP,0.10390277810907741,225,"[[73.295, 102.3761, 125.7237], [47.7787, 68.6778, 82.6313], [77.7368, 109.0157, 133.7663], [46.0803, 66.0729, 80.7682], [25.2751, 35.7001, 43.3944]]","[[-0.0581, -0.264, -0.3512], [-0.0645, -0.4026, -0.4149], [0.1174, 0.2127, 0.3879], [-0.1311, -0.2661, -0.4007], [-0.13, -0.0982, -0.0052]]",20260905_005108_loop_lstm_psar_dir_8
137,psar_dir_10,psar_dir_10,P,-0.07763136362568535,0.3333333333333333,-0.3895677809884468,-0.43475987913030867,-0.06890556909198153,-0.20475831421287172,,KEEP,0.10390277810907741,226,"[[73.1161, 102.2168, 125.3165], [47.7942, 68.6998, 82.629], [77.7035, 109.0867, 134.0265], [46.0407, 66.0392, 80.7321], [25.2662, 35.6927, 43.3835]]","[[0.1861, -0.108, -0.0262], [-0.097, -0.4348, -0.4121], [0.1601, 0.1477, 0.1941], [-0.045, -0.215, -0.3558], [-0.0947, -0.0776, 0.02]]",20260905_005138_loop_lstm_psar_dir_10
138,psar_dir_15,psar_dir_15,P,0.03421465814041902,0.6,-0.10136317688280272,-0.15275250912101246,-0.03466733514665421,-0.19001130755300633,,KEEP,0.10390277810907741,227,"[[73.2278, 102.2381, 125.1693], [47.7827, 68.6156, 82.4809], [77.5551, 108.8244, 133.3574], [46.0637, 66.1224, 80.7841], [25.2349, 35.7054, 43.3686]]","[[-0.1528, -0.0209, 0.1175], [0.0242, 0.1226, 0.1792], [0.191, 0.2404, 0.4992], [-0.0501, -0.126, -0.0645], [0.1236, -0.0357, 0.0342]]",20260905_005208_loop_lstm_psar_dir_15
139,psar_logdist_2,psar_logdist_2,P,-0.09339087847852756,0.4,-0.27396662740887034,-0.38473946883088583,-0.008640564964079722,-0.13646340437176718,,KEEP,0.10390277810907741,228,"[[73.1696, 102.3764, 125.6508], [47.8555, 68.6796, 82.6328], [77.7392, 109.087, 133.7518], [46.0153, 65.9614, 80.4697], [25.2353, 35.6966, 43.3351]]","[[0.0795, -0.1353, -0.3847], [-0.1525, -0.0934, -0.1841], [-0.2373, -0.2413, -0.2957], [0.105, 0.2436, 0.3892], [-0.0016, 0.0247, 0.0773]]",20260905_005238_loop_lstm_psar_logdist_2
140,psar_logdist_3,psar_logdist_3,P,0.014735577674918066,0.5333333333333333,-0.22671264487359455,-0.27796002328139835,-0.09530349248041414,-0.16534694483225643,,KEEP,0.10390277810907741,229,"[[73.1296, 102.0287, 125.1749], [47.8485, 68.6563, 82.6844], [77.8407, 109.2249, 134.0682], [45.9838, 65.8284, 80.4102], [25.2874, 35.7723, 43.4555]]","[[0.0547, 0.3396, 0.3788], [0.0147, 0.034, -0.0624], [-0.1306, -0.1263, -0.2365], [0.0686, 0.2015, 0.074], [-0.2064, -0.212, -0.278]]",20260905_005308_loop_lstm_psar_logdist_3
141,psar_logdist_4,psar_logdist_4,P,-0.0765437032347327,0.4666666666666667,-0.2677553638666774,-0.33953435345634997,-0.07289159775907272,-0.22377947577987278,,KEEP,0.10390277810907741,230,"[[73.1972, 102.3258, 125.4618], [47.8102, 68.5186, 82.3915], [77.7691, 109.4334, 134.1708], [46.0563, 65.9816, 80.6832], [25.2644, 35.7002, 43.3596]]","[[-0.0925, -0.2912, -0.2292], [0.0799, 0.2006, 0.3542], [0.0919, -0.191, -0.0765], [-0.1577, -0.2326, -0.3395], [0.0909, 0.2016, 0.2207]]",20260905_005338_loop_lstm_psar_logdist_4
142,psar_logdist_5,psar_logdist_5,P,-0.052382358160874,0.3333333333333333,-0.3044401825684817,-0.466052092202629,-0.17633639616709829,-0.27240854210290877,,KEEP,0.10390277810907741,231,"[[73.288, 102.6017, 126.0465], [47.8249, 68.615, 82.4976], [77.6502, 109.2453, 133.918], [46.0325, 66.1144, 80.9475], [25.2776, 35.6998, 43.3734]]","[[-0.1241, -0.2697, -0.4661], [-0.0307, -0.1407, -0.1289], [0.1529, 0.1719, 0.1884], [0.0517, -0.2013, -0.3276], [-0.0524, 0.0011, -0.0316]]",20260905_005408_loop_lstm_psar_logdist_5
143,psar_logdist_8,psar_logdist_8,P,0.01847341205931663,0.6666666666666666,-0.10860649121357202,-0.23460343414549722,-0.051717338753132225,-0.22917590348618955,,KEEP,0.10390277810907741,232,"[[73.3617, 102.5621, 126.1902], [47.8161, 68.5706, 82.5507], [77.8324, 109.1481, 133.9204], [46.0303, 66.0209, 80.784], [25.2408, 35.6938, 43.3448]]","[[-0.1005, 0.0386, -0.114], [0.0185, 0.0647, -0.0644], [-0.2346, 0.089, -0.0018], [0.0047, 0.1414, 0.202], [0.1459, 0.0169, 0.0659]]",20260905_005438_loop_lstm_psar_logdist_8
144,psar_logdist_10,psar_logdist_10,P,0.04554455268707125,0.6,-0.11827206620637298,-0.13158953233147752,-0.07684259501774537,-0.1411778497652172,,KEEP,0.10390277810907741,233,"[[73.1921, 102.2733, 125.4651], [47.879, 68.6382, 82.6593], [77.7256, 109.0104, 133.8911], [46.0094, 65.8979, 80.5432], [25.2482, 35.7211, 43.3869]]","[[0.2311, 0.2816, 0.5746], [-0.1316, -0.0985, -0.1315], [0.1372, 0.1261, 0.0219], [0.0455, 0.1863, 0.2981], [-0.0295, -0.0765, -0.0972]]",20260905_005508_loop_lstm_psar_logdist_10
145,psar_logdist_15,psar_logdist_15,P,-0.04477015691486397,0.13333333333333333,-0.15488505418651322,-0.17257982659795168,-0.09694289537995893,-0.18601121222494577,,KEEP,0.10390277810907741,234,"[[73.2249, 102.4194, 125.6695], [47.8444, 68.7335, 82.7435], [77.7386, 109.0474, 134.0122], [46.0284, 65.9887, 80.6822], [25.2576, 35.7062, 43.4027]]","[[-0.0448, -0.1428, -0.1629], [0.0721, -0.1389, -0.1019], [-0.0168, -0.0339, -0.0904], [-0.0413, -0.1378, -0.1726], [-0.0373, 0.0417, -0.0364]]",20260905_005539_loop_lstm_psar_logdist_15
146,psar_age_log_2,psar_age_log_2,P,0.02134004898314279,0.6666666666666666,-0.23667997946073438,-0.272689192073039,-0.07912777981360364,-0.23519564879348476,,KEEP,0.10390277810907741,235,"[[73.2093, 102.1806, 125.2841], [47.7168, 68.516, 82.4096], [77.7444, 109.3447, 134.1598], [46.0262, 66.1129, 80.8992], [25.2531, 35.6949, 43.3905]]","[[0.0213, 0.2332, 0.3067], [0.2668, 0.3165, 0.4035], [-0.0075, -0.2727, -0.1101], [0.0047, -0.1883, -0.2689], [0.0178, 0.0315, 0.0281]]",20260905_005609_loop_lstm_psar_age_log_2
147,psar_age_log_3,psar_age_log_3,P,-0.09317965306727682,0.3333333333333333,-0.39289400070339653,-0.4329556972082038,-0.14953080037458655,-0.33451509421633663,,KEEP,0.10390277810907741,236,"[[73.1685, 102.2024, 125.4008], [47.8922, 68.7968, 82.7664], [77.7023, 109.1376, 133.8736], [46.1083, 66.2043, 80.8366], [25.2709, 35.7422, 43.4377]]","[[0.0557, -0.0214, -0.0932], [-0.3675, -0.4098, -0.433], [0.0542, 0.1894, 0.2133], [-0.1783, -0.1382, 0.0773], [-0.0703, -0.1325, -0.1087]]",20260905_005639_loop_lstm_psar_age_log_3
148,psar_age_log_4,psar_age_log_4,P,0.10554342968772668,0.7333333333333333,-0.30395145663020706,-0.5518737633888993,-0.0893655855256581,-0.1624093301637597,,KEEP,0.10390277810907741,237,"[[73.2773, 102.6188, 126.0929], [47.8128, 68.6495, 82.5306], [77.7084, 109.1153, 133.5818], [46.0717, 65.9212, 80.5506], [25.2542, 35.6608, 43.3918]]","[[-0.1487, -0.4075, -0.5519], [0.1658, 0.2141, 0.2849], [-0.0079, 0.0204, 0.218], [0.0794, 0.4276, 0.3539], [0.0659, 0.2278, 0.1055]]",20260905_005710_loop_lstm_psar_age_log_4
149,psar_age_log_5,psar_age_log_5,P,0.006593155589307287,0.5333333333333333,-0.27196492179315523,-0.35080885834550823,-0.07697296148314603,-0.1817883540998988,,KEEP,0.10390277810907741,238,"[[73.199, 102.2922, 125.7444], [47.7902, 68.5766, 82.5006], [77.5933, 109.1211, 133.8637], [46.0916, 66.1273, 80.8331], [25.2526, 35.6858, 43.4106]]","[[0.1068, 0.3183, 0.2764], [0.0472, 0.1062, 0.0364], [0.1481, -0.0053, -0.211], [-0.0433, -0.3126, -0.3508], [0.0066, -0.07, -0.0433]]",20260905_005741_loop_lstm_psar_age_log_5
150,psar_age_log_8,psar_age_log_8,P,-0.04171706128022201,0.3333333333333333,-0.1634517523787382,-0.18232819278811707,-0.1104632423738483,-0.22358125213919333,,KEEP,0.10390277810907741,239,"[[73.2937, 102.4407, 125.9347], [47.8101, 68.7017, 82.6011], [77.7264, 109.0552, 133.9642], [46.0592, 65.9823, 80.5391], [25.261, 35.6915, 43.3365]]","[[-0.1294, -0.1452, -0.1513], [-0.0417, -0.1823, -0.1218], [-0.1715, 0.0603, -0.0751], [0.0703, 0.2192, 0.3637], [-0.0335, -0.0161, 0.1708]]",20260905_005812_loop_lstm_psar_age_log_8
151,psar_age_log_10,psar_age_log_10,P,0.08401507177676626,0.6,-0.07131810201686406,-0.18865421396674353,-0.03422253601652603,-0.15495940962146904,,KEEP,0.10390277810907741,240,"[[73.2056, 102.5083, 125.8288], [47.7934, 68.4784, 82.2513], [77.6547, 109.1354, 134.0553], [46.006, 65.866, 80.4244], [25.268, 35.7053, 43.4182]]","[[0.1202, -0.066, 0.084], [0.0349, 0.3249, 0.4235], [0.0922, -0.0735, -0.068], [0.1156, 0.1763, 0.1424], [-0.0277, -0.0386, -0.1887]]",20260905_005843_loop_lstm_psar_age_log_10
152,psar_age_log_15,psar_age_log_15,P,0.0029005542173887733,0.5333333333333333,-0.1906106139021979,-0.2577098743740125,-0.045021734045658235,-0.14850723830193147,,KEEP,0.10390277810907741,241,"[[73.2471, 102.4012, 125.7571], [47.74, 68.4567, 82.245], [77.751, 109.2038, 133.9863], [46.0816, 66.003, 80.6317], [25.2673, 35.7478, 43.3659]]","[[-0.0567, 0.1045, 0.057], [0.1118, 0.0317, 0.0076], [-0.124, -0.0627, 0.0514], [-0.1643, -0.2081, -0.2577], [0.0029, -0.1192, 0.1206]]",20260905_005913_loop_lstm_psar_age_log_15
153,log_rv2_med2d,log_rv2_med2d,Q,0.018900594182558184,0.6,-0.23905087728715468,-0.41640270114822187,-0.09243215122205495,-0.20960187236755967,,KEEP,0.10390277810907741,242,"[[73.2421, 102.5136, 125.5746], [47.8006, 68.5841, 82.5875], [77.6901, 108.9743, 133.5573], [46.06, 66.1736, 80.801], [25.2565, 35.7411, 43.2854]]","[[0.0068, -0.1098, 0.1451], [-0.1269, -0.1861, -0.4164], [0.0784, 0.2102, 0.3202], [0.0469, -0.2584, -0.21], [0.0428, 0.0189, 0.1855]]",20260905_005944_loop_lstm_log_rv2_med2d
154,log_rv3_med2d,log_rv3_med2d,Q,0.025159688604603492,0.5333333333333333,-0.2154965945433185,-0.298346405627381,-0.01395114157327626,-0.1375687945345705,,KEEP,0.10390277810907741,243,"[[73.1605, 102.2245, 125.543], [47.7691, 68.4225, 82.1898], [77.6684, 109.1733, 133.9557], [46.138, 66.2102, 80.9836], [25.2695, 35.7123, 43.3719]]","[[0.1115, 0.2821, 0.0252], [0.0659, 0.2356, 0.4816], [0.028, -0.1826, -0.2983], [-0.1694, -0.0553, -0.226], [-0.0515, 0.0805, -0.1997]]",20260905_010016_loop_lstm_log_rv3_med2d
155,log_rv4_med2d,log_rv4_med2d,Q,-0.08139568969611766,0.3333333333333333,-0.257533269078718,-0.31678217907420425,-0.1400770498837245,-0.1833995684823453,,KEEP,0.10390277810907741,244,"[[73.2112, 102.3421, 125.6452], [47.7903, 68.5407, 82.4501], [77.7568, 109.4069, 133.7193], [46.0419, 65.9907, 80.4565], [25.2335, 35.7431, 43.4962]]","[[-0.0694, -0.1151, -0.0814], [-0.0444, -0.1727, -0.3168], [-0.1138, -0.214, 0.1765], [0.2083, 0.3314, 0.6509], [0.1423, -0.0861, -0.2866]]",20260905_010048_loop_lstm_log_rv4_med2d
156,log_rv5_med2d,log_rv5_med2d,Q,-0.07712071080507865,0.3333333333333333,-0.213054724863051,-0.3424378117634852,-0.07860343486234544,-0.2232233415927043,,KEEP,0.10390277810907741,245,"[[73.3381, 102.5666, 125.901], [47.8241, 68.6754, 82.5684], [77.7349, 108.9782, 133.8528], [46.0374, 66.0221, 80.732], [25.253, 35.6461, 43.3063]]","[[-0.1733, -0.2194, -0.2035], [-0.0708, -0.1965, -0.1435], [0.0282, 0.3918, -0.0999], [0.0099, -0.0476, -0.3424], [-0.0771, 0.2713, 0.4366]]",20260905_010119_loop_lstm_log_rv5_med2d
157,log_rv8_med2d,log_rv8_med2d,Q,0.04348277778035703,0.6,-0.23116190180040963,-0.3312605392202128,-0.06032346614095463,-0.20767002478474517,,KEEP,0.10390277810907741,246,"[[73.2733, 102.4918, 125.7764], [47.8025, 68.6555, 82.7731], [77.7734, 109.3392, 134.1287], [46.0052, 65.9934, 80.5943], [25.2356, 35.6947, 43.3654]]","[[0.0883, 0.073, 0.0989], [0.0451, 0.0289, -0.2479], [-0.0496, -0.3313, -0.2061], [0.0698, 0.0435, 0.1706], [0.0688, -0.1365, -0.1365]]",20260905_010150_loop_lstm_log_rv8_med2d
158,log_rv10_med2d,log_rv10_med2d,Q,-0.01987841562089976,0.3333333333333333,-0.09769239968033361,-0.11784650749682157,-0.08751172537573293,-0.2589902853562531,,KEEP,0.10390277810907741,247,"[[73.2782, 102.3437, 125.6641], [47.8589, 68.6798, 82.6831], [77.8141, 109.3075, 134.2827], [46.0144, 65.9335, 80.6255], [25.248, 35.7204, 43.3702]]","[[-0.0067, 0.1445, 0.0893], [-0.1178, -0.0353, 0.1088], [-0.0523, 0.029, -0.1149], [-0.0199, 0.0909, -0.0387], [-0.049, -0.0719, -0.0111]]",20260905_010222_loop_lstm_log_rv10_med2d
159,log_rv15_med2d,log_rv15_med2d,Q,0.02381576599945756,0.6666666666666666,-0.22137208906047423,-0.25282779708619696,-0.03494690718874871,-0.27569340180833013,,KEEP,0.10390277810907741,248,"[[73.2249, 102.3988, 125.6005], [47.8468, 68.6762, 82.5876], [77.8133, 109.1796, 133.8436], [46.1219, 66.1002, 80.7892], [25.242, 35.6949, 43.3753]]","[[0.0727, -0.0539, 0.0506], [0.0253, 0.0052, 0.1155], [0.001, 0.117, 0.327], [-0.2336, -0.2528, -0.2031], [0.0238, 0.0716, -0.0119]]",20260905_010254_loop_lstm_log_rv15_med2d
160,r5_2,r5_2,R,0.14484682177424713,0.8,-0.12100134143266937,-0.3157901256864992,-0.0218929478354557,-0.1518181037945654,,KEEP,0.10390277810907741,249,"[[73.2846, 102.5497, 125.9972], [47.7759, 68.548, 82.468], [77.7295, 108.7795, 133.5997], [45.9976, 66.0043, 80.7311], [25.2302, 35.6857, 43.264]]","[[-0.0815, -0.1473, -0.3158], [0.1482, 0.1866, 0.1448], [0.1078, 0.3664, 0.1823], [0.2694, 0.145, 0.0719], [0.0465, 0.0257, 0.2566]]",20260905_010325_loop_lstm_r5_2
161,r5_3,r5_3,R,-0.024797445936486362,0.4,-0.20381274930364232,-0.34119735817901287,0.035462469771596616,-0.16741675566540604,,KEEP,0.10390277810907741,250,"[[73.2113, 102.2612, 125.7625], [47.8102, 68.3887, 82.1185], [77.7722, 109.1507, 133.945], [46.0387, 66.0207, 80.5862], [25.26, 35.6882, 43.3167]]","[[0.1001, 0.2813, 0.1862], [-0.0718, 0.2324, 0.4238], [-0.0549, -0.3412, -0.2585], [-0.0893, -0.0248, 0.1795], [-0.1178, -0.0071, -0.1218]]",20260905_010356_loop_lstm_r5_3
162,log_c5_ema5_2,log_c5_ema5_2,S,-0.08816769417656634,0.3333333333333333,-0.32390292470830584,-0.574791632498628,-0.05990368580806038,-0.261976369126371,,KEEP,0.10390277810907741,251,"[[73.2758, 102.3774, 125.5936], [47.8284, 68.5802, 82.5905], [77.6149, 109.066, 133.498], [46.1214, 66.2215, 80.8578], [25.2521, 35.7144, 43.3617]]","[[-0.0882, -0.1136, 0.1343], [-0.0382, -0.28, -0.5748], [0.2022, 0.0776, 0.3337], [-0.1797, -0.3043, -0.337], [0.031, -0.0735, -0.1038]]",20260905_010428_loop_lstm_log_c5_ema5_2
163,log_c5_ema5_3,log_c5_ema5_3,S,-0.0034543167700684663,0.4666666666666667,-0.2260639706825618,-0.6087608881180984,-0.09089104870936282,-0.17493227334379746,,KEEP,0.10390277810907741,252,"[[73.2151, 102.3727, 125.3974], [47.8526, 68.6893, 82.6838], [77.8251, 109.1807, 134.3107], [46.0152, 65.9719, 80.586], [25.2561, 35.6989, 43.3632]]","[[0.0829, 0.0046, 0.1563], [-0.0506, -0.1591, -0.113], [-0.2707, -0.1052, -0.6088], [0.2304, 0.377, 0.3361], [-0.0157, 0.0436, -0.0035]]",20260905_010500_loop_lstm_log_c5_ema5_3
