col,base,lag,PI_h1,PI_h2,PI_h3,SA_gain_e0_h1,SA_gain_e0_h2,SA_gain_e0_h3,SA_gain_b0306_h1,SA_gain_b0306_h2,SA_gain_b0306_h3,MI_minus_null_h1,MI_minus_null_h2,MI_minus_null_h3,PI_plus,SA_plus,MI_plus,keep_R1,keep_R2,keep_R3,keep_R4
fine:t-63m:return1,return1,t-63m,0.0,0.0,0.0,0.0052835380027649315,-0.010316467823767717,0.024842643843481227,-0.08721697499622927,-0.010422923077912927,-0.016249031742332498,0.016980426821832317,0.01867071126044717,0.015034859545488999,False,True,True,True,True,False,True
fine:t-63m:return5,return5,t-63m,-0.002803868667314191,0.0038094544441046687,0.0,-0.012361642085956248,-0.03375377233494348,-0.03248753368185753,-0.01055312224982341,0.047102980162971875,0.0028064766583679734,0.008902686526941928,0.022626240258629693,0.00916836496811868,False,False,True,True,False,False,False
fine:t-63m:candle_return,candle_return,t-63m,-0.0015771098504870906,0.0,0.0,-0.012917220929775652,-0.09755024185262862,0.015894120587456317,-0.12748209833295387,-0.09765678996209726,-0.018812325324368828,0.01535023757884435,0.018224994843947684,0.01642833313847092,False,False,True,True,False,False,False
fine:t-63m:log_range,log_range,t-63m,0.0010362381392852171,0.00035738466963645504,0.0,-0.017431432626069387,0.074861277550764,-0.05666225000950931,-0.02064436725739416,0.06920675375361451,0.07835915646540181,0.042275704209602694,0.022642823430189196,0.034073799635296886,True,False,True,True,True,True,False
fine:t-63m:body_over_range,body_over_range,t-63m,-0.00043775819630080076,0.0,0.0,-0.020014024938919128,0.026087414232844885,0.010626436160698916,-0.22045172556448556,0.030260155348271756,0.05044648331961055,0.024724511382673064,0.011604961316992402,0.014154663337527573,False,True,True,True,True,False,True
fine:t-63m:close_position,close_position,t-63m,0.0013369662824445072,0.0,0.0,-0.013784038548503297,0.00784438873848714,0.046810568626654,-0.03500735166537261,0.07119827094321796,0.11104804020829473,0.018965450753428037,0.026900471992615582,0.008448476123931847,False,True,True,True,True,False,True
fine:t-63m:upper_wick,upper_wick,t-63m,0.005515092359374307,0.0,0.0,0.030696173182620523,-0.02428455605163471,-0.015767151346057773,0.04759144943381477,0.05969168195762986,0.05954802414458449,0.025732535347064545,0.010333168467592024,0.0069250526298096915,False,False,True,True,False,False,False
fine:t-63m:lower_wick,lower_wick,t-63m,0.003128791027980545,0.0,0.0,-0.007475491016806224,-0.01446781429810251,-0.0016136817870604503,0.0037297155840110285,0.021175225896918892,0.07626170660992582,0.020580804116614004,0.014664448148267617,0.009474194559559113,False,False,True,True,False,False,False
fine:t-63m:log_volume_delta,log_volume_delta,t-63m,0.005274907785794388,0.0,0.0,-0.006931494183692877,0.031856069167113255,-0.058288182786703224,-0.010946659200228304,0.04330827324992015,0.07673541780228721,0.0,-0.0014401936587384867,-0.003004656145948914,False,False,False,False,False,False,False
fine:t-63m:relative_log_volume60,relative_log_volume60,t-63m,0.0012807273766313187,0.0,0.0,0.0008653542784453627,-0.0404482866591227,-0.031652025475237267,-0.011117586275832814,0.0406162869414195,0.04433358465782966,0.0013585519827801207,-0.0038421409328819323,0.00279969890767795,False,False,True,True,False,False,False
fine:t-63m:volume_z60,volume_z60,t-63m,0.0,-0.0006727317440654209,0.0,0.024458509708102927,0.011400467619804289,0.03864884342642538,0.0003036107617204742,0.06436529907415389,0.04402576638879996,-0.0019223789414688497,0.004347401746002788,-0.002525424791808284,False,True,False,True,False,False,True
fine:t-63m:log_rv5_rv60,log_rv5_rv60,t-63m,0.0,0.00033556463341237003,0.0,-0.08490315349096722,-0.049559445875302366,-0.05851266103462649,-0.26162225281589624,0.04821932388940908,0.005708323507758184,0.001340383185749694,0.014503916854939902,0.003362316458622061,False,False,True,True,False,False,False
fine:t-63m:minute_mod5_sin,minute_mod5_sin,t-63m,0.0,0.0,0.0,0.051404649205533115,0.09464554424326588,0.08149447304595103,0.108636262325712,0.11976979560668344,0.10249786946482375,0.006603208423216156,-0.0014160095809208073,0.0030502162425634083,False,True,True,True,True,False,True
fine:t-63m:minute_mod5_cos,minute_mod5_cos,t-63m,0.0,0.0,0.0,0.06370070205029554,0.017760185468762568,0.005048978149380101,0.08208825265538788,0.056910460594206125,0.0746772851775157,0.0036972700436765926,-0.0016464732864580611,0.004730381349234314,False,True,True,True,True,False,True
fine:t-63m:time_of_day_sin,time_of_day_sin,t-63m,0.0,0.0,0.0,-0.05730546610744902,-0.07489640341382664,-0.19601279923902037,-0.000957328580497574,0.022907128244409325,-0.01997799606758832,0.0030611369248703113,0.02326584439694468,0.03822073557978989,False,False,True,True,False,False,False
fine:t-63m:time_of_day_cos,time_of_day_cos,t-63m,0.0,0.0,0.0,-0.011962908018636753,-0.021082920689186047,-0.06180082951516841,-0.015304117474013168,0.056305249736687824,0.011652212182766686,0.007443498793389125,0.026162104851686685,0.03714981063849532,False,False,True,True,False,False,False
fine:t-63m:rsi15_centered,rsi15_centered,t-63m,0.002939430247053565,0.0,0.0,0.007897225138175923,-0.01603659633617749,-0.02142470025803256,0.0004464924076241772,-0.01614305767905222,0.08460100257792202,0.021870782683982348,0.026365160690065004,0.034676747144048115,False,False,True,True,False,False,False
fine:t-63m:macd_hist_5_20_7_volnorm,macd_hist_5_20_7_volnorm,t-63m,0.0,0.0,0.0,-0.07610637396247011,-0.021751386780155535,-0.0658375560412372,-0.00974922931360478,0.04920339360748871,0.021680474406038375,-0.010146985454351665,0.004299531706146276,-0.008546318315378443,False,False,False,False,False,False,False
fine:t-63m:macd_hist_acceleration,macd_hist_acceleration,t-63m,0.0,0.0,0.0,-0.007107602765965559,-0.04546053454392851,-0.012122925331570222,-0.01450697203582152,0.052314229340999496,0.03208825545887306,0.015913038845170924,0.001972273931681201,0.0,False,False,True,True,False,False,False
fine:t-63m:ema_gap_8_32_volnorm,ema_gap_8_32_volnorm,t-63m,-0.0003157891662818694,0.001328985408638535,0.0,-0.012233004796802227,-0.007099337157678853,0.0177783647196339,-0.28683871089536517,0.05028124398640532,0.02523406956876917,0.007448172161685029,0.0032542312115309002,0.012404695845627423,False,False,True,True,False,False,False
fine:t-63m:hma_slope16_volnorm,hma_slope16_volnorm,t-63m,0.0,0.0036475583870867467,0.0,-0.024001543654983415,-0.013235767566732726,-0.02531162155432476,-0.014351013359270581,0.018639378426588138,0.05450067122491076,-0.007349982580051595,-0.0030646772675329004,0.001465622021058266,False,False,False,False,False,False,False
fine:t-63m:sign_flip_rate8,sign_flip_rate8,t-63m,0.0,0.0,0.0,-0.007864808025792591,-0.04295997426027043,-0.06086355081134087,-0.011239436040177964,0.0536664136589482,0.05878966773394945,0.007697375352023972,0.010916552238524613,0.0040506882203201755,False,False,True,True,False,False,False
fine:t-32m:return1,return1,t-32m,-0.0008017285894770984,0.0,0.0,-0.008373892658286586,-0.019637384425474913,-0.04214481856179564,-0.009058177069487527,0.05563912738296706,0.014023997316170433,0.024661468494111105,0.008537992049966192,0.024173342915946527,False,False,True,True,False,False,False
fine:t-32m:return5,return5,t-32m,-0.0003575757036221224,0.0,-0.00011254915611402794,0.001998225678057075,0.01437293133358386,-0.05497439825583594,-0.07223932309381453,0.04481454818443531,0.0800447305484675,0.016132605792063437,0.015634667491009502,0.017195024232580458,False,True,True,True,True,False,True
fine:t-32m:candle_return,candle_return,t-32m,0.0,0.0,0.0,-0.0059295211409349236,-0.019922397180005547,-0.037168657291308804,-0.009861876642136558,0.06637015174693062,0.025860701371627215,0.02570490019461502,0.007554580313293258,0.021551705303068047,False,False,True,True,False,False,False
fine:t-32m:log_range,log_range,t-32m,0.0008107007951707601,-0.00030413883192181856,0.0,-0.010440360922769898,-0.035857198138367075,-0.05527463668790755,-0.005545766429237986,0.04534970446822273,-0.01633176203801323,0.05383999446058052,0.032848037641560524,0.025608077034143584,False,False,True,True,False,False,False
fine:t-32m:body_over_range,body_over_range,t-32m,0.0,0.0,0.0,-0.05965176776165926,-0.017283859690331305,-0.03514847332233284,-0.02199300138294724,0.05258445787285071,0.07958304981500186,0.02934066757850573,0.0226707780618689,0.0068761362157916395,False,False,True,True,False,False,False
fine:t-32m:close_position,close_position,t-32m,0.0015692938594374557,0.0,0.0,-0.023088177632768492,0.06577436557329008,-0.017965586956947277,-0.013437735460564149,0.05643901716499977,0.004689658224565907,0.013520771665343378,0.016617914688146218,0.0019547498163667854,False,False,True,True,False,False,False
fine:t-32m:upper_wick,upper_wick,t-32m,0.0007471126350774663,0.0,0.0,-0.002300041230585137,-0.011929955007139448,-0.015293917233516474,-0.016520400113573253,0.05544325800076466,0.021072865394111684,0.025802736541590043,0.01617745577282692,-0.003045921125108375,False,False,True,True,False,False,False
fine:t-32m:lower_wick,lower_wick,t-32m,-0.0006597512607863602,0.0,0.0,-0.021740788983692916,-0.0060995863714996545,-0.018277781811781857,-0.17404753068861467,0.05118204910209423,0.04539510569303573,0.02564501392622942,0.02381551375849389,0.001744082907982225,False,False,True,True,False,False,False
fine:t-32m:log_volume_delta,log_volume_delta,t-32m,-0.001643141252972195,0.0,0.0,-0.0011482386161221214,0.07638230989719386,0.03002566608445445,0.013954147754924318,0.09208911020246457,0.09905889035782822,0.010216756449070274,-0.0004265870670829841,0.0,False,True,False,True,False,False,True
fine:t-32m:relative_log_volume60,relative_log_volume60,t-32m,-0.00023781169227987675,0.0,0.0,-0.004870482385754826,-0.09715371947995877,-0.07232777475782992,0.004778202104127605,0.0009213221143555828,0.06271477155062044,0.0,0.004937525304500312,0.003458354556337362,False,False,True,True,False,False,False
fine:t-32m:volume_z60,volume_z60,t-32m,-0.0002978477428830691,-0.003304819220559807,0.0,-0.018915027135513185,-0.04186172796809551,-0.06372625351347416,-0.12577133790954154,0.05279044931123522,0.07130468547698054,0.006981037067243179,0.0052661886934322055,0.0,False,False,True,True,False,False,False
fine:t-32m:log_rv5_rv60,log_rv5_rv60,t-32m,0.0,0.0,0.0,-0.007149448329402119,-0.03957225584270141,-0.05898710005953767,-0.006206806533226583,-0.022024400880549244,-0.011999070555290814,0.0009424463638554315,0.01724923283494384,0.025776556353046765,False,False,True,True,False,False,False
fine:t-32m:minute_mod5_sin,minute_mod5_sin,t-32m,0.0,0.0,0.0,0.051404649205533115,0.0946459920175724,0.08149447304595103,0.10864083413640868,0.11976979560668344,0.10249786946482375,0.0015508978226970171,-0.0020460664340875567,0.0019111654539627487,False,True,True,True,True,False,True
fine:t-32m:minute_mod5_cos,minute_mod5_cos,t-32m,0.0,0.0,0.0,-0.017517907746578132,0.06405527367137065,0.08265540247952563,-0.00786800300596191,0.07848494006562623,0.10027855743554026,0.008318668477419688,0.0,0.007794786423410915,False,True,True,True,True,False,True
fine:t-32m:time_of_day_sin,time_of_day_sin,t-32m,0.0,0.0,0.0,-0.006726316086447248,-0.017796682734672054,-0.026253294386591186,-0.00949626618327315,0.03826127080743813,0.010222279300997617,-0.00807976329428417,0.021795139942129893,0.034781846125722105,False,False,True,True,False,False,False
fine:t-32m:time_of_day_cos,time_of_day_cos,t-32m,0.0,0.0,0.0,-0.007973284637641243,-0.028838596514901838,-0.0577867283447997,-0.0032179812231802885,0.06891992269427716,0.028677796418496992,0.004403878278011142,0.030479265448845716,0.04711901771729998,False,False,True,True,False,False,False
fine:t-32m:rsi15_centered,rsi15_centered,t-32m,2.7443657179067788e-05,-0.0019117412328644907,0.0001446686685824261,-0.020349720115331316,0.05541544842677659,0.034953213096000635,-0.01069954215537905,0.052869223437146395,0.058888515624488935,0.008342142211650305,0.023878725346191843,0.011719692266535908,True,True,True,True,True,True,True
fine:t-32m:macd_hist_5_20_7_volnorm,macd_hist_5_20_7_volnorm,t-32m,0.00034058351567030815,-0.0015853345127775735,-0.006117971606660906,-0.01263338896833055,-0.03667815777055328,-0.06520771656641777,-0.002983955496582702,-0.0013806813457417633,0.025068411182660455,-0.00783279821185534,0.0020392053073878813,6.926170073029425e-05,False,False,True,True,False,False,False
fine:t-32m:macd_hist_acceleration,macd_hist_acceleration,t-32m,-0.0020590705691982216,0.0,0.0,0.09426671070853487,0.021133368799264307,-0.016954665808621705,-0.04771087126642648,-0.020463005930326794,0.011567163034575945,-0.0007270196490276604,0.0008379085155247878,-0.00011765492588899917,False,True,False,True,False,False,True
fine:t-32m:ema_gap_8_32_volnorm,ema_gap_8_32_volnorm,t-32m,0.0,0.0,-0.0011364580399231272,-0.0197483942677934,-0.04199531308339832,-0.05618450053790358,-0.01009827432505439,0.05159584333953582,0.029683897381138635,0.0019439915230137217,0.006232446131568814,0.006011635802263271,False,False,True,True,False,False,False
fine:t-32m:hma_slope16_volnorm,hma_slope16_volnorm,t-32m,0.0013205598976474182,0.0,0.0,-0.014175542683236841,0.0908125685153971,-0.003964500133690763,-0.036868199051087736,0.09544501179472586,0.07712002308150057,-0.000780264154816912,0.000246254519605138,0.008243126516775057,False,False,True,True,False,False,False
fine:t-32m:sign_flip_rate8,sign_flip_rate8,t-32m,-0.00020242198106738366,0.0,0.0,0.009623574906914012,-0.041777437751955304,-0.060805569632282896,-0.010567690965435084,0.05599372663014357,0.04297521760128209,0.005022225648866563,0.016937370063813795,0.002813258323147938,False,False,True,True,False,False,False
fine:t-16m:return1,return1,t-16m,0.0,0.0,0.0,-0.0013815911470427267,-0.03541225391103797,-0.06121044882205773,-0.010033017969268698,0.0485073592532137,0.04256995328312252,0.03438573317120852,0.014409495097424063,0.016236608194090785,False,False,True,True,False,False,False
fine:t-16m:return5,return5,t-16m,0.0,0.0027215959116044055,0.0,-0.04552135918436395,0.04509382879201995,-0.04841140717273262,-0.28293128268774836,0.06579367336873032,0.012439268674979687,0.026435759828372873,0.02145536889034627,0.021330763716194134,False,False,True,True,False,False,False
fine:t-16m:candle_return,candle_return,t-16m,0.0,0.0,0.0,-0.01697313430524261,-0.034619614844300095,-0.06017512795462032,-0.007323282125537567,0.021825687492538215,0.0014953474858470095,0.033355966631742895,0.015599995232736141,0.01923463425796257,False,False,True,True,False,False,False
fine:t-16m:log_range,log_range,t-16m,0.002309202895010761,0.0,0.0,0.017906132522438334,0.10452125269250212,0.018932660677573043,-0.04628801613353328,0.09919138834767471,0.07816367032970062,0.054159456845906284,0.02577787745650184,0.03349814300531495,False,True,True,True,True,False,True
fine:t-16m:body_over_range,body_over_range,t-16m,-7.858856911013845e-05,0.0,0.0,-0.013288101667674468,-0.01671711816124688,-0.013497455236266553,-0.0036386050278336413,0.05718556105224204,0.019484103402045427,0.029210386681659983,0.01594065238218967,0.019756676252161043,False,False,True,True,False,False,False
fine:t-16m:close_position,close_position,t-16m,-2.6837986344692883e-05,0.0,0.0,-0.02735046127884111,-0.019987597491333275,-0.020052256723990247,-0.017699607872367906,0.04812410632961672,0.007952102918551418,0.0172851027485188,0.01776000814985501,0.010790791149505985,False,False,True,True,False,False,False
fine:t-16m:upper_wick,upper_wick,t-16m,-0.0011394796351851255,0.0,0.0,-0.0220717834835904,0.013482079304016903,-0.055451772198811256,-0.0124214393752764,0.059790757353872515,0.027816333707630925,0.018752681794143022,0.01843651560384263,0.022446115970537583,False,False,True,True,False,False,False
fine:t-16m:lower_wick,lower_wick,t-16m,-0.0019005671199607832,0.0,0.0,-0.012722644941898231,-0.01848818887320025,-0.028165107530186972,-0.007415503124108547,0.04933696085200889,0.07072961492060603,0.017399116318252972,0.0290804743357147,0.010270300253576448,False,False,True,True,False,False,False
fine:t-16m:log_volume_delta,log_volume_delta,t-16m,0.00030509410960869826,0.0,0.0,-0.022786023425247492,-0.054250894993512766,-0.06234811056247125,-0.013135610405523579,-0.03586610645085475,0.01705370577802512,0.0,0.0,0.005092984133021616,False,False,False,False,False,False,False
fine:t-16m:relative_log_volume60,relative_log_volume60,t-16m,0.000555056541924633,0.0,0.0,-0.04373872052063632,-0.022105816972728398,-0.050770124454824206,-0.034086285939749494,-0.0222122847759465,0.019324517907370886,-0.0008450902953640593,0.002394532183827458,0.0,False,False,False,False,False,False,False
fine:t-16m:volume_z60,volume_z60,t-16m,-0.005624143169993563,-0.0006819761949283057,0.0,-0.006449695726584714,-0.0399487086898187,-0.0328335112864675,-0.0175855303963246,0.05782066846923284,0.10215573951041224,-0.0048646548126072275,-0.002362850204699285,0.0034299893223384004,False,False,False,False,False,False,False
fine:t-16m:log_rv5_rv60,log_rv5_rv60,t-16m,0.0003238749048743254,0.0,0.0,0.00463391015356196,0.041077778996012615,-0.06303160807388242,-0.019954078019890353,0.056580319578480864,0.01270047399156704,0.013392087748793635,0.005324835611369316,0.018040282314546907,False,True,True,True,True,False,True
fine:t-16m:minute_mod5_sin,minute_mod5_sin,t-16m,0.0,0.0,0.0,0.051404649205533115,0.09464554424326588,0.08149447304595103,0.108636262325712,0.11979151757434137,0.10249786946482375,0.003931576338842113,-0.0018337304610618332,0.0033526851031364657,False,True,True,True,True,False,True
fine:t-16m:minute_mod5_cos,minute_mod5_cos,t-16m,0.0,0.0,0.0,0.031519816964042935,-0.004415912225086416,0.016109979057110646,0.008113003579623967,0.05419825143215817,0.07689036094835622,-0.001374275296146532,-0.0032712356329738235,0.010597533606359733,False,True,False,True,False,False,True
fine:t-16m:time_of_day_sin,time_of_day_sin,t-16m,0.0,0.0,0.0,-0.006635853907566158,-0.028840526427398316,-0.03684335338678402,0.003013000909124486,-0.01894917609126523,0.0020992170080114114,-0.005483977686419728,0.031813553793557325,0.026702463120667375,False,False,True,True,False,False,False
fine:t-16m:time_of_day_cos,time_of_day_cos,t-16m,0.0,0.0,0.0,-0.019015779956688128,-0.02318779530483539,-0.022329851457225658,-0.009365730698163155,0.03772738316504265,-0.006676912925307477,-0.012428647207921806,0.01942356879865148,0.043985887528733336,False,False,True,True,False,False,False
fine:t-16m:rsi15_centered,rsi15_centered,t-16m,0.00040955321810779804,-0.0005185444727828781,0.0,-0.010912095852022574,-0.009170199051888872,-0.02950191144768244,-0.0012628284543181323,0.05911132892973958,0.006185435836592035,0.014674850370098191,0.012010197591696858,0.018109672538390242,False,False,True,True,False,False,False
fine:t-16m:macd_hist_5_20_7_volnorm,macd_hist_5_20_7_volnorm,t-16m,-0.001156634300161367,0.0,0.0,-0.00855160610799821,-0.028070354570286504,-0.0364204154903458,0.0010974335445945727,0.053225451538363444,0.0061308309669771965,-0.0026529159074781816,-0.0014346487301928335,-0.00018687319891164123,False,False,False,False,False,False,False
fine:t-16m:macd_hist_acceleration,macd_hist_acceleration,t-16m,-0.0015540480164659698,0.0,0.0,-0.014053387753487634,-0.01403410771136926,-0.026405077209279426,-0.01663506169635731,0.04821214046368816,0.07119816159040226,0.0,0.0,-0.003646225128393077,False,False,False,False,False,False,False
fine:t-16m:ema_gap_8_32_volnorm,ema_gap_8_32_volnorm,t-16m,0.0002993818060682922,0.002605651283156855,0.0,-0.0014549729996815586,-0.010664770539947632,-0.06708128539081315,-0.025415705428066815,0.05669911977126407,0.02376084579165383,0.0,0.0033797032641738056,0.0006507664313879502,True,False,True,True,True,True,False
fine:t-16m:hma_slope16_volnorm,hma_slope16_volnorm,t-16m,-0.0003762193602104465,0.0,-0.00016664164170758036,-0.01564709510253337,-0.03509631324174478,-0.04205361165239285,-0.005997370861954288,0.04745500623108967,0.048457790312139704,-0.00023612146585527682,0.009682762310778692,0.0,False,False,False,False,False,False,False
fine:t-16m:sign_flip_rate8,sign_flip_rate8,t-16m,0.0,0.0,0.0,-0.01677711795791126,-0.0297016597526234,-0.030127335327656546,-0.009007244995329344,0.008669557957929896,0.07438248690153637,0.011069352312186531,0.01688050664380336,0.008165534640105498,False,False,True,True,False,False,False
fine:t-8m:return1,return1,t-8m,-0.0023757924208969903,0.0,0.0,-0.0027794639688050182,-0.04162712669255608,-0.015266668920688176,-0.011510990078944516,-0.01818506453705737,0.04404195965564961,0.03493533731003229,0.016226402343702873,0.014815459243846085,False,False,True,True,False,False,False
fine:t-8m:return5,return5,t-8m,0.0,0.0,0.0,-0.00023887401046085444,-0.00986977869474881,-0.023738978776255415,-0.013153610888005929,0.03172295312555695,-0.004444494798261367,0.036355801633919604,0.023904109826658804,0.011518034638000607,False,False,True,True,False,False,False
fine:t-8m:candle_return,candle_return,t-8m,-0.00015448916249501585,0.0,0.0,-0.006973488575412468,-0.040307643467674126,-0.05792836331439677,-0.012188991922834624,-0.019000234896004997,0.05975789466949877,0.03331487533609767,0.01716961279125062,0.015524092263174083,False,False,True,True,False,False,False
fine:t-8m:log_range,log_range,t-8m,0.0,0.0,0.0,-0.009040177508778946,-0.04203487017291341,-0.06852874574281298,0.0006089092822181286,-0.011509706983936496,0.0665086739680798,0.036730327235002136,0.03228274420350896,0.017112370627547335,False,False,True,True,False,False,False
fine:t-8m:body_over_range,body_over_range,t-8m,0.0,0.0,0.0,0.02564851177567773,-0.012307848397630217,-0.06529068913132541,0.02151190403312242,0.054153641942000785,0.0697423609858916,0.02033664059234841,0.01879937207023019,0.010543646898254266,False,False,True,True,False,False,False
fine:t-8m:close_position,close_position,t-8m,0.0008927253803155585,0.0,0.0,0.000410576662623896,-0.14130358783375208,-0.03492020681574726,-0.01348564186431922,-0.043185288264435684,0.03626740851370158,0.02363099260521606,0.021959526628298587,0.018412180609164164,False,False,True,True,False,False,False
fine:t-8m:upper_wick,upper_wick,t-8m,-0.0002803207836403014,0.0,0.0,0.007198051058110444,-0.03979472948754115,0.053537076955778584,-0.008740224535008778,0.057974497187107676,0.058913199079779766,0.02160759555401981,0.021847770368698782,0.00934579532966362,False,True,True,True,True,False,True
fine:t-8m:lower_wick,lower_wick,t-8m,0.0,0.0,0.0,-0.003345418132516542,-0.02930205995592683,-0.04693533965349772,-0.11295869804348602,0.05789044085661166,0.08807294084772765,0.020660933711724727,0.01982589266076662,0.01000261816068937,False,False,True,True,False,False,False
fine:t-8m:log_volume_delta,log_volume_delta,t-8m,0.0,0.0,0.0,0.0173283293387394,-0.019238578088476288,-0.02804295626099851,0.026974872039620124,0.046968364990629397,0.015184287546443631,0.0008190688119702472,0.0028494828145007034,-0.0015245548401505715,False,False,True,True,False,False,False
fine:t-8m:relative_log_volume60,relative_log_volume60,t-8m,-0.0004150520942876786,0.0,0.0,-0.010706392796322461,0.010921076045489198,0.022396876882480043,-0.0262830944818937,0.05727628731515555,0.07351037344029976,0.0067312620567117065,0.0037999429814226104,0.004617960290025813,False,True,True,True,True,False,True
fine:t-8m:volume_z60,volume_z60,t-8m,0.00492582827372227,0.0,0.0,-0.030993962624825677,-0.05307614509522107,-0.02400794881054491,-0.09785554611949632,0.04353543434431062,0.06922391106436443,0.0023551405218533716,0.0002533220651743662,-0.006177539546571964,False,False,True,True,False,False,False
fine:t-8m:log_rv5_rv60,log_rv5_rv60,t-8m,0.0,0.0,0.0,-0.03594830709001684,-0.01868223266243696,-0.05246527270579282,-0.055683036897691274,0.02497483400113465,0.011247504026579147,0.02192453426705665,0.010241497659544407,0.017307214147255223,False,False,True,True,False,False,False
fine:t-8m:minute_mod5_sin,minute_mod5_sin,t-8m,0.0,0.0,0.0,0.051404649205533115,0.09464554424326588,0.08149447304595103,0.108636262325712,0.11976979560668344,0.10249786946482375,0.004074031241319442,-0.00024197875624309972,0.002276991557309316,False,True,True,True,True,False,True
fine:t-8m:minute_mod5_cos,minute_mod5_cos,t-8m,0.0,0.0,0.0,0.06370070205029554,0.017760185468762568,0.005048978149380101,0.08208825265538788,0.056910460594206125,0.0746772851775157,0.002583681975649288,-0.001803677003529458,0.002318900214510755,False,True,True,True,True,False,True
fine:t-8m:time_of_day_sin,time_of_day_sin,t-8m,0.0,0.0,0.0,-0.006532517931789883,-0.022387239438348416,-0.055865069208071994,-0.008912257004278779,0.03557525442122733,0.010952233238303855,-0.00234149082982249,0.021828931412680497,0.03447787198341423,False,False,True,True,False,False,False
fine:t-8m:time_of_day_cos,time_of_day_cos,t-8m,0.0,0.0,0.0,0.03820273386524464,0.017122939031977147,0.009367400557358518,-0.01635626053613226,0.017016512985523757,0.014745898569090699,-0.0031039734191873336,0.02612821013822675,0.049724906503802124,False,True,True,True,True,False,True
fine:t-8m:rsi15_centered,rsi15_centered,t-8m,0.0004751786922933358,0.0,0.0,-0.06068001901033959,0.02998107781153614,0.03254168678789027,-0.05102594989663256,0.05242817517185916,0.14613493123172283,0.025488595663718527,0.022739695122242942,0.044685841229141765,False,True,True,True,True,False,True
fine:t-8m:macd_hist_5_20_7_volnorm,macd_hist_5_20_7_volnorm,t-8m,0.0007819505641298482,0.0,7.08211135389547e-05,-0.014226304947917434,-0.02410863489257231,-0.040978132458091565,-0.05586347579871198,0.011149504974927726,0.07870061865448141,0.0,0.005201720751955463,0.00109590221825151,True,False,True,True,True,True,False
fine:t-8m:macd_hist_acceleration,macd_hist_acceleration,t-8m,0.00142724906032754,0.0,0.0,-0.010070606738543653,-0.020609474502442104,-0.021911654853346008,-0.07227777379148481,0.045185189159402395,0.011490202749897538,0.008535034138554387,-0.002423834873148678,0.009067622368473138,False,False,True,True,False,False,False
fine:t-8m:ema_gap_8_32_volnorm,ema_gap_8_32_volnorm,t-8m,-0.006851595687045631,0.002179300526629883,0.0,-0.015739774569012432,-0.025978311345875582,-0.017025717659624462,-0.014528279178582792,0.057553904417828594,0.07115538455049197,0.007169319631174176,0.006696996526994958,0.006726550433986844,False,False,True,True,False,False,False
fine:t-8m:hma_slope16_volnorm,hma_slope16_volnorm,t-8m,-0.0003713540505619524,0.0,0.0,-0.01328438517631536,0.004879463812113016,-0.055892691076531165,-0.0036348888950543667,0.053890197848582844,0.02343723646540674,0.0,0.0,0.0,False,False,False,False,False,False,False
fine:t-8m:sign_flip_rate8,sign_flip_rate8,t-8m,-0.00048637585717633175,0.0,0.0,-0.007697767317971227,-0.016912175223260384,-0.022011054005677266,-0.010474678646987812,0.0567662237251465,0.07060510941558906,0.015556975153009134,-0.0011865556121790632,0.012446301067985388,False,False,True,True,False,False,False
fine:t-4m:return1,return1,t-4m,0.0,0.0,0.0,-0.033057393443769456,0.011529510684660238,-0.022175485555697705,-0.023405989420233198,0.053535746909749715,0.034325941308221974,0.027974475622519535,0.02169240066626532,0.010781573635596509,False,False,True,True,False,False,False
fine:t-4m:return5,return5,t-4m,0.0,0.0,0.0,-0.01687092530067158,-0.004376143543050048,-0.0012595738574594506,-0.010197201928985322,0.05682217715222704,0.004119495779431048,0.029062702933053686,0.010358238404747588,0.021471462465830093,False,False,True,True,False,False,False
fine:t-4m:candle_return,candle_return,t-4m,-0.0014236122064019696,-0.0005570073397554628,0.0,-5.8280979642333364e-05,0.010732272344393667,-0.023533098159989052,-0.024023073644219295,0.05452104642660327,0.028505863167394008,0.029236248762146033,0.022806703752403124,0.010621014673629858,False,False,True,True,False,False,False
fine:t-4m:log_range,log_range,t-4m,0.0,0.0,0.0,-0.008156189416741455,-0.012824201814365388,0.02238766332219866,-0.008440504689732897,0.05542263135698278,0.03457910637590933,0.052286186554087344,0.03877204156328595,0.024452940275775603,False,False,True,True,False,False,False
fine:t-4m:body_over_range,body_over_range,t-4m,0.0,0.0,0.0,0.0430156361627243,0.0983932070973692,0.04870227249605952,-0.01533408321148233,0.05283841822795177,0.07503175427933106,0.03246989082166518,0.02052489415131653,0.012695991228043546,False,True,True,True,True,False,True
fine:t-4m:close_position,close_position,t-4m,-0.0027539668851896217,0.0,0.0,-0.019136093250349262,-0.013355392869995875,-0.02423217927636223,-0.009486032383732024,0.054493379155817756,0.014395636754649388,0.023113607442977635,0.018039252682512608,0.009770804844261516,False,False,True,True,False,False,False
fine:t-4m:upper_wick,upper_wick,t-4m,3.937837432014627e-05,6.388663124804832e-05,0.0,0.028751370668711473,-0.017642947914664475,-0.04947748786621187,-0.0701620932338276,0.02991802219807216,0.055921361772504063,0.02270902552266696,0.01218251810948523,0.009411989869729798,True,False,True,True,True,True,False
fine:t-4m:lower_wick,lower_wick,t-4m,0.0008297919648991107,0.0,0.0,0.06974033218982711,0.01106340894494462,-0.015080876261741594,-0.02428819296573792,0.05248084604954073,0.020255402126234667,0.017816695508392044,0.00839674270886226,-0.005252220728134915,False,True,True,True,True,False,True
fine:t-4m:log_volume_delta,log_volume_delta,t-4m,0.0,0.0,0.0,-0.027266597076125443,-0.03623718331255965,-0.057621859285750254,-0.01761575176104646,-0.023585172672113686,0.07740084213335718,-0.004886324140267462,0.0008135782778202483,0.0,False,False,False,False,False,False,False
fine:t-4m:relative_log_volume60,relative_log_volume60,t-4m,0.0,0.0,0.0,0.0009706891268113083,-0.048535459532672576,-0.04794403572530026,-0.037002926807239156,0.049242309486763336,0.02255819723084862,0.002895214279647007,-0.004536435512485504,-0.0024056625382575803,False,False,False,False,False,False,False
fine:t-4m:volume_z60,volume_z60,t-4m,-0.0022857425837088385,0.0,0.0,-0.004651134368427456,-0.016498226763395074,-0.018928237779780588,0.004997528958283759,0.0237297280951565,0.07684966515867364,0.004106586369867493,0.006479916407093889,0.004811013950601684,False,False,True,True,False,False,False
fine:t-4m:log_rv5_rv60,log_rv5_rv60,t-4m,-0.0021871205041132193,0.0,0.0,-0.005711012054820941,0.0870666828093003,0.1812657609811752,-0.013875510026872817,0.05672859934997554,0.11923958260235956,0.011585705179983918,0.02073663957796601,0.029559626017592322,False,True,True,True,True,False,True
fine:t-4m:minute_mod5_sin,minute_mod5_sin,t-4m,5.8065355190706214e-05,0.0,0.0,0.051404649205533115,0.09464554424326588,0.08149447304595103,0.108636262325712,0.11979151757434137,0.10249786946482375,0.004059023820126573,-0.0016436930160130814,0.0030468853369720605,False,True,True,True,True,False,True
fine:t-4m:minute_mod5_cos,minute_mod5_cos,t-4m,0.0,0.0,0.0,-0.003083488754773711,-0.0008917964976928872,0.06588743829777366,-0.010237894034759165,0.019986631803048382,0.07785518853954398,0.0004624946621878401,0.0,-0.002592554949680359,False,False,False,False,False,False,False
fine:t-4m:time_of_day_sin,time_of_day_sin,t-4m,0.0,0.0,0.0,-0.004414672407015985,-0.027125323677545943,-0.06829636970537845,-0.002270696683348561,-0.0009928403284842346,0.03483423094328142,-0.0016281786425720313,0.02760476776268561,0.04629963078655308,False,False,True,True,False,False,False
fine:t-4m:time_of_day_cos,time_of_day_cos,t-4m,0.0,0.0,0.0,-0.011988842344856643,-0.015717444112950396,-0.02462834758940602,-0.3087844656716854,-0.015823905116119086,-0.006085439388670011,0.0006368012458954908,0.025705452269289886,0.03370431046375799,False,False,True,True,False,False,False
fine:t-4m:rsi15_centered,rsi15_centered,t-4m,0.0026040154130271276,0.0,0.0,-0.004868252730938494,0.08625798379648941,0.11581080328499915,-0.012461121974527423,0.18274747048263595,-0.03874572443891555,0.023716831893950463,0.024985638228364415,0.03717341957580622,False,True,True,True,True,False,True
fine:t-4m:macd_hist_5_20_7_volnorm,macd_hist_5_20_7_volnorm,t-4m,0.001136288767580614,0.0,0.0,-0.01804949959143265,-0.024355464580239072,-0.03251727173061436,-0.0026285227579636583,0.053134952156985715,0.06980057736678535,0.004206722819175113,-0.0003122567160911416,0.012410116690229067,False,False,True,True,False,False,False
fine:t-4m:macd_hist_acceleration,macd_hist_acceleration,t-4m,0.013988352419623595,-0.0014091449839194563,0.0,-0.008922021349277998,-0.022391551460976267,-0.01811128936080042,-0.016811140995232066,0.052735503684209206,0.018720340831401838,0.013326918946026112,0.006156778064215551,0.01031765783741978,False,False,True,True,False,False,False
fine:t-4m:ema_gap_8_32_volnorm,ema_gap_8_32_volnorm,t-4m,5.5170459108448235e-05,0.0,0.0,-0.008881573744812243,-0.014525250662944522,0.03781199256196466,-0.09543312501998358,0.001246877218097353,0.05336567821002669,0.004133180651590962,-0.0010121893556593875,0.018359112242391618,False,False,True,True,False,False,False
fine:t-4m:hma_slope16_volnorm,hma_slope16_volnorm,t-4m,-0.0018187474272413813,0.0018733517846717025,0.000730673330991749,0.024505588395618005,0.04208483867910173,0.029655954117635552,-0.013132715533847872,0.05046356655423745,0.03503336080769026,-0.0024135313362743105,-0.0027827543783294217,0.0,True,True,False,True,True,True,True
fine:t-4m:sign_flip_rate8,sign_flip_rate8,t-4m,0.002575389078285658,0.0,0.0,-0.003272681566413027,-0.026366786137610454,-0.0172854934440414,-0.01188608417657111,0.07163889852522809,0.10412128762217199,0.01640352816253232,0.009164388512977961,0.00928188675692665,False,False,True,True,False,False,False
fine:t-2m:return1,return1,t-2m,0.0,0.0,0.0,-0.01720355212444513,-0.014657776848769899,-0.03202574099947508,-0.007553677713545426,0.05258726276299308,0.008935595855830147,0.03442734259647384,0.02994615204905582,0.0188334724819903,False,False,True,True,False,False,False
fine:t-2m:return5,return5,t-2m,0.0,0.0,0.0,-0.00017889567103246407,-0.004551251476136997,0.006551432702928128,-0.11768308342336997,0.004687592669427865,0.04295677163036471,0.015211473847255519,0.019416989121087802,0.026181124643783527,False,False,True,True,False,False,False
fine:t-2m:candle_return,candle_return,t-2m,0.0,0.0,0.0,-0.013004623433254814,-0.016444151529948492,-0.03572909287086201,-0.003355154144002448,0.05330314188543017,0.005064563123480248,0.03452152665775099,0.02961717889863369,0.01869613023618033,False,False,True,True,False,False,False
fine:t-2m:log_range,log_range,t-2m,0.0,0.0,0.0,0.025043356887355372,-0.013627323218967646,0.007233714727394869,0.0516169754956497,0.05446472123702417,0.014131278509899037,0.05650910291514322,0.03856447885352399,0.03509847649390796,False,True,True,True,True,False,True
fine:t-2m:body_over_range,body_over_range,t-2m,0.0010468609367274933,0.0,0.0,0.01780259069358303,0.01543568649422511,0.03147676631995999,-0.003168447550105924,0.029996909675167327,0.03685407506849314,0.032415266712039426,0.01868184129714301,0.008397689075988701,False,True,True,True,True,False,True
fine:t-2m:close_position,close_position,t-2m,0.0,0.0002711549944081071,0.0,-0.02772923437157626,-0.04980531991449766,-0.06379223468919726,-0.018078344420247028,0.043867050894264015,0.008453823423404394,0.023943689008422364,0.025951771285853464,0.007607356386155395,False,False,True,True,False,False,False
fine:t-2m:upper_wick,upper_wick,t-2m,-0.002193157727151155,0.0,0.0,-0.021279597564971553,-0.012829886571830151,-0.0018552979910824163,-0.011629329888473983,0.025121583447595963,0.029877040658987664,0.033213181192051966,0.01667493297391598,0.0078003445452408116,False,False,True,True,False,False,False
fine:t-2m:lower_wick,lower_wick,t-2m,-0.010475022020221067,0.0,0.0,-0.008438063761517789,-0.018397794665903078,-0.06486717973137601,-0.013212022483011232,0.049314566866531795,-0.012049407496217412,0.022565202329326794,0.013724393808100643,0.009119145398329476,False,False,True,True,False,False,False
fine:t-2m:log_volume_delta,log_volume_delta,t-2m,-0.0018482092908177112,0.0,0.0,-0.01695254842104532,-0.03973742938401248,-0.0603197152139856,-0.007302698227507065,-0.026604632990423482,-0.04672738409663424,0.00995729976974502,0.0,0.004778913984662125,False,False,True,True,False,False,False
fine:t-2m:relative_log_volume60,relative_log_volume60,t-2m,0.0,0.0,0.0,0.012556854253720218,-0.016505613814810083,-0.017310013885230013,-0.004151783703409961,0.04183786900013864,0.10222665814612064,0.0,0.008089321446595577,0.003840887412282612,False,False,True,True,False,False,False
fine:t-2m:volume_z60,volume_z60,t-2m,0.0,-0.000508083340292842,0.0,-0.013959202958702122,-0.0160987839284088,0.10111905645442398,-0.00430964156956648,0.055583669783598744,0.12751185995620862,0.016683707665162473,-0.005870194737590317,0.00852387155424772,False,False,True,True,False,False,False
fine:t-2m:log_rv5_rv60,log_rv5_rv60,t-2m,0.0,0.0,0.0,-0.011341533976216844,-0.018388618820974756,-0.022430961818042938,-0.011054253959619231,0.04119351157265694,0.0001945703509753649,0.022650374102314075,0.03759634082118968,0.010574466188702836,False,False,True,True,False,False,False
fine:t-2m:minute_mod5_sin,minute_mod5_sin,t-2m,0.0,0.0,0.0,0.051404649205533115,0.0946459920175724,0.08149447304595103,0.10864083413640868,0.11976979560668344,0.10249786946482375,0.002278636953314539,-0.00025916050295737847,0.0010321112431834756,False,True,True,True,True,False,True
fine:t-2m:minute_mod5_cos,minute_mod5_cos,t-2m,0.0,0.0,0.0,-0.017517907746578132,0.06405527367137065,0.08265540247952563,-0.00786800300596191,0.07848494006562623,0.10027855743554026,0.004986967083377092,0.0,0.006792734561122504,False,True,True,True,True,False,True
fine:t-2m:time_of_day_sin,time_of_day_sin,t-2m,0.0,0.0,0.0,-0.01252885753790789,-0.02937626690997508,-0.047221817114828646,-0.006470171154071558,0.060305434891694265,0.026262292120082797,-0.003347656213111172,0.024353913769679103,0.05105563079800479,False,False,True,True,False,False,False
fine:t-2m:time_of_day_cos,time_of_day_cos,t-2m,0.0,0.0,0.0,-0.006656048069020315,-0.013322565696927136,-0.02018398660159626,-0.30490352934733345,-0.01342902415086833,-0.012387054329243696,-0.0046086262127653654,0.03097682659097778,0.03538303881446492,False,False,True,True,False,False,False
fine:t-2m:rsi15_centered,rsi15_centered,t-2m,-0.000639007530248629,0.0018348817180916892,0.0,0.062126187492372864,-6.790274409418373e-05,-0.023666300638658377,-0.016163732199925285,0.05232670723740451,0.006699879793670149,0.03785928488263135,0.0413634795226292,0.024502208377687573,False,False,True,True,False,False,False
fine:t-2m:macd_hist_5_20_7_volnorm,macd_hist_5_20_7_volnorm,t-2m,0.00028297079527324814,0.0,0.0,-0.011276261972814616,-0.029534617842719157,-0.011128236957480553,-0.005177050569149522,-0.01367874363851218,-0.013262071565356415,0.008634851615537897,0.0014197276876801723,0.008310016275934196,False,False,True,True,False,False,False
fine:t-2m:macd_hist_acceleration,macd_hist_acceleration,t-2m,0.006047915472185157,0.0,0.0,-0.01753436940079567,-0.024352062496291182,-0.02576698937089006,-0.007884463071938796,-0.024458532690507795,0.058700581932857876,0.005135351892376683,0.01088060241302724,0.00715831491902108,False,False,True,True,False,False,False
fine:t-2m:ema_gap_8_32_volnorm,ema_gap_8_32_volnorm,t-2m,0.0,0.0,0.0,-0.04609414221263819,-0.061647936071818066,-0.05615688715363554,-0.012755256166152584,0.01335733194219868,-0.039171540125737536,-0.002391166443700854,0.010259539904257764,-0.0015024011623614442,False,False,False,False,False,False,False
fine:t-2m:hma_slope16_volnorm,hma_slope16_volnorm,t-2m,-8.67999692294082e-05,0.0008335610272638405,0.0,0.01028380609295887,-0.03879183206354497,-0.017685086904184466,-0.13947390066906262,0.01641378771692903,0.07219623544962861,-0.001102939864121133,0.0010123900160907695,0.004470656338733114,False,False,True,True,False,False,False
fine:t-2m:sign_flip_rate8,sign_flip_rate8,t-2m,0.0,0.0,0.0,0.026779871411608536,-0.02436344253682332,-0.011015153263072008,-0.035689314518361215,0.05742634454640738,0.07535940848300005,0.009587066848170345,0.0007721238903930505,0.002397987327883655,False,False,True,True,False,False,False
fine:t-1m:return1,return1,t-1m,-0.0005529033203449293,0.0,0.0,-0.017068004666498382,0.012236467448012434,-0.006252104084314425,-0.004028591212446031,0.04322846638147304,-0.015004521773032131,0.019303389495654244,0.01638912678417892,0.01883694713738482,False,False,True,True,False,False,False
fine:t-1m:return5,return5,t-1m,0.005013973609900783,-8.086537174752569e-05,0.0,-0.008214900109915213,-0.003732605010298151,-0.025212556476206238,-0.2849205955867795,0.05240310301889428,0.010589660401394418,0.02275965469199903,0.03343115015299958,0.023665558958076538,False,False,True,True,False,False,False
fine:t-1m:candle_return,candle_return,t-1m,6.319627600248623e-05,0.0,0.0,-0.004986441199017477,0.025618535580307356,0.025275774893585012,0.037642364811363294,0.04194209534923443,0.030653417193560184,0.018640611424794784,0.01858891119744488,0.017733028215324076,False,True,True,True,True,False,True
fine:t-1m:log_range,log_range,t-1m,-0.006342924466340587,0.0,0.0,-0.01926791587900656,-0.02604194712991781,-0.055313883392682506,-0.009617842293851986,0.05156056695201361,0.07970570352965334,0.0547849294600411,0.03595286162933942,0.02907955825958286,False,False,True,True,False,False,False
fine:t-1m:body_over_range,body_over_range,t-1m,0.0011361941846909456,0.0,0.0,0.043762534610303216,0.014180374714578559,-0.052801002625391114,0.03238755088587064,0.11214633132982099,0.0822151932914017,0.03920447470583799,0.01832663745183183,0.02402899621268606,False,True,True,True,True,False,True
fine:t-1m:close_position,close_position,t-1m,0.007204910300745364,0.0,0.0,0.006679330947001461,-0.03870585348819677,-0.017605547005761224,0.024370085823222087,-0.024038314661445348,0.014004392687916312,0.02354821736138657,0.024228717204091588,0.008623788115538211,False,False,True,True,False,False,False
fine:t-1m:upper_wick,upper_wick,t-1m,0.0,-0.005299109985254328,0.0,0.016433958035610985,-0.0455770568563052,-0.010482027207925348,-0.28387690759725803,0.04757519325607751,0.076703055730587,0.02740762329672508,0.012109242173390822,0.005707712156744371,False,False,True,True,False,False,False
fine:t-1m:lower_wick,lower_wick,t-1m,-0.0017552354133367014,0.0,0.0,-0.0743489250499163,-0.04064324268777675,-0.022707873952487745,-0.06469353713081105,0.03548849975818502,-0.01732765061113195,0.020545708234386062,0.012442634618407222,0.010375917712405869,False,False,True,True,False,False,False
fine:t-1m:log_volume_delta,log_volume_delta,t-1m,-0.0001596270274930589,0.0,0.0,-0.012705121311640255,-0.0121042022853457,-0.020133350743600786,-0.018722286755856743,0.049904768708819436,0.06671370498728679,0.0011273730596448317,0.003206322288783703,-0.0016094203326151302,False,False,True,True,False,False,False
fine:t-1m:relative_log_volume60,relative_log_volume60,t-1m,0.0,0.0,0.0,-0.021798705795461615,-0.03671873163992867,0.005969403889927172,-0.05184188551596858,0.05653644955696535,0.014727466490804808,0.0014970241445348975,0.0055216605624259785,0.012442290116470467,False,False,True,True,False,False,False
fine:t-1m:volume_z60,volume_z60,t-1m,-5.658198588539184e-05,0.0,0.0,-0.020188499096240875,-0.028431723350230698,-0.025231069369846537,-0.010538336691268135,0.04406183662234442,0.019033082216590724,0.005946770078845809,0.005351079215655474,0.004548929605897811,False,False,True,True,False,False,False
fine:t-1m:log_rv5_rv60,log_rv5_rv60,t-1m,0.000487792214128054,0.0,0.0,-0.009262386919650645,-0.014400308031659037,-0.023868289029782552,-0.008446570306319678,0.05532527851788149,0.0022577149408675723,0.025237926158003354,0.021208160929291786,0.024988657331681097,False,False,True,True,False,False,False
fine:t-1m:minute_mod5_sin,minute_mod5_sin,t-1m,0.0,0.0,0.0,0.051404649205533115,0.09464554424326588,0.08149447304595103,0.108636262325712,0.11979151757434137,0.10249786946482375,0.0036656513563624316,-0.0007732306878320827,0.0027766831547646476,False,True,True,True,True,False,True
fine:t-1m:minute_mod5_cos,minute_mod5_cos,t-1m,0.0,0.0,0.0,0.031519816964042935,-0.004415912225086416,0.016109979057110646,0.008113003579623967,0.05419825143215817,0.07689036094835622,0.0,-0.0048820661162358725,0.0102102742506478,False,True,False,True,False,False,True
fine:t-1m:time_of_day_sin,time_of_day_sin,t-1m,0.00028267372484217884,0.0005254325231571025,0.0,-0.012795358403772106,-0.027279652264922127,-0.0391654475130343,-0.013871821453159683,0.05751084578790033,0.026405913969373973,-0.004608104740765562,0.024448452534985066,0.04900659465467161,True,False,True,True,True,True,False
fine:t-1m:time_of_day_cos,time_of_day_cos,t-1m,0.0,0.0,0.0,-0.023157810250706845,-0.01989889356521779,-0.02616374756050366,-0.02239819598579551,-0.02000535901929279,-0.005328009473681838,-0.002645347770447337,0.027381969855847288,0.03990183791977664,False,False,True,True,False,False,False
fine:t-1m:rsi15_centered,rsi15_centered,t-1m,-0.0003610282750348877,0.0,0.0027467749249533804,-0.0028624835081814126,0.02302150677849779,0.052514919455493025,-0.010637916351363685,0.10651940993879894,0.057891096561368816,0.031316476878555655,0.05103460941147375,0.03655600306324125,False,True,True,True,True,False,True
fine:t-1m:macd_hist_5_20_7_volnorm,macd_hist_5_20_7_volnorm,t-1m,0.0,0.006195459776497121,0.0,-0.017686968069718922,0.044284214452361415,-0.006931390425890527,-0.008037047017817045,0.04417781731752557,0.05370532893071989,0.0074922124482261765,0.014884703320617199,0.0006578146727482803,False,False,True,True,False,False,False
fine:t-1m:macd_hist_acceleration,macd_hist_acceleration,t-1m,0.0042119852095178585,-7.103055518579519e-07,0.0,-0.07330672841270314,-0.0181687357353022,-0.016725682968821154,-0.00795941981621695,-0.01827519934771704,-0.01134578140964404,0.003286032047952858,-0.0035538295873696057,0.01286436659160728,False,False,True,True,False,False,False
fine:t-1m:ema_gap_8_32_volnorm,ema_gap_8_32_volnorm,t-1m,-0.0020427217904834074,0.0,0.0,-0.029212148541213345,-0.04233772906807598,-0.05945912201048564,-0.28531633896164976,-0.024223107981424796,0.04089889554916848,0.0027680315772480313,0.016082650792863973,0.01303837810511066,False,False,True,True,False,False,False
fine:t-1m:hma_slope16_volnorm,hma_slope16_volnorm,t-1m,0.0015675528855017735,0.0,0.0,-0.003572990043432256,-0.020330028875914508,-0.01754229079160563,-0.008391393423168303,0.051003554215300895,-0.012162345307076272,0.008278927564045802,0.0023541587519000373,0.007544147728983042,False,False,True,True,False,False,False
fine:t-1m:sign_flip_rate8,sign_flip_rate8,t-1m,0.0,0.0,0.0,0.03203440264447632,-0.022982160470119695,0.026322051195648566,-0.010440412369128182,0.05186427540408989,0.0766353723208657,0.0140161066967468,0.009750175607028844,0.010313477510961455,False,True,True,True,True,False,True
fine:t:return1,return1,t,0.0,-0.016939356903236558,0.0,0.012039906276328782,-0.012261094741439216,-0.05650897516475961,-0.00015937971338253476,0.05992527317439933,-0.004380250188162904,0.05371321618815106,0.037535588039412815,0.03607698797595127,False,False,True,True,False,False,False
fine:t:return5,return5,t,-0.0005190131969949144,0.0,0.0,-0.027089338055064083,-0.06014098276225788,-0.07944353734323784,-0.2989760493535387,0.008516876374464744,0.0061329213994598675,0.050907749985366735,0.04400492102708231,0.032390135412523335,False,False,True,True,False,False,False
fine:t:candle_return,candle_return,t,0.013300087052262674,0.004074498474224697,0.0,0.005614818909505104,0.0191531181317095,-0.05526270975833025,-0.030719053981509425,0.061884994819971784,0.03909988762607064,0.05587117331930358,0.03779679648189305,0.0400000676717962,True,True,True,True,True,True,True
fine:t:log_range,log_range,t,0.0,0.0,0.0,-0.022551580646257285,-0.0317958340466884,-0.059148771722594695,-0.06754389249028492,0.031632215276899966,0.01983844326673978,0.06717984443089975,0.03628857167405286,0.04849652817685879,False,False,True,True,False,False,False
fine:t:body_over_range,body_over_range,t,0.005169589238157357,0.0020404791271744216,0.0,-0.016097910079970745,-0.03974514685229913,0.04440550100288654,-0.006448142343784546,0.05802403136508927,0.08629703863585192,0.05845489113254043,0.035405645381834105,0.028847327851733162,True,False,True,True,True,True,False
fine:t:close_position,close_position,t,0.007758732637057619,0.0,0.0,-0.011968395764383466,-0.03389819422816576,-0.02093728822478713,-0.03404297220319652,0.055462105402681594,0.05657037171440393,0.04781544428166029,0.04048951435914816,0.024401302160292904,False,False,True,True,False,False,False
fine:t:upper_wick,upper_wick,t,0.0,0.0008434760693821394,0.0,-0.020487198951668617,-0.014536306195434001,-0.05186142474802313,-0.01083700772745999,-0.014642765941341729,0.07492010430973917,0.024520116037745954,0.017800335276032975,0.011776816436310344,False,False,True,True,False,False,False
fine:t:lower_wick,lower_wick,t,-0.002776825093010397,0.0,0.0,-0.004706239029950154,-0.04561601170889329,-0.06330361821580421,0.004942429613363775,-0.01125315927816839,0.07172675044968546,0.047343008506121276,0.022758959526186118,0.018569250734227438,False,False,True,True,False,False,False
fine:t:log_volume_delta,log_volume_delta,t,0.0,0.0,0.0,-0.023428053206564492,-0.014011114267087343,-0.0644440707266769,-0.013777578242435418,0.05097797727007247,0.014125330700665018,0.0,0.00631087564812205,0.011305729045275825,False,False,True,True,False,False,False
fine:t:relative_log_volume60,relative_log_volume60,t,0.0,1.4350699880575727e-05,0.0,-0.019971733242218903,-0.09418196535164736,-0.023459316747032055,-0.01032159175127223,-0.07838084268740886,-0.01807905298556456,0.008597122244428768,-0.0007049019093816611,0.0073176110496824265,False,False,True,True,False,False,False
fine:t:volume_z60,volume_z60,t,0.0071921995620793195,0.0,0.0,-0.012238804288133842,0.005890853426626652,-0.03462758267491761,-0.002589408886777278,0.07098813883358313,0.08095433882899794,0.01579673274528659,-0.005333642346371903,0.016335446314825752,False,False,True,True,False,False,False
fine:t:log_rv5_rv60,log_rv5_rv60,t,-0.0009360737868770267,0.0,-0.0030240821194809087,0.015041394901482708,-0.019826959131741262,-0.023734988276213898,-0.012378955860481433,0.037786408478335254,-0.0023179080875568303,0.03563834375732533,0.0345350158114357,0.043551442434467624,False,False,True,True,False,False,False
fine:t:minute_mod5_sin,minute_mod5_sin,t,0.0,0.0,0.0,0.051404649205533115,0.09464554424326588,0.08149447304595103,0.10864083413640868,0.11976979560668344,0.10249786946482375,0.0034138726715275958,-0.0013728133786905516,0.003373038189857347,False,True,True,True,True,False,True
fine:t:minute_mod5_cos,minute_mod5_cos,t,0.0,0.0,0.0,-0.0032379078027444663,0.10216127258366736,0.03365628461025061,0.00641061917282526,0.12619237196082045,0.08461745162934298,0.00043324940983291427,-0.002379028263838734,-0.00033385839286292907,False,True,False,True,False,False,True
fine:t:time_of_day_sin,time_of_day_sin,t,0.0,0.0,0.0,-0.009863245884056404,-0.024912318104530762,-0.03681793168868186,-0.01415383296450301,0.057028599667130475,0.04665588523287134,-0.004774473850860161,0.024034472617602276,0.04651960558971879,False,False,True,True,False,False,False
fine:t:time_of_day_cos,time_of_day_cos,t,0.0004243518699524884,0.0,0.0,-0.019578463168135052,-0.03158936357747777,-0.03346914765343101,-0.009928359620703375,0.022155678887259,-0.000866141789468422,-0.00872255149889778,0.021771201847448296,0.042921544332516604,False,False,True,True,False,False,False
fine:t:rsi15_centered,rsi15_centered,t,0.0,-0.0011669533449349956,0.0,-0.026964813890129058,0.10074687509650238,-0.0011165105265442676,-0.017313997691736915,0.10954203173876298,0.10312752203550657,0.04532202284898457,0.07674542559632513,0.061600719036913,False,False,True,True,False,False,False
fine:t:macd_hist_5_20_7_volnorm,macd_hist_5_20_7_volnorm,t,-0.001375727743815484,0.0,0.0,-0.018459453073571552,-0.001832571922633086,-0.019811979658501677,-0.011715892637820247,0.02102316448276964,0.07458113520265597,0.008360205107620367,0.011677492558994196,0.022494708712598843,False,False,True,True,False,False,False
fine:t:macd_hist_acceleration,macd_hist_acceleration,t,0.003319441747170989,0.0,0.0,-0.03278467405232188,-0.04157864539837686,-0.028235495973683022,-0.0748049376187554,0.006527708467829463,0.08798774532510212,-0.0007804012441363639,0.007826681752555409,0.010120518482568563,False,False,True,True,False,False,False
fine:t:ema_gap_8_32_volnorm,ema_gap_8_32_volnorm,t,0.0,0.0012155898224553614,0.0,-0.023773821591199784,-0.045006544399117665,-0.06498172400286606,-0.05101757589534017,0.05276777579972247,-0.015500093696663164,0.01599166131580887,0.0074834596475517046,0.014475840626503533,False,False,True,True,False,False,False
fine:t:hma_slope16_volnorm,hma_slope16_volnorm,t,-0.0019970776237083023,0.0009671577658233824,0.0,-0.010943758826420513,0.026419497349661203,0.04657661497844412,-0.01636331049668094,0.05076526290354044,0.05478335604963691,0.010385607858320434,0.011651825279149541,0.011634456324081555,False,True,True,True,True,False,True
fine:t:sign_flip_rate8,sign_flip_rate8,t,0.00021639611610879683,0.0,0.0,0.02941614309719398,0.06284662933483398,0.03424338306472485,-0.02147786788420092,0.05617136686050239,0.08302849492370923,0.0089046217396751,0.009598619171539813,0.013088577603560303,False,True,True,True,True,False,True
coarse:t-504m:return8,return8,t-504m,0.0,0.0006301606665886084,0.0,-0.013284134801128111,0.002853821115222921,0.055826664103819645,-0.00363463854402557,0.07500717251324174,0.08049549301535341,0.021486630557885356,0.011480303612715126,0.002980287435181417,False,True,True,True,True,False,True
coarse:t-504m:return32,return32,t-504m,-0.002575225496499911,0.0,0.003066859693404922,0.0011291929423840052,-0.021982629165773204,-0.06011356048822858,-0.008151148041135592,0.057206116348529346,0.014013553504077514,0.012637690507358634,-0.004529285007068395,0.004540962125919812,False,False,True,True,False,False,False
coarse:t-504m:body8,body8,t-504m,0.0,0.0,0.0,-0.005145022545405276,0.011551784538799126,0.05299350942505887,-0.0042880966492520045,0.09478297457578,0.08467169970389765,0.02151875645118473,0.011920989417556704,0.0010749579820332755,False,True,True,True,True,False,True
coarse:t-504m:range8,range8,t-504m,-0.0008990393506778105,0.0,0.0,-0.04752889885653033,-0.15427368699085786,-0.20790963919188332,-0.12735769518787965,-0.056142679337756185,0.01936703117637606,0.029935718067965134,0.03996818568012728,0.03402326593520666,False,False,True,True,False,False,False
coarse:t-504m:close_position8,close_position8,t-504m,0.0011065652278811438,-0.0009722706849212651,0.0,0.010979630037322163,0.07570950909610019,-0.0531572349949494,0.020626785274335813,0.06553951647637613,0.013081352705091032,0.009475503097633009,0.013324375547275835,0.01248303047317112,False,True,True,True,True,False,True
coarse:t-504m:log_volume8_delta,log_volume8_delta,t-504m,0.0015634479837890087,0.0,0.0,-0.0073565007493003876,0.000400106559084179,-0.029257620494882453,0.002292423596950144,0.03195908780339041,0.011401246438447199,0.0044636096293722005,0.0,-0.0035961497138394805,False,False,False,False,False,False,False
coarse:t-504m:relative_log_volume8_64,relative_log_volume8_64,t-504m,0.0005811717994059032,0.00022562366399133302,0.0,-0.015185207458179306,-0.05038714349139273,-0.01662039565411,-0.0864816500488752,-0.014439437207225403,0.03549867014311925,0.0,-0.0014432084687356905,0.010008348652641885,True,False,False,True,True,True,False
coarse:t-504m:rv8,rv8,t-504m,0.004116324392380004,0.0040705324550126916,0.0,-0.006530512444768988,-0.022197596239581507,-0.03355456216123098,0.006582136232569091,-0.02230406414047703,0.009110777379295332,0.02808141315154966,0.020883408918156654,0.027590605805059454,True,False,True,True,True,True,False
coarse:t-504m:rv64,rv64,t-504m,1.1714624150727104e-05,-0.0021417567272881874,0.0006117976164811504,0.018705834742316352,-0.04188852387694286,0.02329834288032906,0.02835224453852092,0.053661874865940096,0.15821184657823784,0.03696783148579286,0.03283395119895971,0.05952738793968493,True,True,True,True,True,True,True
coarse:t-504m:log_rv8_rv64,log_rv8_rv64,t-504m,-0.0004648651800209791,0.0,0.0,-0.007516548710340132,0.06833257246193769,-0.01968338351052701,-0.014105866109126453,0.059968692451395356,0.028088430518946605,0.005445272533583179,0.009717272550999745,0.01427965278688692,False,False,True,True,False,False,False
coarse:t-504m:time_of_day_sin,time_of_day_sin,t-504m,0.002596589194446608,0.0,-0.000432562853011594,-0.012476450159737418,-0.024783811905071396,-0.052737731013863254,-0.002827031829766291,0.07000192324623233,0.02862166961016266,0.004769880655490333,0.02182094870803386,0.04067933790619804,False,False,True,True,False,False,False
coarse:t-504m:time_of_day_cos,time_of_day_cos,t-504m,0.0,0.0,0.0,-0.006054065052829571,-0.01879460189488924,-0.03374561823867861,-0.009255350493497794,0.06034060763966398,0.048717606483128506,0.009526981745445973,0.034274891883358194,0.047048124208646236,False,False,True,True,False,False,False
coarse:t-504m:rsi64_centered,rsi64_centered,t-504m,0.0,-0.0002510544067509575,0.0,-0.01495087341960577,-0.025204370149367605,-0.03467574601250245,-0.04246992926402182,-0.025310841250814065,0.026547641323726445,0.024374540719006355,0.021934960642833623,0.01515619328244,False,False,True,True,False,False,False
coarse:t-504m:macd_hist_16_64_16_volnorm,macd_hist_16_64_16_volnorm,t-504m,-0.0005836566040950212,0.0011172434719478967,0.001749718372190993,0.04278319720326662,-0.023969334327378355,0.01928693997177433,0.055671449713112775,0.04303535261243052,0.018154490482980012,-0.004705246974696209,0.007261629759491406,0.015584128330819347,True,True,True,True,True,True,True
coarse:t-504m:ema_gap_32_128_volnorm,ema_gap_32_128_volnorm,t-504m,0.0,5.638251419289494e-05,-0.004111029958655384,-0.014822172615147622,-0.03770081904346245,-0.05718176220714799,-0.005172527964836249,-0.014726586816649068,-0.021691339523788322,0.0028945918321099384,0.002690644123030772,0.02394474167077565,False,False,True,True,False,False,False
coarse:t-504m:sign_flip_rate32,sign_flip_rate32,t-504m,0.0026697507182712834,0.001882415470092269,0.0,0.008316484305070926,-0.011112431350102092,-0.05773406123121827,0.01796389648809349,-0.013863370611177928,0.01597958475316741,0.024909170766794997,0.016631736993073076,0.004705383412099806,True,False,True,True,True,True,False
coarse:t-256m:return8,return8,t-256m,0.0005741815755371249,0.0,0.0,-0.024555229905165454,-0.1589784060910704,-0.1953569489826723,-0.3020544283362847,-0.061092700809828315,0.024783994061261527,0.020563968616086115,0.02198473541792101,0.015113400308666591,False,False,True,True,False,False,False
coarse:t-256m:return32,return32,t-256m,-0.0019196850387525426,0.0,0.0,-0.023212863575472475,-0.07316380563457958,-0.18893034697546884,-0.08732408853366902,0.024887730678013753,-0.10212632181707537,0.007596861068895677,0.012921497493837641,0.008100947645760748,False,False,True,True,False,False,False
coarse:t-256m:body8,body8,t-256m,0.0,0.0,0.0,-0.02363984218614057,-0.13822652351782594,-0.21057611903019247,-0.3021757491155519,-0.04036109912095576,0.036388457751823644,0.01894284194954743,0.021290088333294932,0.01414139877999343,False,False,True,True,False,False,False
coarse:t-256m:range8,range8,t-256m,-0.00012758001552507872,0.003418906572368504,-0.0021637944886663263,0.03117844953385296,0.0702627790285737,0.19044363825415633,-0.04143815800654593,0.05775870957707152,0.025370865776808138,0.03217849531092476,0.030427662235656072,0.042331677064606055,False,True,True,True,True,False,True
coarse:t-256m:close_position8,close_position8,t-256m,0.00015308841331081643,0.0008406237954166803,0.0,-0.023902700224942564,-0.054092166769370564,-0.10167162058385415,-0.014252179465845671,0.04369103283867748,0.03019163722491891,0.00919325545376104,0.0020516308319598053,0.00974705499053119,True,False,True,True,True,True,False
coarse:t-256m:log_volume8_delta,log_volume8_delta,t-256m,0.0,0.002391613885398177,0.011440094323456643,-0.022332464836494204,0.038395179405059654,0.016366452193272707,-0.017255558030582208,0.03828877600169367,0.056339905863367346,0.012701683784065665,0.003320319460732968,0.001316823936952538,True,True,True,True,True,True,True
coarse:t-256m:relative_log_volume8_64,relative_log_volume8_64,t-256m,-0.0007378407339568108,-0.002855184895087367,3.4743059231345796e-05,0.02722767272546056,0.024480657143266527,0.06305631121787947,0.01799886458075939,0.05999634820684774,0.07008352963181474,0.0,0.0009680233272097993,0.006594142042584572,False,True,True,True,True,False,True
coarse:t-256m:rv8,rv8,t-256m,-2.927406951869216e-05,0.0,0.0,0.0049498933855085525,0.01489591374644883,0.0695340055703042,-0.015013514876471845,0.05914191094060772,0.010797192233791275,0.03427579887269783,0.028917911975327115,0.02818001198993514,False,True,True,True,True,False,True
coarse:t-256m:rv64,rv64,t-256m,0.0,-0.0016388184954223561,0.0,-0.023346424711778724,-0.030308995587469134,-0.06446359883822694,-0.013695957623349742,0.05807558247770128,0.017166875708873874,0.05740774480075839,0.053740459732908974,0.05239530853561458,False,False,True,True,False,False,False
coarse:t-256m:log_rv8_rv64,log_rv8_rv64,t-256m,8.894444532832797e-05,-0.0006290412649197682,0.0,-0.07208023607125913,-0.02595808137240141,-0.06270662061629295,-0.1536642907193686,0.023481566933292175,0.05405890929177648,0.010031896780184901,0.012616600538991385,0.016806068909386518,False,False,True,True,False,False,False
coarse:t-256m:time_of_day_sin,time_of_day_sin,t-256m,-0.0007894438130525335,0.0,-0.0013575719895015936,0.021251221307161394,-0.03143184958713796,-0.04410422472114206,0.030897385519002007,0.06632920401695719,0.05682470866658074,0.006286428119465448,0.026113426024155117,0.03880541396060533,False,False,True,True,False,False,False
coarse:t-256m:time_of_day_cos,time_of_day_cos,t-256m,0.0,0.0,0.0,0.015141074652236242,-0.021031002712046387,-0.0012871155098403975,0.05440511844292395,0.0014752834823439365,0.0014994464499484828,-0.008179532812896184,0.014640070571530828,0.050236635769533855,False,False,True,True,False,False,False
coarse:t-256m:rsi64_centered,rsi64_centered,t-256m,-0.004435558660768872,0.0003143533572351013,0.0,-0.010404214083359342,-0.020275910396283514,-0.027967608715262493,-0.013431890035286997,-0.020382376251681933,0.028371312521424663,0.021488418687467536,0.03231727775585558,0.03285678317657137,False,False,True,True,False,False,False
coarse:t-256m:macd_hist_16_64_16_volnorm,macd_hist_16_64_16_volnorm,t-256m,0.0,0.009396873575658068,0.000831692499256557,-0.022026456977242148,-0.014930634221177463,-0.004536490592177422,-0.01237611724214105,0.02681220050030353,0.003349527486573578,-0.011643577065691524,0.005287092504231872,0.0013230194583702115,True,False,True,True,True,True,False
coarse:t-256m:ema_gap_32_128_volnorm,ema_gap_32_128_volnorm,t-256m,-0.0013361863386620598,0.0,-0.004194381421408859,-0.02156804523809619,0.023303376803041065,0.05354425349107794,-0.011917749731527039,0.05112348818312462,0.07713256375205813,-0.004941326214289887,0.007287231672786554,0.02615602592572852,False,True,True,True,True,False,True
coarse:t-256m:sign_flip_rate32,sign_flip_rate32,t-256m,0.0,0.01190914486444683,-0.001694445914258343,0.018423407600376418,0.005364342355873575,0.08296666835231337,-0.04543294164744971,0.057718500474934764,0.013459565289863917,0.021804880710009744,0.01722276363452835,0.017820224983260413,False,True,True,True,True,False,True
coarse:t-128m:return8,return8,t-128m,-0.0035116836313401714,0.0,-3.0097377939834285e-05,-0.003030438326190321,-0.030921636510350403,-0.032012373911061154,-0.00932385326466445,0.05638750272070059,0.016311215583753036,0.01357871927848997,0.016932472700832868,0.010254975222484752,False,False,True,True,False,False,False
coarse:t-128m:return32,return32,t-128m,-0.00023618263395519534,0.0,0.0,-0.015840027493774222,-0.039590406507672427,-0.05699748273133576,-0.006190284638663002,0.058178620481452725,0.05541261321810875,0.010612432649743653,0.018386647598252814,0.014835506808454468,False,False,True,True,False,False,False
coarse:t-128m:body8,body8,t-128m,0.0002818114537532779,0.0,0.0,-0.003503556112871564,-0.03197137578430098,-0.03452860488850629,-0.006929273069777864,0.056254499060715,0.013942176190284705,0.013387686128428555,0.016066316140101122,0.011870481856513848,False,False,True,True,False,False,False
coarse:t-128m:range8,range8,t-128m,0.0,0.0,0.0009834504099046626,-0.009951706468980248,-0.04359632271402347,-0.009761913000327915,-0.0036856226396819736,0.005218684219077119,0.017385545230219623,0.04801535021464165,0.04635791915201626,0.04944859668925883,False,False,True,True,False,False,False
coarse:t-128m:close_position8,close_position8,t-128m,0.0,0.0006095055370423097,0.0,0.0033460454989420185,0.00021877736025022188,-0.023986086205729507,-0.01139046922864484,0.04756498234633755,0.013521446419284544,0.014636744236442567,0.014980312268134455,0.0074349288372559386,False,True,True,True,True,False,True
coarse:t-128m:log_volume8_delta,log_volume8_delta,t-128m,0.0,-0.0013554566821009455,0.0,-0.06554206556101949,-0.029018465526808868,-0.027214056405622244,-0.06533298991195924,0.00487289649591105,0.06337177381382508,-0.0028490861772212384,0.0,0.004024304998282879,False,False,False,False,False,False,False
coarse:t-128m:relative_log_volume8_64,relative_log_volume8_64,t-128m,-0.00011920368210619851,0.0,0.0,-0.0020996530105232836,-0.0022983758621197836,-0.0566488923595454,0.05259982112943984,0.05004646872797114,0.07188860339479852,0.01640717695863625,0.002903165064976676,0.011645854718985937,False,False,True,True,False,False,False
coarse:t-128m:rv8,rv8,t-128m,0.0,0.0,0.0,-0.010046309564404332,-0.03152857283652555,-0.029803339049694344,-0.016587748319318862,0.01285442487705124,0.08180737795800974,0.036664233077820185,0.03276951786506199,0.03472735148827866,False,False,True,True,False,False,False
coarse:t-128m:rv64,rv64,t-128m,0.0008567731597584801,0.0,0.0,-0.03974390584216003,-0.041741102695302956,0.04885346374289279,-0.03009185668956249,0.05382312401298606,0.06873322752323219,0.06241171756301789,0.06833993350789047,0.06457540793052541,False,False,True,True,False,False,False
coarse:t-128m:log_rv8_rv64,log_rv8_rv64,t-128m,0.00012869892007216777,-0.0021845551069645808,0.0,-0.02065186340511893,0.0648302848646587,0.0507231312269707,-0.011001656293752049,0.05310459446512539,0.05609940471317243,-1.1869421094878874e-05,-0.003647987002876718,0.0069464360908453315,False,True,False,True,False,False,True
coarse:t-128m:time_of_day_sin,time_of_day_sin,t-128m,0.0,0.0,-0.0004086845176326885,-0.01832292184540396,-0.034169208471368506,-0.0589884756399206,-0.011998829659676247,0.050923883120090885,0.012462813651281657,-0.004028887660253666,0.03495520408509645,0.04915765139968187,False,False,True,True,False,False,False
coarse:t-128m:time_of_day_cos,time_of_day_cos,t-128m,0.0008289860517128508,0.0,0.0,-0.009903524409438091,-0.02770807916339102,-0.04403376026269612,-0.013804003477480009,-0.027814552929905645,0.001828901466716104,-0.0027697234287069605,0.021620836137916655,0.0494086350898062,False,False,True,True,False,False,False
coarse:t-128m:rsi64_centered,rsi64_centered,t-128m,0.0003331109287358913,-0.003580506839322576,-0.00503033781154727,-0.022834080552613933,-0.014255845449451243,-0.030684203906594654,-0.06537727825919326,-0.014362304896842204,0.009154001992195404,0.013977176413282777,0.025218890774006297,0.022513638029252547,False,False,True,True,False,False,False
coarse:t-128m:macd_hist_16_64_16_volnorm,macd_hist_16_64_16_volnorm,t-128m,0.0,0.00089871026239526,0.0,-0.0037384887445313097,0.02338603371915271,0.0019626331448918677,-0.05955805202768616,0.04072406156617747,0.03318663644238384,0.008841047019354065,0.0013297740892230792,0.011307279977486928,False,True,True,True,True,False,True
coarse:t-128m:ema_gap_32_128_volnorm,ema_gap_32_128_volnorm,t-128m,-0.0005718301003364937,-0.0034328552672064916,-0.0045867280778632375,0.01870236477129472,0.024116791787776037,-0.029826351727413325,-0.00795880845139152,0.09137473825541198,0.07286511668450624,0.00487582664359465,0.014875041687294477,0.02328264711238237,False,True,True,True,True,False,True
coarse:t-128m:sign_flip_rate32,sign_flip_rate32,t-128m,0.0,0.0,0.0,-0.011765733688307023,-0.010552830920707024,-0.025820511709429006,-0.005343740296370747,0.06271355521176858,0.06125678788582167,0.02482389885325098,0.025552854406856174,0.023596742457964393,False,False,True,True,False,False,False
coarse:t-64m:return8,return8,t-64m,-0.00043071476226922795,-6.9720546207463485e-06,0.0,-0.027230481626028258,-0.024338528901446388,-0.02264774592162233,-0.14033499134857852,0.06762756129091718,0.07495570926595585,0.023626891933327343,0.016202427104946793,0.014560674154925124,False,False,True,True,False,False,False
coarse:t-64m:return32,return32,t-64m,-0.00012775202341686054,0.0,0.0,-0.012632193676287429,-0.03422794361063186,-0.05314767872943715,-0.0066122982268268515,-0.015022132886377548,0.07565982263348925,0.011445181166337193,0.022627711928318917,0.02794875018561882,False,False,True,True,False,False,False
coarse:t-64m:body8,body8,t-64m,0.0,0.0,0.0,-0.02611722204535205,-0.03766612592779328,-0.017822345074303136,-0.1474967341192901,0.06010102045547194,0.07302840693088619,0.025135800897645666,0.01642908573014079,0.016088589379518403,False,False,True,True,False,False,False
coarse:t-64m:range8,range8,t-64m,0.0,-1.6605470690933544e-05,0.0,-0.008422957181819513,-0.0028945429637161624,-0.003618982186925912,0.0012260700584354467,0.05214870153877893,0.01858647290559068,0.05004942050100958,0.05855519524100483,0.03354639688203953,False,False,True,True,False,False,False
coarse:t-64m:close_position8,close_position8,t-64m,0.0,0.0,0.0,-0.015137576756529825,0.05081445304184751,-0.03364616218706207,-0.021880767540993773,0.0515793105254847,0.01135966791888654,0.014676557879213625,0.02422088617617746,0.016227074091485605,False,False,True,True,False,False,False
coarse:t-64m:log_volume8_delta,log_volume8_delta,t-64m,0.0,0.0,0.0,-0.00691766227995938,0.04443865701290184,-0.05316300919155914,-0.21001524877990452,0.1423749666083718,0.0818536752347887,0.009582359626206127,0.0,0.002905448736236771,False,False,True,True,False,False,False
coarse:t-64m:relative_log_volume8_64,relative_log_volume8_64,t-64m,-0.003616773080760064,-0.0018317570837780295,-0.0008333669967347154,0.053149593514023596,0.036060732053389,-0.06453293153283468,-0.032512000696716115,0.05667301321253815,0.048092635084806545,0.00011515793225136406,0.0021661086045634548,0.00013066796001748315,False,True,True,True,True,False,True
coarse:t-64m:rv8,rv8,t-64m,0.0,-7.981621988051302e-05,0.0,-0.010440894719709881,-0.014631658799157954,0.008606687807000135,-0.01134118815755425,0.07212880630529384,0.013985226737489587,0.04451638215901266,0.03729082549569718,0.04792743599142213,False,False,True,True,False,False,False
coarse:t-64m:rv64,rv64,t-64m,-0.00025728782765810365,0.0,3.021626599775118e-05,-0.007773348799489099,-0.01777474449482508,0.00916612211367962,-0.007459942274401499,0.05048267683006591,0.014907803712826961,0.049904161053673235,0.062462093611021174,0.07112975686668577,False,False,True,True,False,False,False
coarse:t-64m:log_rv8_rv64,log_rv8_rv64,t-64m,-0.0007208607105084752,0.0,0.003007625068595606,-0.005532045815748177,-0.01928130976525111,-0.006095798000904651,-0.022955496422949473,0.048141379983113186,0.008555373024832225,0.007251362975777553,0.011438734105712278,0.01881610532893596,False,False,True,True,False,False,False
coarse:t-64m:time_of_day_sin,time_of_day_sin,t-64m,-0.0013409232609949602,-0.0009219732194338803,0.0,-0.035699114090093076,-0.13867311397488535,-0.21729226152802372,-0.030413412577923182,-0.06623850616311877,-0.024973562938690463,-0.009632676218693348,0.023971965810400064,0.04249944586818977,False,False,True,True,False,False,False
coarse:t-64m:time_of_day_cos,time_of_day_cos,t-64m,0.0,0.0,0.0,-0.009119280105074345,-0.014168706279615861,-0.051407069109554726,-0.010176008673234982,0.03287632893251846,-0.01069133737177097,5.975820413883781e-05,0.02446400841068641,0.04456048265025636,False,False,True,True,False,False,False
coarse:t-64m:rsi64_centered,rsi64_centered,t-64m,0.0,0.0,-1.1578438147807901e-05,-0.005040360882779815,-0.023011355874347217,-0.024867774283898747,-0.013074258878709166,0.0473036761679646,0.08561000819358178,0.01978921730615113,0.026369885712083097,0.03167753199976797,False,False,True,True,False,False,False
coarse:t-64m:macd_hist_16_64_16_volnorm,macd_hist_16_64_16_volnorm,t-64m,0.0,-0.000857447220705391,-0.003486232903213704,0.013107097449172045,-0.020279988681992656,-0.050547435729852985,-0.013180222292707988,0.06325407864459232,0.08446571911236989,0.0,0.007573258518399406,0.01421504553041597,False,False,True,True,False,False,False
coarse:t-64m:ema_gap_32_128_volnorm,ema_gap_32_128_volnorm,t-64m,0.009611368145731566,0.0,0.002218700130981688,-0.03901727848467651,-0.07766752253497433,0.007704785616924337,-0.029365299438643966,0.013617908959873137,0.0916900692019107,0.014819773240866141,0.005133722488092296,0.02592341546704624,True,False,True,True,True,True,False
coarse:t-64m:sign_flip_rate32,sign_flip_rate32,t-64m,-0.001203100515671925,0.0,0.0,-0.006195217369375783,-0.014919280280412117,-0.03865588431102296,0.017275834383334576,0.06134870972167583,0.07797868873107294,0.030694294023008606,0.023265099752901808,0.015345503346485767,False,False,True,True,False,False,False
coarse:t-32m:return8,return8,t-32m,-0.0030401026594949108,0.0,0.0,-0.02003478341432441,-0.028153385943130438,-0.037667389430540155,-0.010384635840154921,0.048124239368152466,0.005316956058620814,0.03599066198991174,0.011966403832530226,0.02789054772267363,False,False,True,True,False,False,False
coarse:t-32m:return32,return32,t-32m,0.0,0.0,-0.0019392382637969756,-0.01577849560590039,-0.03857275464054233,-0.06612149986351401,-0.010005692926462473,-0.017168296272007666,-0.01212011455993256,0.021383232112683892,0.02119902534450091,0.029361116648735752,False,False,True,True,False,False,False
coarse:t-32m:body8,body8,t-32m,0.0,0.0,0.0,-0.02020501503257055,-0.029924987149554383,-0.035174033017648654,-0.011558951418133567,0.04989609180350296,0.007499272736821716,0.035517317137935045,0.01227610160872139,0.027981656635790664,False,False,True,True,False,False,False
coarse:t-32m:range8,range8,t-32m,0.0,0.0,0.0,-0.0316997728516899,-0.044611932625882034,-0.07272065005881068,-0.05077332507263943,0.050242906164355006,0.049940725506869565,0.07108237776995274,0.06217972702735697,0.05852182629777403,False,False,True,True,False,False,False
coarse:t-32m:close_position8,close_position8,t-32m,0.0006199815351119279,0.0,0.0,0.001551624640205862,0.018345293205779267,0.037858920982791755,-0.004807126495842695,0.06501968094789756,0.013228819498667388,0.03017052918728691,0.014984767502381757,0.018666163135440783,False,True,True,True,True,False,True
coarse:t-32m:log_volume8_delta,log_volume8_delta,t-32m,-0.0008065874611536591,0.0,0.0,0.029160954572438058,0.07039469184909608,0.12570333302780456,-0.009585877768314433,0.052604957771040795,0.0643642944248124,0.00388343335669461,0.0020593520257410347,0.00021913827702491062,False,True,True,True,True,False,True
coarse:t-32m:relative_log_volume8_64,relative_log_volume8_64,t-32m,0.00029289029138131656,0.0,0.0,-0.012361329959875711,-0.027158760148360273,-0.0517145986413059,-0.0027119227369531984,-0.00023768169965521224,0.04942019109124285,-0.0025398105811706984,0.006254605896403476,0.010610092691069717,False,False,True,True,False,False,False
coarse:t-32m:rv8,rv8,t-32m,-0.0017044869127123736,-0.0027125641156426164,0.0,-0.016924912962257288,-0.022674183914905832,-0.07020062301530405,-0.003016685186518764,-0.022780652323106665,-0.0012195175194129604,0.05156871097009219,0.04106724547883456,0.039882361659126175,False,False,True,True,False,False,False
coarse:t-32m:rv64,rv64,t-32m,0.001599097982098859,0.0,0.0,-0.010172838113153837,-0.01816145420510118,-0.013133900992556846,-0.014253803470620774,0.04326113622656891,0.02002163301523252,0.0758214231718215,0.06576898774250495,0.07726338465431937,False,False,True,True,False,False,False
coarse:t-32m:log_rv8_rv64,log_rv8_rv64,t-32m,0.0014532743579896608,0.0,0.0,-0.02352639466027817,-0.00409939265466619,0.010229764671554342,-0.013875910207961084,0.05479540101189784,0.01237210371676234,0.011356453627517915,0.016844210532348747,0.026662542433813385,False,False,True,True,False,False,False
coarse:t-32m:time_of_day_sin,time_of_day_sin,t-32m,0.0,0.0,0.0007410438273799022,-0.006726316086447248,-0.017796682734672054,-0.026253294386591186,-0.00949626618327315,0.03826127080743813,0.010222279300997617,-0.007217174773783697,0.022341893332893825,0.03471582726029521,False,False,True,True,False,False,False
coarse:t-32m:time_of_day_cos,time_of_day_cos,t-32m,0.0,-0.0015758230995099136,0.0,-0.007973284637641243,-0.028838596514901838,-0.0577867283447997,-0.0032179812231802885,0.06891992269427716,0.028677796418496992,0.004622573442594202,0.030672307373800223,0.04747108161070468,False,False,True,True,False,False,False
coarse:t-32m:rsi64_centered,rsi64_centered,t-32m,0.0,0.0,0.0,-0.013125644303824124,-0.020055027607068787,-0.028626980074974995,-0.004581668875003331,0.0503945519615856,0.07144545424699889,0.04256564112492445,0.03443614049399546,0.04004527859841467,False,False,True,True,False,False,False
coarse:t-32m:macd_hist_16_64_16_volnorm,macd_hist_16_64_16_volnorm,t-32m,0.0010348490622031175,0.0006666898751177541,-0.00013516888080763087,-0.025269249928405735,-0.036506599758756586,0.032908031239786695,-0.26866404969725366,0.046249204520598663,0.03828526300054813,0.005435528798492406,0.015087677637515284,0.0,True,False,True,True,True,True,False
coarse:t-32m:ema_gap_32_128_volnorm,ema_gap_32_128_volnorm,t-32m,0.00128923611174514,-0.0015183548802042424,0.0,0.019788071288284748,-0.016155583609900326,-0.008676655845074599,-0.01504715264242229,0.03896133983295469,0.034803174467257225,0.0055717206276986175,0.0067849115694560425,0.01521477932262183,False,False,True,True,False,False,False
coarse:t-32m:sign_flip_rate32,sign_flip_rate32,t-32m,0.0033492811619950658,0.0,0.0,-0.01858926374977976,-0.016153499379778502,0.055152838246852465,-0.008939255642448352,0.05945048027632405,0.1484059852156494,0.03541940248766373,0.028466871880270528,0.024706015172907048,False,False,True,True,False,False,False
coarse:t-16m:return8,return8,t-16m,-0.00019424461413564131,0.0,0.0,-0.011927246005072334,-0.015411442376311868,-0.016152775568922806,-0.00816083618251362,0.05062526055744643,0.030014194441241315,0.018532153455249833,0.007235768393845987,0.017450653051321652,False,False,True,True,False,False,False
coarse:t-16m:return32,return32,t-16m,-0.0003075419695358998,0.001321048003243656,0.0,-0.008985378582382353,-0.027333806997265064,0.13772171267392164,0.0006637029215106338,0.0704232415760786,0.09897915356312792,0.02030242204710664,0.01691388146043238,0.022705289418397,False,False,True,True,False,False,False
coarse:t-16m:body8,body8,t-16m,-0.0007244651934072976,0.0,0.0,-0.015214424146936523,-0.014582489115833042,-0.017527372460546253,-0.009250609591804348,0.05019318106980197,0.006850915962686166,0.018436350501670695,0.007121312709239547,0.01754432492050828,False,False,True,True,False,False,False
coarse:t-16m:range8,range8,t-16m,0.0,0.0,0.0,0.021197995583155382,0.09226788251145424,0.019244072609492235,-0.010467569278649336,0.05859468000856127,0.08328607393476295,0.05079411832803249,0.047681334424257926,0.049209112271831223,False,True,True,True,True,False,True
coarse:t-16m:close_position8,close_position8,t-16m,0.00014197744707663182,0.0,0.0,-0.02211809617571614,0.006710262434794778,-0.02241314966326957,-0.012467747599065326,0.03969994160093471,0.05472078135279057,0.01164685419515532,0.010989402193100517,0.015299023037258053,False,False,True,True,False,False,False
coarse:t-16m:log_volume8_delta,log_volume8_delta,t-16m,0.0,0.00158276137897199,0.0,-0.01852311144383556,-0.01693048850728296,-0.04651214421793615,-0.008873109719020889,0.06290541115929749,0.02125531812733339,-0.0004412020237118952,0.0,-0.0002460083888644604,False,False,False,False,False,False,False
coarse:t-16m:relative_log_volume8_64,relative_log_volume8_64,t-16m,-0.00026451401359395277,0.0019018806026688633,-0.0001557214234632435,-0.008385355299123098,-0.0370748766099771,-0.02873486327139574,-0.0228674589937361,0.010097668539876814,-0.0012509895086720846,-0.0028847063527335237,0.014270075507925029,0.0035922372991601392,False,False,True,True,False,False,False
coarse:t-16m:rv8,rv8,t-16m,-0.0001795184141097176,0.0,7.438156886981535e-05,0.01785504022657758,-0.018525855277706782,-0.05748461722869802,-0.006788794955436828,0.05258035187751808,0.00827365473617947,0.04912962518718622,0.03839706123518116,0.03873372597614466,False,False,True,True,False,False,False
coarse:t-16m:rv64,rv64,t-16m,0.0,0.0,0.0,0.009226916088078685,0.030936532175229736,0.028939111680603702,-0.00481836173047423,0.0587122346368929,0.12607634843559978,0.07724330459082207,0.0763682192133821,0.09137302104171852,False,True,True,True,True,False,True
coarse:t-16m:log_rv8_rv64,log_rv8_rv64,t-16m,0.00233147015852353,0.003097048573190856,0.0,-0.009308239463790002,-0.018421810794344573,-0.01303946760753405,-0.0390982974587617,0.05716623178391167,0.02172963653049864,0.003647353548183574,0.004935059024547606,0.007806632028942495,True,False,True,True,True,True,False
coarse:t-16m:time_of_day_sin,time_of_day_sin,t-16m,0.0,0.0,-0.0015803044114382676,-0.006635853907566158,-0.028840526427398316,-0.03684335338678402,0.003013000909124486,-0.01894917609126523,0.0020992170080114114,-0.0063492706266155,0.03207758580072717,0.026484231966684035,False,False,True,True,False,False,False
coarse:t-16m:time_of_day_cos,time_of_day_cos,t-16m,0.0,0.0,0.0,-0.019015779956688128,-0.02318779530483539,-0.022329851457225658,-0.009365730698163155,0.03772738316504265,-0.006676912925307477,-0.013166685639323106,0.01913769076978511,0.04344871902142522,False,False,True,True,False,False,False
coarse:t-16m:rsi64_centered,rsi64_centered,t-16m,0.0,0.0,0.0,-0.024662324431101723,-0.03340075129041331,-0.06700023060328686,-0.015011730381830901,0.056017263786289906,0.013737711149253151,0.021534721538195356,0.025282145550479918,0.032585380799367236,False,False,True,True,False,False,False
coarse:t-16m:macd_hist_16_64_16_volnorm,macd_hist_16_64_16_volnorm,t-16m,0.0,0.0,0.0001868589727772966,-0.021857593368568295,-0.010252301153745869,-0.021075419902749637,-0.012207269925790243,0.04449081648499886,-0.015695284371131102,-0.00019655497899417895,0.0009638141676768797,0.001053005950528707,False,False,True,True,False,False,False
coarse:t-16m:ema_gap_32_128_volnorm,ema_gap_32_128_volnorm,t-16m,-0.003612585478971179,-0.008013825822397772,-0.0009733686940383753,-0.02058163102849342,-0.01889245806629969,-0.02287100962394817,-0.01093143069328395,0.03216595855157767,0.009264632042293997,0.007670722060192148,0.002727639635243584,0.005407574397671588,False,False,True,True,False,False,False
coarse:t-16m:sign_flip_rate32,sign_flip_rate32,t-16m,0.0,0.0,0.0,-0.010803313444140983,-0.022595795884905456,-0.028492994532980376,-0.008720368964998393,0.05150386027049647,0.07317144872710513,0.022375833374521203,0.043341470079393485,0.03269978383525585,False,False,True,True,False,False,False
coarse:t-8m:return8,return8,t-8m,0.0,0.0,0.0,-0.02364975893722754,-0.005614019447830465,0.03921757763015732,-0.009891561393815529,-0.005720469696468555,0.011505151123680779,0.029136045485361528,0.03697215804280418,0.02893316599351259,False,False,True,True,False,False,False
coarse:t-8m:return32,return32,t-8m,-0.0005220069752359299,0.0,0.0,-0.014025908446746449,-0.03194243284585507,-0.022941628105277445,-0.022750830925177823,0.03346454730349668,0.06085460528547637,0.029949524363034108,0.018089663694065727,0.015601666324460695,False,False,True,True,False,False,False
coarse:t-8m:body8,body8,t-8m,0.0,0.0,0.0,-0.020339341339226102,-0.028610038262333326,0.035601803001628074,-0.010689164380650595,-0.021491038158649722,0.012689731293891171,0.0296432277890899,0.036103771411500674,0.029610913758229884,False,False,True,True,False,False,False
coarse:t-8m:range8,range8,t-8m,0.0017119724480304892,0.0,0.0,-0.020725753196182417,0.058277675642981475,-0.0712188210073128,-0.011075538955762632,0.05115486177689199,0.02671195079743116,0.06346946746993964,0.05275651480021981,0.05322913691811593,False,False,True,True,False,False,False
coarse:t-8m:close_position8,close_position8,t-8m,-0.0017581673616196742,0.0,0.0,0.03179094039695851,-0.03265836825963042,-0.0252487127226253,-0.14938162318729464,0.017369612359752207,0.02403254434836244,0.01699301373113915,0.016217441146928024,0.019067561606036065,False,False,True,True,False,False,False
coarse:t-8m:log_volume8_delta,log_volume8_delta,t-8m,0.0,0.0,0.0,-0.028111451392787146,-0.035293680868409005,-0.021596887579811153,-0.10584419021841818,0.05494502754230801,0.010555140412360497,-0.008314641943883316,0.008240206392496674,0.004357316430948721,False,False,True,True,False,False,False
coarse:t-8m:relative_log_volume8_64,relative_log_volume8_64,t-8m,0.00848198285308636,0.0,0.0,-0.00945831478214032,0.060542754743353466,0.11358147057243251,-0.010425971112648647,0.060436374914807356,0.11895436290737527,0.007847849651525962,0.010198767360665606,0.01582474481184093,False,True,True,True,True,False,True
coarse:t-8m:rv8,rv8,t-8m,0.0,0.0,0.0,0.01432538754280177,-0.012646006429006817,-0.08863707372994689,-0.018130527681803343,0.04301617018793724,0.04642748115281092,0.05663056045680648,0.04583757118841536,0.031635192949204693,False,False,True,True,False,False,False
coarse:t-8m:rv64,rv64,t-8m,0.0,0.0,0.0,0.00510694105515519,-0.020723630456398467,0.019099675628564405,0.02618956568943842,-0.00761563681461741,0.0330848992119992,0.07806808458354197,0.07063199597957048,0.08364868768427858,False,True,True,True,True,False,True
coarse:t-8m:log_rv8_rv64,log_rv8_rv64,t-8m,0.002707391056731012,-4.801020638467435e-05,0.0,-0.047348266034852315,-0.014245169999727025,0.09377817748241757,-0.01494255861005378,-0.030875028756227607,0.08313752362010263,0.0018178543286122562,0.011849083638821867,0.01481668293661631,False,False,True,True,False,False,False
coarse:t-8m:time_of_day_sin,time_of_day_sin,t-8m,0.0,0.0,0.0,-0.006532517931789883,-0.022387239438348416,-0.055865069208071994,-0.008912257004278779,0.03557525442122733,0.010952233238303855,-0.0036278465916099734,0.021857762619382548,0.03472663612618643,False,False,True,True,False,False,False
coarse:t-8m:time_of_day_cos,time_of_day_cos,t-8m,0.0,0.0,0.0,0.03820273386524464,0.017122939031977147,0.009367400557358518,-0.01635626053613226,0.017016512985523757,0.014745898569090699,-0.002745130641521598,0.02597951471618032,0.048943992014709004,False,True,True,True,True,False,True
coarse:t-8m:rsi64_centered,rsi64_centered,t-8m,-0.0014425664822160418,-0.002079689444987783,0.00028218175969622433,0.0007535110776890619,-0.04871492736464589,0.020700423713704286,-0.013864017136788753,0.022612217517581357,0.0689802402726647,0.020224087793385692,0.025558965276757384,0.015789160976007466,False,True,True,True,True,False,True
coarse:t-8m:macd_hist_16_64_16_volnorm,macd_hist_16_64_16_volnorm,t-8m,0.00037677835764308537,0.0,0.0,0.05306110659138996,0.11128463399024957,0.2017978080094407,-0.0006571341105710005,0.07523368972175426,0.08757800548119254,0.002290110080057417,0.00550723973298517,0.008986123956281844,False,True,True,True,True,False,True
coarse:t-8m:ema_gap_32_128_volnorm,ema_gap_32_128_volnorm,t-8m,-0.0010553058295101891,0.0,0.0,-0.014506665295921373,-0.04192068846926578,-0.030656074799750854,-0.01876996497471861,0.04984765006182945,3.775412357187591e-05,-0.0044809219440802295,0.011488315936579951,0.02231808700805704,False,False,True,True,False,False,False
coarse:t-8m:sign_flip_rate32,sign_flip_rate32,t-8m,0.0,0.0,0.0,-0.02019210912960201,-0.03940611165114127,-0.06241901516896853,-0.028508724153430975,-0.017113550478220496,-0.031111540888595357,0.03387979918649586,0.04950916213216772,0.029529597558934473,False,False,True,True,False,False,False
coarse:t:return8,return8,t,0.0,-0.002789022406110083,0.0,-0.02966767976289031,-0.046363780901348406,-0.11727185469472268,-0.020016602786210314,0.05141186572927836,0.01783134137707254,0.046769828824542614,0.03983386836480829,0.036168671253937745,False,False,True,True,False,False,False
coarse:t:return32,return32,t,0.0,0.0,0.0,-0.027249416786623293,-0.028618448634909477,-0.09088165766197864,-0.01759857312912949,0.035151028270785645,0.008522188091675265,0.03271781897718373,0.03645488148119913,0.04163232271639572,False,False,True,True,False,False,False
coarse:t:body8,body8,t,0.0,0.0,0.0,-0.02962256822727216,-0.04907716758104641,-0.11698221176552615,-0.019971495603066103,0.048701130851480645,0.018120593447767952,0.047295142995869455,0.040697682714442074,0.036134992653798825,False,False,True,True,False,False,False
coarse:t:range8,range8,t,-0.0019019117462969841,0.0,0.0,-0.011465936235666163,-0.026308299014443648,-0.027207526588757247,-0.05802377007875226,-0.02641477129097236,0.0011649396983171023,0.07986139689919636,0.06510842695909425,0.05722557336255463,False,False,True,True,False,False,False
coarse:t:close_position8,close_position8,t,-0.0035170043434954814,-0.0007629423450244607,0.0,-0.06195294063831014,0.0036816095112301994,0.03205167604920511,-0.009257554855679473,0.04819680432271989,0.037428953873330784,0.04207868182011243,0.034433831608186694,0.038253178126253395,False,True,True,True,True,False,True
coarse:t:log_volume8_delta,log_volume8_delta,t,-0.006966175537063653,-0.0005112076843924266,0.0,-0.012061244547889594,-0.03887405517393194,-0.059292480813710746,-0.0024118662778516153,0.05889427172264261,0.034878577586827664,0.005754570654125324,0.010889124005961648,0.002364517173469416,False,False,True,True,False,False,False
coarse:t:relative_log_volume8_64,relative_log_volume8_64,t,0.0011715821833178097,0.002620056017586118,-0.00128193217114377,0.01804764608979159,0.000706210356404835,-0.027413453564295587,0.027694119389443106,0.059347575375567896,0.08058179236707375,0.017118989850154698,-0.0023343573334928536,0.022488894187126185,True,True,True,True,True,True,True
coarse:t:rv8,rv8,t,0.0,0.0,-2.4920844244509985e-06,-0.013982463290984626,0.03182540339219386,0.12719757365088347,-0.08970603931075516,0.032011510264529086,0.13256973357538282,0.07358242445679686,0.07199578405008644,0.05446836192288185,False,True,True,True,True,False,True
coarse:t:rv64,rv64,t,0.0,0.0,0.0,0.014194224719499271,0.04216191409204262,-0.046598765015648524,0.023841069805519144,0.051659245082746885,0.01754972536218702,0.08532125756913445,0.06775869001653412,0.0908503217731198,False,True,True,True,True,False,True
coarse:t:log_rv8_rv64,log_rv8_rv64,t,0.0,0.0,1.6408742628944612e-05,0.0004805746186664628,-0.03271985946855516,-0.0346459733568949,0.010128742827064663,0.04114809247239837,0.10034572326590441,0.02489352056752825,0.0448086619410919,0.03397425816827315,False,False,True,True,False,False,False
coarse:t:time_of_day_sin,time_of_day_sin,t,0.0,0.0,0.0,-0.009863245884056404,-0.024912318104530762,-0.03681793168868186,-0.01415383296450301,0.057028599667130475,0.04665588523287134,-0.004242454470974266,0.02272481103605184,0.04624082929477069,False,False,True,True,False,False,False
coarse:t:time_of_day_cos,time_of_day_cos,t,-0.0005921233160298319,0.0,0.0,-0.019578463168135052,-0.03158936357747777,-0.03346914765343101,-0.009928359620703375,0.022162415777804423,-0.000866141789468422,-0.009116114370818273,0.022575483906813965,0.042463974668776494,False,False,True,True,False,False,False
coarse:t:rsi64_centered,rsi64_centered,t,0.0007656336591471321,0.023352969960176512,-0.039835453326233505,-0.02806630396150478,-0.05224421047007599,-0.06516718282865153,-0.2700825189575706,0.04553718312407806,0.05100752416128396,0.059243482373743106,0.05253186924492059,0.07418988595149578,True,False,True,True,True,True,False
coarse:t:macd_hist_16_64_16_volnorm,macd_hist_16_64_16_volnorm,t,0.0,0.0,0.00038613560998612684,0.010381291790995117,-0.015217588393379167,-0.028230265191386827,0.005423572002349886,0.06061300943042136,0.07827057411186056,-0.007315507291655976,0.006226787797490196,0.006454005045426925,False,False,True,True,False,False,False
coarse:t:ema_gap_32_128_volnorm,ema_gap_32_128_volnorm,t,0.0,-0.0027796608145583455,0.0029504982698351037,-0.011011821064754734,-0.028612130639982247,-0.0490374200842858,-0.00962239494350925,-0.012601971100889564,-0.03717602406121401,0.008815764746044508,0.0038473480196676846,0.018835436286242846,False,False,True,True,False,False,False
coarse:t:sign_flip_rate32,sign_flip_rate32,t,0.0008148408302327917,0.0,0.0,-0.0028527672799816273,-0.03773078341171576,-0.017349158046631175,-0.00980851516496628,0.0010355254882465914,0.07847563930721835,0.02405419137531073,0.023616294025356588,0.024678116982205456,False,False,True,True,False,False,False
origin:rv60,rv60,t,0.0,0.0,0.0,-0.0153490730747885,-0.033361252445685,-0.009060731370347241,-0.005699377588008758,0.047211929052859425,-0.0029900095826373985,0.08911564067018762,0.07941371340124892,0.09424721240979927,False,False,True,True,False,False,False
origin:log_rv60,log_rv60,t,0.0,0.0,0.0,-0.0153490730747885,-0.033361252445685,-0.009060731370347241,-0.005699377588008758,0.04790217603460878,-0.0029900095826373985,0.09330479359963206,0.07564337271590471,0.08574662983018477,False,False,True,True,False,False,False
