run,t0,t1,msgs,f0,l1,hours,anchored
1.0,1775801471414,1775801482214,109,91748689176,91748694935,0.003,True
2.0,1775801486714,1775801506514,199,91748695629,91748708991,0.0055,True
3.0,1775801553614,1775808670714,71172,91748720158,91752563825,1.9769722222222221,True
4.0,1775808707114,1775812319514,36125,91752589021,91754341415,1.0034444444444444,True
5.0,1775812359214,1775820147914,77888,91754353571,91758415101,2.163527777777778,True
6.0,1775820217614,1775820451114,2336,91758459936,91758586068,0.0648611111111111,True
7.0,1775820524815,1775820637914,1132,91758613180,91758676928,0.03141638888888889,True
8.0,1775820693014,1775820745814,529,91758711814,91758745984,0.014666666666666666,True
9.0,1775820814914,1775821141814,3270,91758784451,91758980614,0.09080555555555556,True
10.0,1775821189039,1775821263725,748,91759011364,91759049792,0.02074611111111111,True
11.0,1775821360514,1775821568514,2081,91759088751,91759209597,0.057777777777777775,True
12.0,1775821637314,1775821727814,906,91759262737,91759330460,0.025138888888888888,True
13.0,1775821812814,1775822021814,2091,91759366679,91759458552,0.058055555555555555,True
14.0,1775822093114,1775822178414,854,91759486748,91759518844,0.023694444444444445,True
15.0,1775822275614,1775822585014,3095,91759554155,91759722847,0.08594444444444445,True
16.0,1775822657115,1775822770014,1130,91759754422,91759811105,0.03136083333333333,True
17.0,1775822841815,1775823036914,1952,91759852267,91759938253,0.05419416666666667,True
18.0,1775823112914,1775823215314,1025,91759967836,91760015513,0.028444444444444446,True
19.0,1775823303614,1775823524114,2206,91760043654,91760130452,0.06125,True
20.0,1775823597514,1775823686415,890,91760176649,91760231321,0.024694722222222222,True
21.0,1775823734814,1775823817814,831,91760271514,91760344268,0.023055555555555555,True
22.0,1775823897114,1775823989814,928,91760436116,91760521405,0.02575,True
23.0,1775824069514,1775824188114,1187,91760589165,91760699593,0.03294444444444444,True
24.0,1775824241314,1775824331514,903,91760903759,91761142866,0.025055555555555557,True
25.0,1775824394014,1775824479614,857,91761227557,91761314319,0.023777777777777776,True
26.0,1775824558414,1775824675014,1167,91761400336,91761489847,0.03238888888888889,True
27.0,1775824746514,1775824844414,980,91761569172,91761675706,0.027194444444444445,True
28.0,1775824933514,1775825041516,1081,91761797518,91761885225,0.030000555555555555,True
29.0,1775825106614,1775825187014,805,91761921259,91761964246,0.022333333333333334,True
30.0,1775825291114,1775825389314,983,91762051053,91762107131,0.02727777777777778,True
31.0,1775825489714,1775825613414,1238,91762182634,91762251685,0.03436111111111111,True
32.0,1775825687214,1775825908315,2212,91762291230,91762406286,0.06141694444444445,True
33.0,1775825972614,1775826028514,560,91762431917,91762467827,0.015527777777777777,True
34.0,1775826124314,1775826254615,1304,91762536719,91762614375,0.036194722222222225,True
35.0,1775826311314,1775826393214,820,91762636289,91762691643,0.02275,True
36.0,1775826461814,1775826571114,1094,91762728002,91762785745,0.03036111111111111,True
37.0,1775826644014,1775826733015,891,91762823821,91762871917,0.0247225,True
38.0,1775826801814,1775826888414,867,91762901548,91762941074,0.024055555555555556,True
39.0,1775827016514,1775827142914,1265,91763018707,91763086443,0.035111111111111114,True
40.0,1775827198314,1775827564914,3667,91763123913,91763345613,0.10183333333333333,True
41.0,1775827691614,1775827801114,1096,91763421125,91763475918,0.030416666666666668,True
42.0,1775827882114,1775827990514,1085,91763656129,91763838211,0.030111111111111113,True
43.0,1775828064614,1775828176914,1124,91763943079,91764133864,0.031194444444444445,True
44.0,1775828240914,1775828326314,855,91764211913,91764336491,0.02372222222222222,True
45.0,1775828403614,1775828506014,1025,91764453525,91764584511,0.028444444444444446,True
46.0,1775828611614,1775828702414,909,91764696387,91764789647,0.025222222222222222,True
47.0,1775828820014,1775828921628,1017,91764908382,91765029109,0.02822611111111111,True
48.0,1775829031914,1775829138714,1069,91765200523,91765321750,0.029666666666666668,True
49.0,1775829231314,1775829338314,1071,91765410818,91765507176,0.029722222222222223,True
50.0,1775829421114,1775829528215,1072,91765594622,91765670832,0.02975027777777778,True
51.0,1775829597814,1775829674314,766,91765730962,91765822678,0.02125,True
52.0,1775829793415,1775829901514,1082,91765953074,91766111742,0.0300275,True
53.0,1775830005914,1775830088114,823,91766272547,91766378143,0.022833333333333334,True
54.0,1775830206914,1775830324914,1181,91766543682,91766684567,0.03277777777777778,True
55.0,1775830418114,1775830509514,915,91766926296,91767081134,0.025388888888888888,True
56.0,1775830606714,1775830713314,1067,91767366220,91767559905,0.029611111111111112,True
57.0,1775830803614,1775830899814,963,91767680435,91767872704,0.026722222222222224,True
58.0,1775830993514,1775831091114,977,91768003854,91768138500,0.02711111111111111,True
59.0,1775831188014,1775831285114,972,91768323472,91768455381,0.026972222222222224,True
60.0,1775831416814,1775831524814,1081,91768610666,91768751551,0.03,True
61.0,1775831640614,1775831745214,1047,91768889877,91769008559,0.029055555555555557,True
62.0,1775831853514,1775831951114,977,91769190133,91769317535,0.02711111111111111,True
63.0,1775832054714,1775832159814,1052,91769432536,91769544878,0.029194444444444443,True
64.0,1775832245714,1775832330214,846,91769800179,91769988492,0.02347222222222222,True
65.0,1775832468614,1775832573014,1045,91770189188,91770329950,0.029,True
66.0,1775832709514,1775832817314,1079,91770514634,91770642881,0.029944444444444444,True
67.0,1775832925314,1775833031514,1063,91770774234,91770865605,0.0295,True
68.0,1775833132114,1775833217714,857,91770947201,91771042632,0.023777777777777776,True
69.0,1775833330414,1775833450314,1200,91771170326,91771274884,0.033305555555555554,True
70.0,1775833544014,1775833637614,937,91771365940,91771461139,0.026,True
71.0,1775833738014,1775833835814,979,91771573746,91771668707,0.027166666666666665,True
72.0,1775833935414,1775834045914,1106,91771759145,91771839890,0.030694444444444444,True
73.0,1775834134714,1775834234214,996,91771916231,91771998899,0.02763888888888889,True
74.0,1775834324314,1775834391714,675,91772082906,91772159082,0.018722222222222223,True
75.0,1775834545114,1775834671116,1261,91772289572,91772393640,0.035000555555555556,True
76.0,1775834777719,1775834859314,817,91772622456,91772790040,0.022665277777777777,True
77.0,1775834996014,1775835098914,1030,91772991229,91773171876,0.028583333333333332,True
78.0,1775835241914,1775835335314,935,91773372618,91773476971,0.025944444444444444,True
79.0,1775835487914,1775835599414,1116,91773633338,91773773868,0.030972222222222224,True
80.0,1775835718114,1775835826514,1085,91773984859,91774115174,0.030111111111111113,True
81.0,1775835938314,1775836034114,959,91774226625,91774316840,0.02661111111111111,True
82.0,1775836139014,1775836232314,934,91774447033,91774554922,0.025916666666666668,True
83.0,1775836364916,1775836452414,876,91774703097,91774781910,0.024305,True
84.0,1775836606814,1775836729814,1231,91774985008,91775131847,0.034166666666666665,True
85.0,1775836859414,1775836953114,938,91775276851,91775378926,0.026027777777777778,True
86.0,1775837080614,1775837188214,1077,91775532085,91775628255,0.02988888888888889,True
87.0,1775837301314,1775837399914,987,91775732032,91775818486,0.02738888888888889,True
88.0,1775837518714,1775837588514,699,91775937289,91776000493,0.01938888888888889,True
89.0,1775837740914,1775837869114,1283,91776114387,91776211029,0.035611111111111114,True
90.0,1775837997214,1775838075414,783,91776362651,91776445778,0.021722222222222223,True
91.0,1775838215614,1775838330715,1152,91776615468,91776733527,0.0319725,True
92.0,1775838462314,1775838577514,1153,91776832377,91776928055,0.032,True
93.0,1775838678714,1775838752914,743,91777021655,91777083088,0.02061111111111111,True
94.0,1775838897514,1775839025614,1282,91777235169,91777337236,0.035583333333333335,True
95.0,1775839154314,1775839215815,616,91777415517,91777448750,0.017083611111111112,True
96.0,1775839353114,1775839494114,1411,91777546098,91777632949,0.03916666666666667,True
97.0,1775839591514,1775839685314,939,91777704747,91777789230,0.026055555555555554,True
98.0,1775839809314,1775839874314,651,91777869486,91777924342,0.018055555555555554,True
99.0,1775840020014,1775840154014,1341,91778069628,91778186697,0.03722222222222222,True
100.0,1775840278914,1775840376914,981,91778291386,91778398078,0.02722222222222222,True
101.0,1775840492414,1775840608714,1164,91778490955,91778590040,0.03230555555555555,True
102.0,1775840714214,1775840780614,665,91778649436,91778690863,0.018444444444444444,True
103.0,1775840931114,1775841029314,983,91778802736,91778862867,0.02727777777777778,True
104.0,1775841168314,1775841289414,1212,91778973417,91779045539,0.03363888888888889,True
105.0,1775841412714,1775841506414,938,91779132490,91779210971,0.026027777777777778,True
106.0,1775841627614,1775841737614,1101,91779281575,91779357872,0.030555555555555555,True
107.0,1775841850915,1775841918314,675,91779444443,91779494298,0.018721944444444444,True
108.0,1775842074014,1775842208514,1346,91779610514,91779691825,0.03736111111111111,True
109.0,1775842328514,1775842436614,1082,91779786463,91779852388,0.030027777777777778,True
110.0,1775842532814,1775842600414,677,91779896427,91779934149,0.01877777777777778,True
111.0,1775842766014,1775842859414,935,91780063198,91780127570,0.025944444444444444,True
112.0,1775842995014,1775843112814,1179,91780215577,91780265934,0.03272222222222222,True
113.0,1775843233114,1775843311914,789,91780341057,91780406188,0.02188888888888889,True
114.0,1775843490514,1775843618314,1279,91780572393,91780651966,0.0355,True
115.0,1775843746114,1775843848814,1028,91780716329,91780769137,0.028527777777777777,True
116.0,1775843957514,1775844032914,755,91780834858,91780897293,0.020944444444444446,True
117.0,1775844211114,1775844314314,1033,91781029984,91781124683,0.028666666666666667,True
118.0,1775844457114,1775844564514,1075,91781236650,91781323114,0.029833333333333333,True
119.0,1775844699414,1775844807914,1086,91781394204,91781446426,0.03013888888888889,True
120.0,1775844955414,1775845038614,833,91781556469,91781613293,0.02311111111111111,True
121.0,1775845181614,1775845287514,1060,91781696013,91781745243,0.029416666666666667,True
122.0,1775845447714,1775845530114,825,91781810871,91781867971,0.02288888888888889,True
123.0,1775845687114,1775845818514,1315,91781953552,91782037014,0.0365,True
124.0,1775845952114,1775846053914,1019,91782102720,91782159223,0.028277777777777777,True
125.0,1775846173615,1775846262814,893,91782220746,91782263822,0.0247775,True
126.0,1775846399514,1775846492114,927,91782329304,91782371510,0.025722222222222223,True
127.0,1775846644614,1775846757214,1127,91782437993,91782493640,0.03127777777777778,True
128.0,1775846876415,1775846963015,867,91782544185,91782570343,0.024055555555555556,True
129.0,1775847102114,1775847222714,1207,91782607475,91782666599,0.0335,True
130.0,1775847363914,1775847434614,708,91782740859,91782776787,0.01963888888888889,True
131.0,1775847589715,1775847709814,1202,91782836395,91782893143,0.03336083333333333,True
132.0,1775847850414,1775847938214,879,91782952728,91782991635,0.02438888888888889,True
133.0,1775848075314,1775848185014,1098,91783071710,91783130051,0.030472222222222223,True
134.0,1775848334714,1775848452814,1182,91783227122,91783311012,0.03280555555555555,True
135.0,1775848581114,1775848650514,695,91783377642,91783404599,0.01927777777777778,True
136.0,1775848818014,1775848937314,1194,91783476625,91783555608,0.03313888888888889,True
137.0,1775849079714,1775849184014,1044,91783647242,91783686961,0.028972222222222222,True
138.0,1775849310914,1775849426414,1156,91783745932,91783793936,0.03208333333333333,True
139.0,1775849546614,1775849608014,615,91783852378,91783874616,0.017055555555555556,True
140.0,1775849760614,1775849881814,1213,91783950477,91784008806,0.033666666666666664,True
141.0,1775850022514,1775850116414,940,91784073344,91784115261,0.026083333333333333,True
142.0,1775850242214,1775850297614,555,91784159237,91784189903,0.01538888888888889,True
143.0,1775850486114,1775850619514,1335,91784303830,91784382495,0.03705555555555556,True
144.0,1775850778414,1775850890814,1125,91784475759,91784538321,0.03122222222222222,True
145.0,1775851014514,1775851106314,919,91784591994,91784639040,0.0255,True
146.0,1775851262714,1775851335614,730,91784830702,91784882479,0.02025,True
147.0,1775851532614,1775851658514,1260,91785044651,91785118887,0.034972222222222224,True
148.0,1775851813214,1775851911514,984,91785209211,91785254404,0.027305555555555555,True
149.0,1775852046514,1775852148714,1023,91785291270,91785330329,0.02838888888888889,True
150.0,1775852300414,1775852377814,775,91785412100,91785451311,0.0215,True
151.0,1775852543014,1775852682014,1391,91785526255,91785615560,0.03861111111111111,True
152.0,1775852810214,1775852919614,1095,91785669101,91785695762,0.03038888888888889,True
153.0,1775853054714,1775853096914,423,91785829565,91785894667,0.011722222222222222,True
154.0,1775853304314,1775853422414,1182,91786082907,91786193597,0.03280555555555555,True
155.0,1775853599814,1775853723014,1233,91786329410,91786387399,0.03422222222222222,True
156.0,1775853871014,1775853946214,753,91786483288,91786537687,0.020888888888888887,True
157.0,1775854151614,1775854282114,1306,91786669704,91786735720,0.03625,True
158.0,1775854412214,1775854495614,835,91786791317,91786831124,0.023166666666666665,True
159.0,1775854660214,1775854765914,1058,91786984017,91787044451,0.029361111111111112,True
160.0,1775854910914,1775855010514,997,91787117994,91787144253,0.027666666666666666,True
161.0,1775855153014,1775855242814,899,91787214372,91787249978,0.024944444444444446,True
162.0,1775855396414,1775855494714,984,91787333725,91787358518,0.027305555555555555,True
163.0,1775855680214,1775855793014,1129,91787471910,91787527409,0.03133333333333333,True
164.0,1775855930214,1775856029314,992,91787564838,91787593195,0.02752777777777778,True
165.0,1775856222114,1775856307614,856,91787711300,91787751663,0.02375,True
166.0,1775856479914,1775856593214,1134,91787806911,91787830838,0.03147222222222222,True
167.0,1775856728814,1775856817814,891,91787872708,91787899791,0.024722222222222222,True
168.0,1775856995717,1775857103514,1079,91787956554,91787996386,0.029943611111111112,True
169.0,1775857253914,1775857349714,959,91788069290,91788113790,0.02661111111111111,True
170.0,1775857519314,1775857615115,959,91788254324,91788290205,0.02661138888888889,True
171.0,1775857776515,1775857897214,1208,91788363969,91788460751,0.0335275,True
172.0,1775858040314,1775858140914,1007,91788513435,91788552090,0.027944444444444445,True
173.0,1775858267616,1775858365014,975,91788595846,91788624323,0.027055,True
174.0,1775858518314,1775858587014,688,91788684791,91788729202,0.019083333333333334,True
175.0,1775858762014,1775858877314,1154,91788844984,91788895208,0.03202777777777778,True
176.0,1775859034614,1775859120914,864,91788955616,91788979957,0.02397222222222222,True
177.0,1775859319414,1775859425114,1058,91789059528,91789106695,0.029361111111111112,True
178.0,1775859589014,1775859687114,982,91789178191,91789210582,0.02725,True
179.0,1775859871814,1775860005114,1334,91789277497,91789339125,0.03702777777777778,True
180.0,1775860139614,1775860211916,724,91789370850,91789392126,0.020083888888888887,True
181.0,1775860375514,1775860503314,1279,91789452755,91789493271,0.0355,True
182.0,1775860626514,1775860700814,744,91789534329,91789602180,0.020638888888888887,True
183.0,1775860858514,1775860967914,1095,91789727026,91789793567,0.03038888888888889,True
184.0,1775861118614,1775861218015,995,91789851975,91789905352,0.02761138888888889,True
185.0,1775861384914,1775861470114,853,91789962198,91789993694,0.023666666666666666,True
186.0,1775861645914,1775861739314,935,91790033547,91790055228,0.025944444444444444,True
187.0,1775861910014,1775862010514,1006,91790087344,91790118137,0.027916666666666666,True
188.0,1775862187114,1775862281414,944,91790175383,91790221996,0.026194444444444444,True
189.0,1775862485514,1775862598942,1135,91790286992,91790319529,0.03150777777777778,True
190.0,1775862766415,1775862861814,955,91790373537,91790414805,0.026499722222222223,True
191.0,1775863020614,1775863131714,1112,91790461952,91790492223,0.03086111111111111,True
192.0,1775863276314,1775863388815,1126,91790574725,91790599576,0.03125027777777778,True
193.0,1775863531214,1775863586514,554,91790647004,91790678885,0.015361111111111112,True
194.0,1775863764914,1775863902514,1377,91790718449,91790754359,0.03822222222222222,True
195.0,1775864055415,1775864124714,694,91790790984,91790826924,0.019249722222222224,True
196.0,1775864307814,1775864424314,1166,91790879881,91790914926,0.03236111111111111,True
197.0,1775864590314,1775864694314,1041,91790944952,91790962779,0.028888888888888888,True
198.0,1775864855815,1775864945115,894,91791002794,91791018465,0.024805555555555556,True
199.0,1775865134414,1775865266914,1326,91791055609,91791081813,0.03680555555555556,True
200.0,1775865394315,1775865475314,811,91791125563,91791142793,0.022499722222222223,True
201.0,1775865654214,1775865708514,544,91791198558,91791243302,0.015083333333333334,True
202.0,1775894657415,1775894673214,159,91799745666,91799748049,0.004388611111111111,True
203.0,1775894682014,1775894696815,149,91799749216,91799753816,0.004111388888888889,True
204.0,1775949591614,1775949591614,1,91822055114,91822055134,0.0,True
205.0,1775949610014,1775949610014,1,91822063911,91822063923,0.0,True
206.0,1775949628314,1775949628314,1,91822074421,91822074431,0.0,True
207.0,1775949647114,1775949647114,1,91822079056,91822079862,0.0,True
208.0,1775949665714,1775949665714,1,91822091327,91822091345,0.0,True
209.0,1775949682714,1775949682714,1,91822098903,91822098931,0.0,True
210.0,1775949700114,1775949700114,1,91822108581,91822108591,0.0,True
211.0,1775949719415,1775949719415,1,91822112452,91822112468,0.0,True
212.0,1775949739514,1775949739514,1,91822121493,91822121550,0.0,True
213.0,1775949757314,1775949757314,1,91822125613,91822125628,0.0,True
214.0,1775949776414,1775949776414,1,91822131270,91822131280,0.0,True
215.0,1775949792414,1775949792414,1,91822140281,91822140677,0.0,True
216.0,1775949831214,1775949831214,1,91822163457,91822163473,0.0,True
217.0,1775949849114,1775949849114,1,91822169016,91822169034,0.0,True
218.0,1775949865014,1775949865014,1,91822177810,91822177849,0.0,True
219.0,1775949880517,1775949880517,1,91822181865,91822181880,0.0,True
220.0,1775949898314,1775949898314,1,91822190660,91822190682,0.0,True
221.0,1775949916114,1775949916114,1,91822199144,91822199187,0.0,True
222.0,1775949931814,1775949931814,1,91822206076,91822206090,0.0,True
223.0,1775949947314,1775949947314,1,91822210627,91822210651,0.0,True
224.0,1775949966214,1775949966214,1,91822218891,91822218911,0.0,True
225.0,1775949983814,1775949983814,1,91822230641,91822230670,0.0,True
226.0,1775950003014,1775950003014,1,91822247354,91822247375,0.0,True
227.0,1775950019414,1775950019414,1,91822253140,91822253156,0.0,True
228.0,1775950036514,1775950036514,1,91822257291,91822257301,0.0,True
229.0,1775950054215,1775950054215,1,91822263153,91822263169,0.0,True
230.0,1775950072014,1775950072014,1,91822268523,91822268536,0.0,True
231.0,1775950089714,1775950089714,1,91822272135,91822272146,0.0,True
232.0,1775950109514,1775950109514,1,91822279622,91822279650,0.0,True
233.0,1775950125414,1775950125414,1,91822283893,91822283915,0.0,True
234.0,1775950145615,1775950145615,1,91822290925,91822290933,0.0,True
235.0,1775950162714,1775950162714,1,91822295463,91822295504,0.0,True
236.0,1775950178514,1775950178514,1,91822301142,91822301167,0.0,True
237.0,1775950194014,1775950194014,1,91822307507,91822307550,0.0,True
238.0,1775950209714,1775950209714,1,91822320904,91822321122,0.0,True
239.0,1775950226114,1775950226114,1,91822327760,91822327800,0.0,True
240.0,1775950244014,1775950244014,1,91822338535,91822338570,0.0,True
241.0,1775950261914,1775950261914,1,91822349215,91822349235,0.0,True
242.0,1775950281815,1775950281815,1,91822360005,91822360018,0.0,True
243.0,1775950316314,1775950316314,1,91822374303,91822374347,0.0,True
244.0,1775950333414,1775950333414,1,91822382914,91822382942,0.0,True
245.0,1775950350114,1775950350114,1,91822387971,91822387987,0.0,True
246.0,1775950368114,1775950368114,1,91822394810,91822394903,0.0,True
247.0,1775950384514,1775950384514,1,91822403335,91822403383,0.0,True
248.0,1775950400114,1775950400114,1,91822417853,91822417891,0.0,True
249.0,1775950419014,1775950419014,1,91822432082,91822432105,0.0,True
250.0,1775950437814,1775950437814,1,91822441394,91822441407,0.0,True
251.0,1775950457014,1775950457014,1,91822451154,91822451235,0.0,True
252.0,1775950474914,1775950474914,1,91822461599,91822461608,0.0,True
253.0,1775950493014,1775950493014,1,91822470830,91822470843,0.0,True
254.0,1775950511814,1775950511814,1,91822484954,91822484963,0.0,True
255.0,1775950531714,1775950531714,1,91822490676,91822490752,0.0,True
256.0,1775950550414,1775950550414,1,91822500292,91822500300,0.0,True
257.0,1775950569314,1775950569314,1,91822504783,91822504796,0.0,True
258.0,1775950586715,1775950586715,1,91822507935,91822507953,0.0,True
259.0,1775950603014,1775950603014,1,91822512529,91822512747,0.0,True
260.0,1775950618814,1775950618814,1,91822520207,91822520233,0.0,True
261.0,1775950635614,1775950635614,1,91822526537,91822526556,0.0,True
262.0,1775950653314,1775950653314,1,91822532616,91822532651,0.0,True
263.0,1775950673014,1775950673014,1,91822543800,91822543825,0.0,True
264.0,1775950692814,1775950692814,1,91822556387,91822556457,0.0,True
265.0,1775950710514,1775950710514,1,91822562567,91822562584,0.0,True
266.0,1775950729614,1775950729614,1,91822570473,91822570522,0.0,True
267.0,1775950746216,1775950746216,1,91822574700,91822574708,0.0,True
268.0,1775950764814,1775950764814,1,91822583693,91822583730,0.0,True
269.0,1775950780514,1775950780514,1,91822595462,91822595476,0.0,True
270.0,1775950798114,1775950798114,1,91822602670,91822602675,0.0,True
271.0,1775950813914,1775950813914,1,91822610531,91822610557,0.0,True
272.0,1775950834214,1775950834214,1,91822622662,91822622784,0.0,True
273.0,1775950854314,1775950854314,1,91822636932,91822636948,0.0,True
274.0,1775950871214,1775950871214,1,91822641929,91822641951,0.0,True
275.0,1775950888317,1775950888317,1,91822645050,91822645055,0.0,True
276.0,1775950905714,1775950905714,1,91822649020,91822649046,0.0,True
277.0,1775950923914,1775950923914,1,91822653754,91822653869,0.0,True
278.0,1775950939514,1775950939514,1,91822657376,91822657390,0.0,True
279.0,1775950957414,1775950957414,1,91822660801,91822660809,0.0,True
280.0,1775950973015,1775950973015,1,91822667506,91822667524,0.0,True
281.0,1775950990814,1775950990814,1,91822671910,91822671921,0.0,True
282.0,1775951006614,1775951006614,1,91822675957,91822675966,0.0,True
283.0,1775951026914,1775951026914,1,91822682927,91822682961,0.0,True
284.0,1775951046314,1775951046314,1,91822690402,91822690491,0.0,True
285.0,1775951065714,1775951065714,1,91822695661,91822695686,0.0,True
286.0,1775951085414,1775951085414,1,91822702065,91822702087,0.0,True
287.0,1775951103014,1775951103014,1,91822711014,91822711035,0.0,True
288.0,1775951122514,1775951122514,1,91822717811,91822717891,0.0,True
289.0,1775951140414,1775951140414,1,91822725550,91822725590,0.0,True
290.0,1775951158414,1775951158414,1,91822732148,91822732171,0.0,True
291.0,1775951178414,1775951178414,1,91822740338,91822740385,0.0,True
292.0,1775951193914,1775951193914,1,91822745626,91822745631,0.0,True
293.0,1775951211114,1775951211114,1,91822752886,91822752906,0.0,True
294.0,1775951229114,1775951229114,1,91822757247,91822757279,0.0,True
295.0,1775951247414,1775951247414,1,91822765847,91822766047,0.0,True
296.0,1775951263314,1775951263314,1,91822769151,91822769166,0.0,True
297.0,1775951297914,1775951297914,1,91822778402,91822778415,0.0,True
298.0,1775951313914,1775951313914,1,91822782120,91822782134,0.0,True
299.0,1775951330414,1775951330414,1,91822785034,91822785045,0.0,True
300.0,1775951346014,1775951346014,1,91822787963,91822787973,0.0,True
301.0,1775951363614,1775951363614,1,91822792785,91822792792,0.0,True
302.0,1775951380714,1775951380714,1,91822796919,91822796961,0.0,True
303.0,1775951397614,1775951397614,1,91822807085,91822807138,0.0,True
304.0,1775951417814,1775951417814,1,91822824914,91822825072,0.0,True
305.0,1775951436514,1775951436514,1,91822834313,91822834322,0.0,True
306.0,1775951454814,1775951454814,1,91822840825,91822840853,0.0,True
307.0,1775951471216,1775951471216,1,91822851519,91822851533,0.0,True
308.0,1775951489414,1775951489414,1,91822859386,91822859583,0.0,True
309.0,1775951504914,1775951504914,1,91822868094,91822868105,0.0,True
310.0,1775951523514,1775951523514,1,91822873075,91822873093,0.0,True
311.0,1775951541714,1775951541714,1,91822876159,91822876169,0.0,True
312.0,1775951558914,1775951558914,1,91822879257,91822880586,0.0,True
313.0,1775951576814,1775951576814,1,91822888673,91822888696,0.0,True
314.0,1775951595315,1775951595315,1,91822896365,91822896414,0.0,True
315.0,1775951611114,1775951611114,1,91822899899,91822899904,0.0,True
316.0,1775951626514,1775951626514,1,91822904775,91822904790,0.0,True
317.0,1775951646514,1775951646514,1,91822910060,91822910076,0.0,True
318.0,1775951664214,1775951664214,1,91822914872,91822914905,0.0,True
319.0,1775951680414,1775951680414,1,91822918935,91822918945,0.0,True
320.0,1775951697814,1775951697814,1,91822924828,91822924852,0.0,True
321.0,1775951733314,1775951733314,1,91822938026,91822938034,0.0,True
322.0,1775951752014,1775951752014,1,91822944726,91822944736,0.0,True
323.0,1775951767914,1775951767914,1,91822954031,91822954063,0.0,True
324.0,1775951785114,1775951785114,1,91822959533,91822959554,0.0,True
325.0,1775951802114,1775951802114,1,91822963581,91822963602,0.0,True
326.0,1775951822114,1775951822114,1,91822969203,91822969220,0.0,True
327.0,1775951838514,1775951838514,1,91822978931,91822978938,0.0,True
328.0,1775951855114,1775951855114,1,91822985562,91822985603,0.0,True
329.0,1775951874114,1775951874114,1,91822992950,91822992983,0.0,True
330.0,1775951890217,1775951890217,1,91822995479,91822995499,0.0,True
331.0,1775951910414,1775951910414,1,91822998975,91822998991,0.0,True
332.0,1775951930114,1775951930114,1,91823002789,91823002793,0.0,True
333.0,1775951948114,1775951948114,1,91823009647,91823009686,0.0,True
334.0,1775951964314,1775951964314,1,91823014585,91823014591,0.0,True
335.0,1775951983314,1775951983314,1,91823018408,91823018430,0.0,True
336.0,1775951998914,1775951998914,1,91823022192,91823022220,0.0,True
337.0,1775952014214,1775959580014,75659,91823029062,91829877693,2.101611111111111,True
338.0,1775959650114,1775959675914,259,91829953202,91829985797,0.007166666666666667,True
339.0,1775959704514,1775959733414,290,91830009192,91830035356,0.008027777777777778,True
340.0,1775959764314,1775959994314,2301,91830058973,91830398957,0.06388888888888888,True
341.0,1775960060114,1775960108714,487,91830469838,91830517060,0.0135,True
342.0,1775960136114,1775960154114,181,91830548723,91830571796,0.005,True
343.0,1775960215314,1775960443214,2280,91830679804,91830914458,0.06330555555555556,True
344.0,1775960499714,1775960935315,4357,91830957026,91831390193,0.12100027777777778,True
345.0,1775961060614,1775961100114,396,91831466197,91831497690,0.010972222222222222,True
346.0,1775961155214,1775961247314,922,91831557468,91831631541,0.025583333333333333,True
347.0,1775961320014,1775961612914,2930,91831665598,91831816855,0.0813611111111111,True
348.0,1775961721514,1775961985014,2636,91831897091,91832024995,0.07319444444444445,True
349.0,1775962039814,1775962064614,249,91832051433,91832079247,0.006888888888888889,True
350.0,1775962123214,1775962156514,334,91832126981,91832140422,0.00925,True
351.0,1775962217414,1775962464314,2470,91832171546,91832309396,0.06858333333333333,True
352.0,1775962575014,1775962619318,444,91832372421,91832393838,0.012306666666666667,True
353.0,1775962683114,1775963006514,3235,91832427847,91832626398,0.08983333333333333,True
354.0,1775963141416,1775963201914,606,91832693022,91832721818,0.016805,True
355.0,1775963305214,1775963572814,2677,91832782587,91832952750,0.07433333333333333,True
356.0,1775963686114,1775963900514,2145,91833003022,91833122279,0.059555555555555556,True
357.0,1775963980215,1775964024214,441,91833144052,91833166420,0.012221944444444445,True
358.0,1775964084915,1775964370417,2856,91833183154,91833330600,0.0793061111111111,True
359.0,1775964513914,1775964658914,1451,91833395178,91833454072,0.04027777777777778,True
360.0,1775964769914,1775964816514,467,91833499387,91833524803,0.012944444444444444,True
361.0,1775964937614,1775965119614,1821,91833637470,91833754557,0.050555555555555555,True
362.0,1775965205814,1775965246614,409,91833822528,91833846314,0.011333333333333334,True
363.0,1775965300714,1775965587716,2871,91833887571,91833990400,0.07972277777777778,True
364.0,1775965730314,1775965886914,1567,91834041391,91834143441,0.0435,True
365.0,1775966013514,1775966195114,1817,91834190606,91834259857,0.050444444444444445,True
366.0,1775966283614,1775966339014,555,91834284571,91834302614,0.01538888888888889,True
367.0,1775966450214,1775966552724,1026,91834369298,91834417686,0.028475,True
368.0,1775966676814,1775966851614,1749,91834466423,91834527509,0.04855555555555555,True
369.0,1775966954214,1775966989014,349,91834562181,91834597150,0.009666666666666667,True
370.0,1775967048614,1775967231414,1829,91834632895,91834714821,0.050777777777777776,True
371.0,1775967357314,1775967520414,1632,91834804798,91834872914,0.04530555555555556,True
372.0,1775967637515,1775967715814,784,91834941262,91834971574,0.021749722222222222,True
373.0,1775967766515,1775967817214,508,91835007280,91835032923,0.014083055555555555,True
374.0,1775967940814,1775968208314,2676,91835084283,91835180966,0.07430555555555556,True
375.0,1775968304315,1775968327114,229,91835240379,91835254447,0.006333055555555555,True
376.0,1775968389614,1775968436214,467,91835271146,91835285391,0.012944444444444444,True
377.0,1775968506214,1775968586114,800,91835306637,91835330528,0.022194444444444444,True
378.0,1775968711214,1775968842815,1317,91835358259,91835386608,0.036555833333333336,True
379.0,1775968953214,1775969035214,821,91835425521,91835453989,0.02277777777777778,True
380.0,1775969126214,1775969242814,1167,91835482830,91835519518,0.03238888888888889,True
381.0,1775969326614,1775969392314,658,91835558367,91835574112,0.01825,True
382.0,1775969507914,1775969736814,2290,91835608236,91835727955,0.06358333333333334,True
383.0,1775969861914,1775970114114,2523,91835767936,91835886796,0.07005555555555555,True
384.0,1775970253714,1775970300314,467,91835956776,91835966860,0.012944444444444444,True
385.0,1775970365914,1775970521314,1555,91835990249,91836051516,0.043166666666666666,True
386.0,1775970649614,1775970689714,402,91836091506,91836100153,0.01113888888888889,True
387.0,1775970737614,1775970935314,1978,91836113262,91836162990,0.05491666666666667,True
388.0,1775971086314,1775971226814,1406,91836223139,91836260254,0.03902777777777778,True
389.0,1775971340114,1775971407414,674,91836305787,91836346924,0.018694444444444444,True
390.0,1775971468514,1775971548814,804,91836384940,91836418842,0.022305555555555554,True
391.0,1775971687814,1775971905732,2180,91836458594,91836541138,0.060532777777777776,True
392.0,1775972042014,1775972102914,610,91836605172,91836635438,0.016916666666666667,True
393.0,1775972234314,1775972477214,2430,91836696251,91836775114,0.06747222222222223,True
394.0,1775972587214,1775972694015,1069,91836795309,91836813090,0.029666944444444444,True
395.0,1775972764315,1775972913014,1488,91836823315,91836884649,0.04130527777777778,True
396.0,1775973097814,1775973224415,1267,91836965813,91837017074,0.035166944444444445,True
397.0,1775973364214,1775973542514,1784,91837074364,91837114587,0.049527777777777775,True
398.0,1775973728714,1775973842914,1143,91837164224,91837197450,0.03172222222222222,True
399.0,1775973943014,1775974053214,1103,91837222178,91837240295,0.03061111111111111,True
400.0,1775974135415,1775974222614,873,91837262978,91837286441,0.024221944444444445,True
401.0,1775974342114,1775974577614,2356,91837326989,91837393967,0.06541666666666666,True
402.0,1775974707514,1775974781414,740,91837426997,91837443861,0.020527777777777777,True
403.0,1775974887517,1775975069414,1820,91837466902,91837502959,0.050526944444444444,True
404.0,1775975233214,1775975354714,1216,91837572979,91837593906,0.03375,True
405.0,1775975422015,1775975590914,1690,91837625860,91837667003,0.04691638888888889,True
406.0,1775975737614,1775975945114,2076,91837702094,91837758945,0.05763888888888889,True
407.0,1775976101615,1775976213214,1117,91837805712,91837832385,0.030999722222222224,True
408.0,1775976321914,1775976453914,1321,91837852507,91837872915,0.03666666666666667,True
409.0,1775976517914,1775976585314,675,91837896029,91837916235,0.018722222222222223,True
410.0,1775976709414,1775976884214,1749,91837962752,91838016457,0.04855555555555555,True
411.0,1775976983514,1775977041414,580,91838036050,91838051894,0.016083333333333335,True
412.0,1775977083614,1775977167714,842,91838061674,91838076673,0.02336111111111111,True
413.0,1775977252714,1775977350614,980,91838116054,91838142853,0.027194444444444445,True
414.0,1775977440314,1775977522814,826,91838179821,91838207706,0.022916666666666665,True
415.0,1775977638514,1775977807314,1689,91838235435,91838290356,0.04688888888888889,True
416.0,1775977920014,1775977966714,468,91838319848,91838334342,0.012972222222222222,True
417.0,1775978034114,1775978161314,1273,91838349693,91838390231,0.035333333333333335,True
418.0,1775978222114,1775978263014,410,91838405697,91838416761,0.011361111111111112,True
419.0,1775978396514,1775978512814,1164,91838449152,91838478284,0.03230555555555555,True
420.0,1775978613914,1775978740014,1262,91838502786,91838538434,0.035027777777777776,True
421.0,1775978810514,1775978963814,1534,91838555090,91838588913,0.042583333333333334,True
422.0,1775979153514,1775979281814,1284,91838628278,91838658228,0.03563888888888889,True
423.0,1775979403314,1775979563714,1605,91838698619,91838744106,0.04455555555555556,True
424.0,1775979706015,1775979758814,529,91838786957,91838806021,0.014666388888888889,True
425.0,1775979804714,1775979883114,785,91838824398,91838841885,0.021777777777777778,True
426.0,1775979993314,1775980252914,2597,91838871800,91838947258,0.07211111111111111,True
427.0,1775980404315,1775980470914,667,91838984154,91839014301,0.018499722222222223,True
428.0,1775980525814,1775980691614,1659,91839031885,91839069197,0.04605555555555556,True
429.0,1775980846014,1775980963514,1176,91839138295,91839162000,0.03263888888888889,True
430.0,1775981056414,1775981140814,845,91839184214,91839210694,0.023444444444444445,True
431.0,1775981256114,1775981393814,1378,91839231338,91839273105,0.03825,True
432.0,1775981457314,1775981531314,741,91839292097,91839310552,0.020555555555555556,True
433.0,1775981636115,1775981733114,971,91839335296,91839364238,0.02694416666666667,True
434.0,1775981849014,1775982012014,1631,91839384128,91839418966,0.04527777777777778,True
435.0,1775982169214,1775982235314,662,91839451487,91839471718,0.018361111111111113,True
436.0,1775982280114,1775982350014,700,91839488633,91839507807,0.019416666666666665,True
437.0,1775982451214,1775982593214,1421,91839529481,91839555960,0.03944444444444444,True
438.0,1775982720514,1775982775214,548,91839585088,91839597710,0.015194444444444444,True
439.0,1775982886714,1775983042715,1561,91839619565,91839655613,0.043333611111111114,True
440.0,1775983167314,1775983369314,2021,91839691913,91839777104,0.05611111111111111,True
441.0,1775983528114,1775983697314,1693,91839821042,91839885210,0.047,True
442.0,1775983808414,1775983951014,1427,91839939398,91839970598,0.03961111111111111,True
443.0,1775984080114,1775984146614,666,91840009879,91840026559,0.018472222222222223,True
444.0,1775984172814,1775984228015,553,91840038230,91840054180,0.01533361111111111,True
445.0,1775984334315,1775984472915,1387,91840078935,91840115460,0.0385,True
446.0,1775984598014,1775984656014,581,91840154792,91840183697,0.01611111111111111,True
447.0,1775984783014,1775984903414,1205,91840241139,91840278995,0.03344444444444444,True
448.0,1775985000914,1775985206514,2057,91840315789,91840361406,0.05711111111111111,True
449.0,1775985370714,1775985451414,808,91840414077,91840439387,0.022416666666666668,True
450.0,1775985557314,1775985675414,1182,91840459902,91840483818,0.03280555555555555,True
451.0,1775985788416,1775985919916,1316,91840511661,91840551522,0.03652777777777778,True
452.0,1776664492314,1776666592114,20999,92326397548,92327638774,0.5832777777777778,True
453.0,1776729606614,1776758206514,286000,92388808438,92406643298,7.944416666666666,False
454.0,1776826082514,1776907583714,814999,92475185918,92543355813,22.639222222222223,True
455.0,1776907670915,1776963671014,559999,92543436727,92586447097,15.555583055555555,True
456.0,1778114434714,1778119134514,46999,93288293056,93292264266,1.3055,True
457.0,1778254772314,1778260272414,54999,93381897164,93386204812,1.5278055555555556,True
458.0,1778340516114,1778340715914,1999,93417430690,93417520819,0.0555,True
459.0,1778776347514,1778803247514,268999,93685405319,93704681635,7.472222222222222,True
460.0,1778822156614,1778889599914,674432,93720579553,93769229057,18.73425,True
461.0,1778978735714,1778978835514,999,93808507331,93808570020,0.02772222222222222,True
462.0,1778978922814,1778979022614,999,93808603522,93808652132,0.02772222222222222,True
463.0,1778979114414,1778990348214,112339,93808684784,93815360779,3.1205,True
464.0,1778990362115,1778991376614,10146,93815364958,93815793683,0.28180527777777775,True
465.0,1778991384014,1778992851614,14677,93815795600,93816397046,0.4076666666666667,True
466.0,1778992859614,1778994178814,13193,93816399547,93816889791,0.36644444444444446,True
467.0,1778994193614,1778995846914,16534,93816897571,93817538059,0.45925,True
468.0,1778995855214,1778998932615,30775,93817540282,93818460385,0.8548336111111111,True
469.0,1778998947614,1778999536514,5890,93818464133,93818699301,0.16358333333333333,True
470.0,1778999551614,1779000855316,13038,93818706930,93819051759,0.36213944444444446,True
471.0,1779000866914,1779002284615,14178,93819057089,93819419674,0.39380583333333335,True
472.0,1779002293516,1779003963714,16703,93819421178,93819996864,0.4639438888888889,True
473.0,1779003978714,1779006398514,24199,93820002631,93820707124,0.6721666666666667,True
474.0,1779006413614,1779007536614,11231,93820714547,93821050147,0.31194444444444447,True
475.0,1779007551814,1779013135415,55837,93821052885,93823099199,1.5510002777777778,True
476.0,1779013144414,1779014287315,11430,93823102942,93823696155,0.3174725,True
477.0,1779014302914,1779016423014,21202,93823704038,93824481814,0.5889166666666666,True
478.0,1779016438614,1779016616914,1784,93824486588,93824594920,0.049527777777777775,True
479.0,1779016625714,1779017031614,4060,93824596632,93824750044,0.11275,True
480.0,1779017047114,1779019670114,26231,93824754151,93825678969,0.7286111111111111,True
481.0,1779019685814,1779020070114,3844,93825681937,93825810865,0.10675,True
482.0,1779020085714,1779024376714,42911,93825822399,93827531998,1.1919444444444445,True
483.0,1779024392614,1779027852315,34598,93827537094,93829266900,0.9610280555555556,True
484.0,1779027865714,1779028652914,7873,93829275128,93829703634,0.21866666666666668,True
485.0,1779028669514,1779029386914,7175,93829711138,93830030893,0.19927777777777778,True
486.0,1779029403114,1779030806914,14039,93830036315,93830558347,0.3899444444444444,True
487.0,1779030823014,1779031123814,3009,93830565354,93830781881,0.08355555555555555,True
488.0,1779031139814,1779031723814,5841,93830789885,93831032128,0.1622222222222222,True
489.0,1779031739914,1779033254114,15143,93831039622,93831640848,0.4206111111111111,True
490.0,1779033263314,1779033833114,5699,93831646892,93831846094,0.15827777777777777,True
491.0,1779033842014,1779034661614,8197,93831851963,93832108004,0.22766666666666666,True
492.0,1779034677614,1779034861614,1841,93832118131,93832183528,0.051111111111111114,True
493.0,1779034877714,1779035978114,11005,93832186759,93832533866,0.30566666666666664,True
494.0,1779035994514,1779036598415,6040,93832538249,93832755027,0.1677502777777778,True
495.0,1779036614514,1779036798414,1840,93832762005,93832838397,0.051083333333333335,True
496.0,1779036814414,1779039298414,24841,93832843115,93834001353,0.69,True
497.0,1779039314514,1779041669114,23547,93834014508,93835012790,0.6540555555555555,True
498.0,1779041679115,1779042764414,10854,93835015929,93835489854,0.3014719444444444,True
499.0,1779042773614,1779043742314,9688,93835494041,93835773198,0.26908333333333334,True
500.0,1779043752514,1779044325814,5734,93835779529,93836004707,0.15925,True
501.0,1779044342714,1779044819114,4765,93836012594,93836222062,0.13233333333333333,True
502.0,1779044829314,1779045573816,7446,93836227323,93836436423,0.2068061111111111,True
503.0,1779045586515,1779046813915,12275,93836439231,93836805313,0.34094444444444444,True
504.0,1779046830214,1779047412114,5820,93836819898,93837124876,0.1616388888888889,True
505.0,1779047428414,1779048112114,6838,93837131547,93837366400,0.18991666666666668,True
506.0,1779048128415,1779051449715,33214,93837368968,93838411821,0.9225833333333333,True
507.0,1779051466314,1779052240614,7744,93838413947,93838609167,0.21508333333333332,True
508.0,1779052250914,1779058912414,66616,93838610778,93842666207,1.8504166666666666,True
509.0,1779058929114,1779059360114,4311,93842679308,93843118775,0.11972222222222222,True
510.0,1779059370514,1779059943314,5729,93843129854,93843736329,0.15911111111111112,True
511.0,1779059960314,1779061912914,19527,93843760276,93846968719,0.5423888888888889,True
512.0,1779061932114,1779062027314,953,93846998564,93847184301,0.026444444444444444,True
513.0,1779062037014,1779076535614,144987,93847207425,93862824228,4.027388888888889,True
514.0,1779076558115,1779077065214,5072,93862832741,93863143047,0.14086083333333332,True
515.0,1779077086915,1779082189914,51031,93863148662,93866140089,1.4174997222222223,True
516.0,1779082214214,1779083450714,12366,93866160814,93866941816,0.34347222222222223,True
517.0,1779083471214,1779083883714,4126,93866949870,93867183780,0.11458333333333333,True
518.0,1779083904314,1779085166814,12626,93867191462,93868310627,0.3506944444444444,True
519.0,1779085176214,1779086049514,8734,93868316535,93869040205,0.24258333333333335,True
520.0,1779086070014,1779087817114,17472,93869054283,93870011185,0.48530555555555555,True
521.0,1779087826517,1779088089214,2628,93870013425,93870130031,0.07297138888888889,True
522.0,1779088109814,1779088549014,4393,93870136504,93870416778,0.122,True
523.0,1779088569714,1779089476814,9072,93870434608,93871057636,0.2519722222222222,True
524.0,1779089486314,1779090589514,11033,93871060681,93871816937,0.30644444444444446,True
525.0,1779090610414,1779090889514,2792,93871836545,93871968948,0.07752777777777778,True
526.0,1779090913214,1779095735614,48225,93871982108,93874668036,1.3395555555555556,True
527.0,1779095745314,1779096602214,8570,93874671290,93875020654,0.23802777777777778,True
528.0,1779096611915,1779097100814,4890,93875029076,93875259579,0.1358052777777778,True
529.0,1779097121815,1779097643315,5207,93875265611,93875481202,0.1448611111111111,True
530.0,1779097663114,1779100098914,24358,93875486220,93876702705,0.6766111111111112,True
531.0,1779100120014,1779101161114,10412,93876707197,93877165763,0.2891944444444444,True
532.0,1779101186414,1779101734614,5483,93877176968,93877389414,0.1522777777777778,True
533.0,1779101744414,1779102714514,9702,93877391172,93877897181,0.2694722222222222,True
534.0,1779102723514,1779102910014,1866,93877899131,93877954600,0.051805555555555556,True
535.0,1779102931114,1779103371614,4406,93877958920,93878126538,0.12236111111111111,True
536.0,1779103392816,1779103571614,1789,93878130398,93878189592,0.04966611111111111,True
537.0,1779103592814,1779103771614,1789,93878195595,93878246870,0.049666666666666665,True
538.0,1779103792815,1779107991114,41984,93878255379,93882636854,1.1661941666666666,True
539.0,1779108012615,1779109022114,10096,93882664869,93883777235,0.28041638888888887,True
540.0,1779109043814,1779109991014,9473,93883793320,93884568973,0.26311111111111113,True
541.0,1779110001215,1779111794814,17937,93884573065,93887068742,0.49822194444444445,True
542.0,1779111816714,1779114521814,27052,93887113615,93892114999,0.7514166666666666,True
543.0,1779114543814,1779115285715,7420,93892133337,93893699231,0.20608361111111112,True
544.0,1779115312414,1779117923715,26114,93893741628,93898064625,0.7253613888888889,True
545.0,1779117933514,1779120681514,27481,93898084425,93901186055,0.7633333333333333,True
546.0,1779120703914,1779123378214,26744,93901230577,93904198086,0.7428611111111111,True
547.0,1779123404414,1779123667214,2629,93904212167,93904416482,0.073,True
548.0,1779123677315,1779127613214,39360,93904426286,93907782502,1.0933052777777779,True
549.0,1779127623414,1779128906414,12831,93907789173,93909232025,0.35638888888888887,True
550.0,1779128917814,1779130735614,18179,93909249525,93910897367,0.5049444444444444,True
551.0,1779130746514,1779132455614,17092,93910914436,93913577968,0.47475,True
552.0,1779132487614,1779132793015,3055,93913595489,93913874942,0.08483361111111111,True
553.0,1779132827915,1779133727114,8993,93913896900,93914763395,0.2497775,True
554.0,1779133738114,1779137243414,35054,93914773696,93917181319,0.9736944444444444,True
555.0,1779137273615,1779137746014,4725,93917194739,93917404727,0.13122194444444443,True
556.0,1779137776314,1779137906914,1307,93917418055,93917491809,0.03627777777777778,True
557.0,1779137919215,1779138872314,9532,93917495928,93918029394,0.2647497222222222,True
558.0,1779138902615,1779140146114,12436,93918038075,93918685872,0.34541638888888887,True
559.0,1779140176514,1779142281214,21048,93918705907,93919979017,0.5846388888888889,True
560.0,1779142291914,1779142746414,4546,93919982219,93920266666,0.12625,True
561.0,1779142776514,1779144732714,19563,93920283492,93921394652,0.5433888888888889,True
562.0,1779144776414,1779144786815,105,93921413491,93921423337,0.0028891666666666666,True
563.0,1779144822314,1779145295314,4731,93921446000,93921680693,0.1313888888888889,True
564.0,1779145307414,1779145763514,4562,93921689376,93921934208,0.12669444444444444,True
565.0,1779145793914,1779147938014,21442,93921947349,93922822219,0.5955833333333334,True
566.0,1779147968615,1779165235614,172671,93922834174,93934733477,4.796388611111111,True
567.0,1779165251614,1779182608315,173568,93934741306,93944288155,4.821305833333334,True
568.0,1779182623714,1779184654115,20305,93944291763,93945729738,0.5640002777777777,True
569.0,1779184670114,1779185778814,11075,93945739923,93946277207,0.3079722222222222,True
570.0,1779185797414,1779192570314,67596,93946282304,93950188104,1.881361111111111,True
571.0,1779192587714,1779197894914,53060,93950194502,93953249281,1.4742222222222223,True
572.0,1779197912114,1779205793014,78810,93953266005,93962301115,2.189138888888889,True
573.0,1779205809915,1779207359014,15492,93962310510,93963412940,0.4303052777777778,True
574.0,1779207368314,1779207425915,577,93963418111,93963465676,0.016000277777777776,True
575.0,1779207447014,1779209351514,19046,93963473078,93964663395,0.5290277777777778,True
576.0,1779209371816,1779209652514,2808,93964675558,93964908934,0.07797166666666666,True
577.0,1779209673214,1779210450715,7776,93964924576,93965426410,0.2159725,True
578.0,1779210470615,1779212106814,16363,93965444025,93966486985,0.45449972222222224,True
579.0,1779212128514,1779213103614,9752,93966500359,93967222538,0.2708611111111111,True
580.0,1779213113914,1779214643715,15299,93967224419,93967953883,0.42494472222222224,True
581.0,1779214665414,1779215931814,12665,93967960210,93968716683,0.3517777777777778,True
582.0,1779215942214,1779217482314,15402,93968721342,93969483876,0.42780555555555555,True
583.0,1779217503814,1779219687614,21839,93969493016,93970640817,0.6066111111111111,True
584.0,1779219697714,1779220407315,7097,93970646146,93971028324,0.19711138888888888,True
585.0,1779220429014,1779221005014,5761,93971040712,93971345720,0.16,True
586.0,1779221027014,1779223447314,24204,93971361340,93972175735,0.6723055555555556,True
587.0,1779223469214,1779226170414,27013,93972180119,93972977830,0.7503333333333333,True
588.0,1779226181315,1779226685015,5038,93972980222,93973081728,0.13991666666666666,True
589.0,1779226709215,1779227638314,9292,93973086497,93973316313,0.25808305555555555,True
590.0,1779227669515,1779231830415,41610,93973321410,93975251824,1.1558055555555555,True
591.0,1779231851114,1779232466514,6155,93975256396,93975456264,0.17094444444444445,True
592.0,1779232488814,1779233758716,12700,93975460609,93975910169,0.35275055555555557,True
593.0,1779233779815,1779233959015,1793,93975916587,93975958153,0.049777777777777775,True
594.0,1779233981414,1779234162714,1814,93975968928,93976018631,0.05036111111111111,True
595.0,1779234184814,1779235199914,10152,93976025455,93976337541,0.28197222222222224,True
596.0,1779235214714,1779252403315,171887,93976351058,93986247975,4.774611388888889,True
597.0,1779252419414,1779260421114,80018,93986252985,93990083921,2.2226944444444445,True
598.0,1779260438114,1779269995915,95526,93990092303,93993801097,2.6549447222222224,True
599.0,1779270012914,1779272531414,25186,93993805408,93994605298,0.6995833333333333,True
600.0,1779272549614,1779274949914,24004,93994611155,93995408066,0.66675,True
601.0,1779274967214,1779278637214,36701,93995414064,93996540334,1.0194444444444444,True
602.0,1779278646814,1779287307614,86609,93996550872,94004272278,2.405777777777778,True
603.0,1779287326014,1779289926414,26005,94004292650,94006980609,0.7223333333333334,True
604.0,1779289945514,1779291446214,15008,94006996482,94009195128,0.4168611111111111,True
605.0,1779291465214,1779292592514,11274,94009213093,94010078595,0.3131388888888889,True
606.0,1779292610214,1779292918014,3079,94010086153,94010362475,0.0855,True
607.0,1779292936014,1779294198214,12623,94010371136,94011383781,0.3506111111111111,True
608.0,1779294207314,1779297859414,36522,94011391651,94014497572,1.0144722222222222,True
609.0,1779297882114,1779299063214,11812,94014515562,94015358084,0.32808333333333334,True
610.0,1779299089614,1779300055014,9655,94015363361,94015953137,0.26816666666666666,True
611.0,1779300065214,1779300447614,3825,94015965275,94016166615,0.10622222222222222,True
612.0,1779300457614,1779303722814,32653,94016172427,94017951144,0.907,True
613.0,1779303732414,1779304388614,6563,94017955631,94018299934,0.1822777777777778,True
614.0,1779304415714,1779305591914,11763,94018308386,94018902662,0.32672222222222225,True
615.0,1779305601514,1779306709514,11081,94018905126,94019471145,0.30777777777777776,True
616.0,1779306719214,1779306902714,1836,94019473898,94019567135,0.050972222222222224,True
617.0,1779306925614,1779307549814,6243,94019579582,94019994040,0.1733888888888889,True
618.0,1779307559414,1779309908214,23489,94019996132,94021384020,0.6524444444444445,True
619.0,1779309931414,1779310466214,5349,94021396655,94021616967,0.14855555555555555,True
620.0,1779310484715,1779314866414,43818,94021621477,94023137530,1.217138611111111,True
621.0,1779314876914,1779316265714,13889,94023142431,94024043999,0.3857777777777778,True
622.0,1779316283714,1779316666414,3828,94024051598,94024240688,0.10630555555555556,True
623.0,1779316694214,1779320146514,34524,94024257663,94025390847,0.9589722222222222,True
624.0,1779320169814,1779321276215,11065,94025398071,94025709983,0.3073336111111111,True
625.0,1779321299815,1779348390614,270907,94025717524,94038077829,7.525221944444445,True
626.0,1779348399914,1779350087914,16881,94038080306,94038660857,0.4688888888888889,True
627.0,1779350097014,1779354636214,45160,94038663350,94041103420,1.260888888888889,True
628.0,1779354645714,1779356666114,20048,94041106613,94041835104,0.5612222222222222,True
629.0,1779356681014,1779361919214,52383,94041841202,94045338417,1.4550555555555555,True
630.0,1779361933814,1779368687414,67537,94045343210,94048666079,1.876,True
631.0,1779368703914,1779368787414,836,94048672675,94048703979,0.023194444444444445,True
632.0,1779368803314,1779374125914,53227,94048710563,94055133472,1.4785,True
633.0,1779374145414,1779384406114,102608,94055152074,94063889204,2.8501944444444445,True
634.0,1779384429414,1779387960814,35315,94063919656,94067076577,0.9809444444444444,True
635.0,1779387984014,1779393281314,52974,94067088917,94070697805,1.4714722222222223,True
636.0,1779393300514,1779395507015,22066,94070727185,94071589075,0.6129169444444444,True
637.0,1779395531914,1779395734514,2027,94071593534,94071668176,0.05627777777777778,True
638.0,1779395755814,1779395934514,1788,94071675822,94071734210,0.04963888888888889,True
639.0,1779395955714,1779396634514,6789,94071737947,94071975002,0.18855555555555556,True
640.0,1779396655914,1779396834514,1787,94071983989,94072076698,0.04961111111111111,True
641.0,1779396855914,1779398161514,13057,94072081272,94072513449,0.3626666666666667,True
642.0,1779398183114,1779399188614,10056,94072517209,94072774161,0.27930555555555553,True
643.0,1779399210214,1779401789514,25794,94072778052,94073735536,0.7164722222222222,True
644.0,1779401798814,1779402364114,5654,94073736556,94073928835,0.15702777777777777,True
645.0,1779402385715,1779402791115,4055,94073932599,94074048383,0.1126111111111111,True
646.0,1779402812714,1779402991114,1785,94074051286,94074137328,0.049555555555555554,True
647.0,1779403012714,1779404120014,11074,94074145282,94074481876,0.3075833333333333,True
648.0,1779404141714,1779405312014,11704,94074493065,94074885833,0.32508333333333334,True
649.0,1779405321714,1779406360714,10391,94074890962,94075225724,0.2886111111111111,True
650.0,1779406382514,1779407999914,16175,94075231666,94075727642,0.4492777777777778,True
