file,figure_type,fold,origin_idx,timestamp_utc,actual_seed,selection_rule,units,source_metric,run_config_hash,phase_code_hash,visualizer_code_hash,git_revision,timeline,prediction_sources
path_001_fold1_2025-01-07_20250107T090000Z.png,forecast_path_overlay,fold1_2025-01-07,180991,2025-01-07T09:00:00+00:00,8587,equal-time interval midpoint among common valid seed-0 origins,USD change from origin close,saved predictions,822935ae5e8f,03d7a4a8e4b34ff25f89cc51f397e898604e5eee0cf42fe96c99532e42c8cec2,4082579396c3e2633977b6bee412b46368178aea37c63da9d91fdc5bbdca72ab,d9191f4dbb9e3bbcf0beabd47ae5ae874d8940b8,data/BTC_1m_2y.csv,"wins/tfm_seed*.npz,wins/autots_seed*.npz"
path_002_fold1_2025-01-07_20250107T205900Z.png,forecast_path_overlay,fold1_2025-01-07,181710,2025-01-07T20:59:00+00:00,8587,equal-time interval midpoint among common valid seed-0 origins,USD change from origin close,saved predictions,822935ae5e8f,03d7a4a8e4b34ff25f89cc51f397e898604e5eee0cf42fe96c99532e42c8cec2,4082579396c3e2633977b6bee412b46368178aea37c63da9d91fdc5bbdca72ab,d9191f4dbb9e3bbcf0beabd47ae5ae874d8940b8,data/BTC_1m_2y.csv,"wins/tfm_seed*.npz,wins/autots_seed*.npz"
path_003_fold1_2025-01-07_20250108T085800Z.png,forecast_path_overlay,fold1_2025-01-07,182429,2025-01-08T08:58:00+00:00,8587,equal-time interval midpoint among common valid seed-0 origins,USD change from origin close,saved predictions,822935ae5e8f,03d7a4a8e4b34ff25f89cc51f397e898604e5eee0cf42fe96c99532e42c8cec2,4082579396c3e2633977b6bee412b46368178aea37c63da9d91fdc5bbdca72ab,d9191f4dbb9e3bbcf0beabd47ae5ae874d8940b8,data/BTC_1m_2y.csv,"wins/tfm_seed*.npz,wins/autots_seed*.npz"
path_004_fold1_2025-01-07_20250108T205800Z.png,forecast_path_overlay,fold1_2025-01-07,183149,2025-01-08T20:58:00+00:00,8587,equal-time interval midpoint among common valid seed-0 origins,USD change from origin close,saved predictions,822935ae5e8f,03d7a4a8e4b34ff25f89cc51f397e898604e5eee0cf42fe96c99532e42c8cec2,4082579396c3e2633977b6bee412b46368178aea37c63da9d91fdc5bbdca72ab,d9191f4dbb9e3bbcf0beabd47ae5ae874d8940b8,data/BTC_1m_2y.csv,"wins/tfm_seed*.npz,wins/autots_seed*.npz"
path_005_fold1_2025-01-07_20250109T085700Z.png,forecast_path_overlay,fold1_2025-01-07,183868,2025-01-09T08:57:00+00:00,8587,equal-time interval midpoint among common valid seed-0 origins,USD change from origin close,saved predictions,822935ae5e8f,03d7a4a8e4b34ff25f89cc51f397e898604e5eee0cf42fe96c99532e42c8cec2,4082579396c3e2633977b6bee412b46368178aea37c63da9d91fdc5bbdca72ab,d9191f4dbb9e3bbcf0beabd47ae5ae874d8940b8,data/BTC_1m_2y.csv,"wins/tfm_seed*.npz,wins/autots_seed*.npz"
path_006_fold1_2025-01-07_20250109T205600Z.png,forecast_path_overlay,fold1_2025-01-07,184587,2025-01-09T20:56:00+00:00,8587,equal-time interval midpoint among common valid seed-0 origins,USD change from origin close,saved predictions,822935ae5e8f,03d7a4a8e4b34ff25f89cc51f397e898604e5eee0cf42fe96c99532e42c8cec2,4082579396c3e2633977b6bee412b46368178aea37c63da9d91fdc5bbdca72ab,d9191f4dbb9e3bbcf0beabd47ae5ae874d8940b8,data/BTC_1m_2y.csv,"wins/tfm_seed*.npz,wins/autots_seed*.npz"
path_007_fold2_2025-05-30_20250530T062200Z.png,forecast_path_overlay,fold2_2025-05-30,386753,2025-05-30T06:22:00+00:00,8587,equal-time interval midpoint among common valid seed-0 origins,USD change from origin close,saved predictions,822935ae5e8f,03d7a4a8e4b34ff25f89cc51f397e898604e5eee0cf42fe96c99532e42c8cec2,4082579396c3e2633977b6bee412b46368178aea37c63da9d91fdc5bbdca72ab,d9191f4dbb9e3bbcf0beabd47ae5ae874d8940b8,data/BTC_1m_2y.csv,"wins/tfm_seed*.npz,wins/autots_seed*.npz"
path_008_fold2_2025-05-30_20250530T182100Z.png,forecast_path_overlay,fold2_2025-05-30,387472,2025-05-30T18:21:00+00:00,8587,equal-time interval midpoint among common valid seed-0 origins,USD change from origin close,saved predictions,822935ae5e8f,03d7a4a8e4b34ff25f89cc51f397e898604e5eee0cf42fe96c99532e42c8cec2,4082579396c3e2633977b6bee412b46368178aea37c63da9d91fdc5bbdca72ab,d9191f4dbb9e3bbcf0beabd47ae5ae874d8940b8,data/BTC_1m_2y.csv,"wins/tfm_seed*.npz,wins/autots_seed*.npz"
path_009_fold2_2025-05-30_20250531T062000Z.png,forecast_path_overlay,fold2_2025-05-30,388191,2025-05-31T06:20:00+00:00,8587,equal-time interval midpoint among common valid seed-0 origins,USD change from origin close,saved predictions,822935ae5e8f,03d7a4a8e4b34ff25f89cc51f397e898604e5eee0cf42fe96c99532e42c8cec2,4082579396c3e2633977b6bee412b46368178aea37c63da9d91fdc5bbdca72ab,d9191f4dbb9e3bbcf0beabd47ae5ae874d8940b8,data/BTC_1m_2y.csv,"wins/tfm_seed*.npz,wins/autots_seed*.npz"
path_010_fold2_2025-05-30_20250531T182000Z.png,forecast_path_overlay,fold2_2025-05-30,388911,2025-05-31T18:20:00+00:00,8587,equal-time interval midpoint among common valid seed-0 origins,USD change from origin close,saved predictions,822935ae5e8f,03d7a4a8e4b34ff25f89cc51f397e898604e5eee0cf42fe96c99532e42c8cec2,4082579396c3e2633977b6bee412b46368178aea37c63da9d91fdc5bbdca72ab,d9191f4dbb9e3bbcf0beabd47ae5ae874d8940b8,data/BTC_1m_2y.csv,"wins/tfm_seed*.npz,wins/autots_seed*.npz"
path_011_fold2_2025-05-30_20250601T061900Z.png,forecast_path_overlay,fold2_2025-05-30,389630,2025-06-01T06:19:00+00:00,8587,equal-time interval midpoint among common valid seed-0 origins,USD change from origin close,saved predictions,822935ae5e8f,03d7a4a8e4b34ff25f89cc51f397e898604e5eee0cf42fe96c99532e42c8cec2,4082579396c3e2633977b6bee412b46368178aea37c63da9d91fdc5bbdca72ab,d9191f4dbb9e3bbcf0beabd47ae5ae874d8940b8,data/BTC_1m_2y.csv,"wins/tfm_seed*.npz,wins/autots_seed*.npz"
path_012_fold2_2025-05-30_20250601T181800Z.png,forecast_path_overlay,fold2_2025-05-30,390349,2025-06-01T18:18:00+00:00,8587,equal-time interval midpoint among common valid seed-0 origins,USD change from origin close,saved predictions,822935ae5e8f,03d7a4a8e4b34ff25f89cc51f397e898604e5eee0cf42fe96c99532e42c8cec2,4082579396c3e2633977b6bee412b46368178aea37c63da9d91fdc5bbdca72ab,d9191f4dbb9e3bbcf0beabd47ae5ae874d8940b8,data/BTC_1m_2y.csv,"wins/tfm_seed*.npz,wins/autots_seed*.npz"
path_013_fold3_2025-10-19_20251020T034500Z.png,forecast_path_overlay,fold3_2025-10-19,592516,2025-10-20T03:45:00+00:00,8587,equal-time interval midpoint among common valid seed-0 origins,USD change from origin close,saved predictions,822935ae5e8f,03d7a4a8e4b34ff25f89cc51f397e898604e5eee0cf42fe96c99532e42c8cec2,4082579396c3e2633977b6bee412b46368178aea37c63da9d91fdc5bbdca72ab,d9191f4dbb9e3bbcf0beabd47ae5ae874d8940b8,data/BTC_1m_2y.csv,"wins/tfm_seed*.npz,wins/autots_seed*.npz"
path_014_fold3_2025-10-19_20251020T154400Z.png,forecast_path_overlay,fold3_2025-10-19,593235,2025-10-20T15:44:00+00:00,8587,equal-time interval midpoint among common valid seed-0 origins,USD change from origin close,saved predictions,822935ae5e8f,03d7a4a8e4b34ff25f89cc51f397e898604e5eee0cf42fe96c99532e42c8cec2,4082579396c3e2633977b6bee412b46368178aea37c63da9d91fdc5bbdca72ab,d9191f4dbb9e3bbcf0beabd47ae5ae874d8940b8,data/BTC_1m_2y.csv,"wins/tfm_seed*.npz,wins/autots_seed*.npz"
path_015_fold3_2025-10-19_20251021T034300Z.png,forecast_path_overlay,fold3_2025-10-19,593954,2025-10-21T03:43:00+00:00,8587,equal-time interval midpoint among common valid seed-0 origins,USD change from origin close,saved predictions,822935ae5e8f,03d7a4a8e4b34ff25f89cc51f397e898604e5eee0cf42fe96c99532e42c8cec2,4082579396c3e2633977b6bee412b46368178aea37c63da9d91fdc5bbdca72ab,d9191f4dbb9e3bbcf0beabd47ae5ae874d8940b8,data/BTC_1m_2y.csv,"wins/tfm_seed*.npz,wins/autots_seed*.npz"
path_016_fold3_2025-10-19_20251021T154300Z.png,forecast_path_overlay,fold3_2025-10-19,594674,2025-10-21T15:43:00+00:00,8587,equal-time interval midpoint among common valid seed-0 origins,USD change from origin close,saved predictions,822935ae5e8f,03d7a4a8e4b34ff25f89cc51f397e898604e5eee0cf42fe96c99532e42c8cec2,4082579396c3e2633977b6bee412b46368178aea37c63da9d91fdc5bbdca72ab,d9191f4dbb9e3bbcf0beabd47ae5ae874d8940b8,data/BTC_1m_2y.csv,"wins/tfm_seed*.npz,wins/autots_seed*.npz"
path_017_fold3_2025-10-19_20251022T034200Z.png,forecast_path_overlay,fold3_2025-10-19,595393,2025-10-22T03:42:00+00:00,8587,equal-time interval midpoint among common valid seed-0 origins,USD change from origin close,saved predictions,822935ae5e8f,03d7a4a8e4b34ff25f89cc51f397e898604e5eee0cf42fe96c99532e42c8cec2,4082579396c3e2633977b6bee412b46368178aea37c63da9d91fdc5bbdca72ab,d9191f4dbb9e3bbcf0beabd47ae5ae874d8940b8,data/BTC_1m_2y.csv,"wins/tfm_seed*.npz,wins/autots_seed*.npz"
path_018_fold3_2025-10-19_20251022T154100Z.png,forecast_path_overlay,fold3_2025-10-19,596112,2025-10-22T15:41:00+00:00,8587,equal-time interval midpoint among common valid seed-0 origins,USD change from origin close,saved predictions,822935ae5e8f,03d7a4a8e4b34ff25f89cc51f397e898604e5eee0cf42fe96c99532e42c8cec2,4082579396c3e2633977b6bee412b46368178aea37c63da9d91fdc5bbdca72ab,d9191f4dbb9e3bbcf0beabd47ae5ae874d8940b8,data/BTC_1m_2y.csv,"wins/tfm_seed*.npz,wins/autots_seed*.npz"
path_019_fold4_2026-03-11_20260312T010800Z.png,forecast_path_overlay,fold4_2026-03-11,798279,2026-03-12T01:08:00+00:00,8587,equal-time interval midpoint among common valid seed-0 origins,USD change from origin close,saved predictions,822935ae5e8f,03d7a4a8e4b34ff25f89cc51f397e898604e5eee0cf42fe96c99532e42c8cec2,4082579396c3e2633977b6bee412b46368178aea37c63da9d91fdc5bbdca72ab,d9191f4dbb9e3bbcf0beabd47ae5ae874d8940b8,data/BTC_1m_2y.csv,"wins/tfm_seed*.npz,wins/autots_seed*.npz"
path_020_fold4_2026-03-11_20260312T130700Z.png,forecast_path_overlay,fold4_2026-03-11,798998,2026-03-12T13:07:00+00:00,8587,equal-time interval midpoint among common valid seed-0 origins,USD change from origin close,saved predictions,822935ae5e8f,03d7a4a8e4b34ff25f89cc51f397e898604e5eee0cf42fe96c99532e42c8cec2,4082579396c3e2633977b6bee412b46368178aea37c63da9d91fdc5bbdca72ab,d9191f4dbb9e3bbcf0beabd47ae5ae874d8940b8,data/BTC_1m_2y.csv,"wins/tfm_seed*.npz,wins/autots_seed*.npz"
path_021_fold4_2026-03-11_20260313T010600Z.png,forecast_path_overlay,fold4_2026-03-11,799717,2026-03-13T01:06:00+00:00,8587,equal-time interval midpoint among common valid seed-0 origins,USD change from origin close,saved predictions,822935ae5e8f,03d7a4a8e4b34ff25f89cc51f397e898604e5eee0cf42fe96c99532e42c8cec2,4082579396c3e2633977b6bee412b46368178aea37c63da9d91fdc5bbdca72ab,d9191f4dbb9e3bbcf0beabd47ae5ae874d8940b8,data/BTC_1m_2y.csv,"wins/tfm_seed*.npz,wins/autots_seed*.npz"
path_022_fold4_2026-03-11_20260313T130600Z.png,forecast_path_overlay,fold4_2026-03-11,800437,2026-03-13T13:06:00+00:00,8587,equal-time interval midpoint among common valid seed-0 origins,USD change from origin close,saved predictions,822935ae5e8f,03d7a4a8e4b34ff25f89cc51f397e898604e5eee0cf42fe96c99532e42c8cec2,4082579396c3e2633977b6bee412b46368178aea37c63da9d91fdc5bbdca72ab,d9191f4dbb9e3bbcf0beabd47ae5ae874d8940b8,data/BTC_1m_2y.csv,"wins/tfm_seed*.npz,wins/autots_seed*.npz"
path_023_fold4_2026-03-11_20260314T010500Z.png,forecast_path_overlay,fold4_2026-03-11,801156,2026-03-14T01:05:00+00:00,8587,equal-time interval midpoint among common valid seed-0 origins,USD change from origin close,saved predictions,822935ae5e8f,03d7a4a8e4b34ff25f89cc51f397e898604e5eee0cf42fe96c99532e42c8cec2,4082579396c3e2633977b6bee412b46368178aea37c63da9d91fdc5bbdca72ab,d9191f4dbb9e3bbcf0beabd47ae5ae874d8940b8,data/BTC_1m_2y.csv,"wins/tfm_seed*.npz,wins/autots_seed*.npz"
path_024_fold4_2026-03-11_20260314T130400Z.png,forecast_path_overlay,fold4_2026-03-11,801875,2026-03-14T13:04:00+00:00,8587,equal-time interval midpoint among common valid seed-0 origins,USD change from origin close,saved predictions,822935ae5e8f,03d7a4a8e4b34ff25f89cc51f397e898604e5eee0cf42fe96c99532e42c8cec2,4082579396c3e2633977b6bee412b46368178aea37c63da9d91fdc5bbdca72ab,d9191f4dbb9e3bbcf0beabd47ae5ae874d8940b8,data/BTC_1m_2y.csv,"wins/tfm_seed*.npz,wins/autots_seed*.npz"
path_025_fold5_2026-08-01_20260801T223000Z.png,forecast_path_overlay,fold5_2026-08-01,1004041,2026-08-01T22:30:00+00:00,8587,equal-time interval midpoint among common valid seed-0 origins,USD change from origin close,saved predictions,822935ae5e8f,03d7a4a8e4b34ff25f89cc51f397e898604e5eee0cf42fe96c99532e42c8cec2,4082579396c3e2633977b6bee412b46368178aea37c63da9d91fdc5bbdca72ab,d9191f4dbb9e3bbcf0beabd47ae5ae874d8940b8,data/BTC_1m_2y.csv,"wins/tfm_seed*.npz,wins/autots_seed*.npz"
path_026_fold5_2026-08-01_20260802T102900Z.png,forecast_path_overlay,fold5_2026-08-01,1004760,2026-08-02T10:29:00+00:00,8587,equal-time interval midpoint among common valid seed-0 origins,USD change from origin close,saved predictions,822935ae5e8f,03d7a4a8e4b34ff25f89cc51f397e898604e5eee0cf42fe96c99532e42c8cec2,4082579396c3e2633977b6bee412b46368178aea37c63da9d91fdc5bbdca72ab,d9191f4dbb9e3bbcf0beabd47ae5ae874d8940b8,data/BTC_1m_2y.csv,"wins/tfm_seed*.npz,wins/autots_seed*.npz"
path_027_fold5_2026-08-01_20260802T222800Z.png,forecast_path_overlay,fold5_2026-08-01,1005479,2026-08-02T22:28:00+00:00,8587,equal-time interval midpoint among common valid seed-0 origins,USD change from origin close,saved predictions,822935ae5e8f,03d7a4a8e4b34ff25f89cc51f397e898604e5eee0cf42fe96c99532e42c8cec2,4082579396c3e2633977b6bee412b46368178aea37c63da9d91fdc5bbdca72ab,d9191f4dbb9e3bbcf0beabd47ae5ae874d8940b8,data/BTC_1m_2y.csv,"wins/tfm_seed*.npz,wins/autots_seed*.npz"
path_028_fold5_2026-08-01_20260803T102800Z.png,forecast_path_overlay,fold5_2026-08-01,1006199,2026-08-03T10:28:00+00:00,8587,equal-time interval midpoint among common valid seed-0 origins,USD change from origin close,saved predictions,822935ae5e8f,03d7a4a8e4b34ff25f89cc51f397e898604e5eee0cf42fe96c99532e42c8cec2,4082579396c3e2633977b6bee412b46368178aea37c63da9d91fdc5bbdca72ab,d9191f4dbb9e3bbcf0beabd47ae5ae874d8940b8,data/BTC_1m_2y.csv,"wins/tfm_seed*.npz,wins/autots_seed*.npz"
path_029_fold5_2026-08-01_20260803T222700Z.png,forecast_path_overlay,fold5_2026-08-01,1006918,2026-08-03T22:27:00+00:00,8587,equal-time interval midpoint among common valid seed-0 origins,USD change from origin close,saved predictions,822935ae5e8f,03d7a4a8e4b34ff25f89cc51f397e898604e5eee0cf42fe96c99532e42c8cec2,4082579396c3e2633977b6bee412b46368178aea37c63da9d91fdc5bbdca72ab,d9191f4dbb9e3bbcf0beabd47ae5ae874d8940b8,data/BTC_1m_2y.csv,"wins/tfm_seed*.npz,wins/autots_seed*.npz"
path_030_fold5_2026-08-01_20260804T102600Z.png,forecast_path_overlay,fold5_2026-08-01,1007637,2026-08-04T10:26:00+00:00,8587,equal-time interval midpoint among common valid seed-0 origins,USD change from origin close,saved predictions,822935ae5e8f,03d7a4a8e4b34ff25f89cc51f397e898604e5eee0cf42fe96c99532e42c8cec2,4082579396c3e2633977b6bee412b46368178aea37c63da9d91fdc5bbdca72ab,d9191f4dbb9e3bbcf0beabd47ae5ae874d8940b8,data/BTC_1m_2y.csv,"wins/tfm_seed*.npz,wins/autots_seed*.npz"
heatmap_rmse_gain_vs_e0.png,heatmap,all,,,all,all saved fold/horizon cells,ratio,rmse_gain_vs_e0,822935ae5e8f,03d7a4a8e4b34ff25f89cc51f397e898604e5eee0cf42fe96c99532e42c8cec2,4082579396c3e2633977b6bee412b46368178aea37c63da9d91fdc5bbdca72ab,d9191f4dbb9e3bbcf0beabd47ae5ae874d8940b8,data/BTC_1m_2y.csv,"wins/tfm_seed*.npz,wins/autots_seed*.npz"
heatmap_r2_os_vs_e0.png,heatmap,all,,,all,all saved fold/horizon cells,ratio,r2_os_vs_e0,822935ae5e8f,03d7a4a8e4b34ff25f89cc51f397e898604e5eee0cf42fe96c99532e42c8cec2,4082579396c3e2633977b6bee412b46368178aea37c63da9d91fdc5bbdca72ab,d9191f4dbb9e3bbcf0beabd47ae5ae874d8940b8,data/BTC_1m_2y.csv,"wins/tfm_seed*.npz,wins/autots_seed*.npz"
heatmap_rmse_usd.png,heatmap,all,,,all,all saved fold/horizon cells,USD,rmse_usd,822935ae5e8f,03d7a4a8e4b34ff25f89cc51f397e898604e5eee0cf42fe96c99532e42c8cec2,4082579396c3e2633977b6bee412b46368178aea37c63da9d91fdc5bbdca72ab,d9191f4dbb9e3bbcf0beabd47ae5ae874d8940b8,data/BTC_1m_2y.csv,"wins/tfm_seed*.npz,wins/autots_seed*.npz"
heatmap_mae_usd.png,heatmap,all,,,all,all saved fold/horizon cells,USD,mae_usd,822935ae5e8f,03d7a4a8e4b34ff25f89cc51f397e898604e5eee0cf42fe96c99532e42c8cec2,4082579396c3e2633977b6bee412b46368178aea37c63da9d91fdc5bbdca72ab,d9191f4dbb9e3bbcf0beabd47ae5ae874d8940b8,data/BTC_1m_2y.csv,"wins/tfm_seed*.npz,wins/autots_seed*.npz"
heatmap_r2.png,heatmap,all,,,all,all saved fold/horizon cells,ratio,r2,822935ae5e8f,03d7a4a8e4b34ff25f89cc51f397e898604e5eee0cf42fe96c99532e42c8cec2,4082579396c3e2633977b6bee412b46368178aea37c63da9d91fdc5bbdca72ab,d9191f4dbb9e3bbcf0beabd47ae5ae874d8940b8,data/BTC_1m_2y.csv,"wins/tfm_seed*.npz,wins/autots_seed*.npz"
