path_number,fold,origin_idx,timestamp_utc,horizon_minutes,actual_seed,origin_close_usd,actual_price_usd,e0_price_usd,tfm_price_usd,autots_price_usd,actual_delta_usd,e0_delta_usd,tfm_delta_usd,autots_delta_usd
1,fold1_2025-01-07,180991,2025-01-07T09:00:00+00:00,1,8587,101914.1,101874.98,101914.1,101913.78418751276,101913.6171356689,-39.120000000009895,0.0,-0.31581248724251054,-0.48286433110479265
1,fold1_2025-01-07,180991,2025-01-07T09:00:00+00:00,2,8587,101914.1,101892.55,101914.1,101913.75891576003,101913.13427362559,-21.55000000000291,0.0,-0.34108423997531645,-0.9657263744156808
1,fold1_2025-01-07,180991,2025-01-07T09:00:00+00:00,3,8587,101914.1,101900.25,101914.1,101913.41938150671,101912.65141387006,-13.85000000000582,0.0,-0.6806184932938777,-1.4485861299472163
2,fold1_2025-01-07,181710,2025-01-07T20:59:00+00:00,1,8587,96533.35,96609.4,96533.35,96533.01965367772,96532.29759887102,76.04999999998836,0.0,-0.33034632228373084,-1.052401128981728
2,fold1_2025-01-07,181710,2025-01-07T20:59:00+00:00,2,8587,96533.35,96675.37,96533.35,96530.22608948631,96530.97865376972,142.01999999998952,0.0,-3.1239105136919534,-2.3713462302839616
2,fold1_2025-01-07,181710,2025-01-07T20:59:00+00:00,3,8587,96533.35,96635.37,96533.35,96525.76803704837,96528.68579591422,102.01999999998952,0.0,-7.581962951633614,-4.664204085784149
3,fold1_2025-01-07,182429,2025-01-08T08:58:00+00:00,1,8587,95937.18,95945.99,95937.18,95936.89040811271,95934.30567460826,8.810000000012224,0.0,-0.28959188728185836,-2.874325391734601
3,fold1_2025-01-07,182429,2025-01-08T08:58:00+00:00,2,8587,95937.18,95907.95,95937.18,95937.46377026079,95931.43143533275,-29.229999999995925,0.0,0.28377026079397183,-5.748564667243045
3,fold1_2025-01-07,182429,2025-01-08T08:58:00+00:00,3,8587,95937.18,95962.37,95937.18,95937.50890673473,95930.91540244741,25.19000000000233,0.0,0.3289067347359378,-6.264597552581108
4,fold1_2025-01-07,183149,2025-01-08T20:58:00+00:00,1,8587,94019.99,93980.0,94019.99,94020.02324245482,94021.30922685274,-39.99000000000524,0.0,0.03324245481053367,1.3192268527345732
4,fold1_2025-01-07,183149,2025-01-08T20:58:00+00:00,2,8587,94019.99,93992.4,94019.99,94021.76381407927,94021.97631921605,-27.59000000001106,0.0,1.7738140792644117,1.9863192160410108
4,fold1_2025-01-07,183149,2025-01-08T20:58:00+00:00,3,8587,94019.99,94009.63,94019.99,94024.25456029634,94023.16743432904,-10.360000000000582,0.0,4.264560296331183,3.1774343290308025
5,fold1_2025-01-07,183868,2025-01-09T08:57:00+00:00,1,8587,92996.4,92985.33,92996.4,92994.0125205389,92995.24472338255,-11.069999999992433,0.0,-2.3874794610892422,-1.1552766174427234
5,fold1_2025-01-07,183868,2025-01-09T08:57:00+00:00,2,8587,92996.4,93030.87,92996.4,92991.83076998808,92993.40924850949,34.470000000001164,0.0,-4.5692300119117135,-2.990751490506227
5,fold1_2025-01-07,183868,2025-01-09T08:57:00+00:00,3,8587,92996.4,92996.8,92996.4,92989.20587881908,92991.57380977915,0.40000000000873115,0.0,-7.194121180917136,-4.826190220846911
6,fold1_2025-01-07,184587,2025-01-09T20:56:00+00:00,1,8587,92122.95,92116.61,92122.95,92119.75080336003,92128.47524448296,-6.3399999999965075,0.0,-3.199196639965521,5.525244482967537
6,fold1_2025-01-07,184587,2025-01-09T20:56:00+00:00,2,8587,92122.95,92037.92,92122.95,92117.51351972461,92129.48428000291,-85.02999999999884,0.0,-5.436480275384383,6.534280002917512
6,fold1_2025-01-07,184587,2025-01-09T20:56:00+00:00,3,8587,92122.95,91903.22,92122.95,92114.8260971371,92134.09739223894,-219.72999999999593,0.0,-8.123902862891555,11.147392238941393
7,fold2_2025-05-30,386753,2025-05-30T06:22:00+00:00,1,8587,106022.01,106021.99,106022.01,106023.22239730676,106022.50039865788,-0.01999999998952262,0.0,1.2123973067646148,0.49039865788654424
7,fold2_2025-05-30,386753,2025-05-30T06:22:00+00:00,2,8587,106022.01,106013.14,106022.01,106025.065386879,106018.81005186717,-8.869999999995343,0.0,3.055386879001162,-3.19994813282392
7,fold2_2025-05-30,386753,2025-05-30T06:22:00+00:00,3,8587,106022.01,106017.7,106022.01,106025.74784770187,106015.11983309321,-4.309999999997672,0.0,3.737847701879218,-6.890166906785453
8,fold2_2025-05-30,387472,2025-05-30T18:21:00+00:00,1,8587,104678.06,104632.54,104678.06,104677.98186627628,104675.73103253744,-45.520000000004075,0.0,-0.07813372371310834,-2.328967462555738
8,fold2_2025-05-30,387472,2025-05-30T18:21:00+00:00,2,8587,104678.06,104703.02,104678.06,104679.42284539143,104673.64397367131,24.960000000006403,0.0,1.3628453914279817,-4.41602632869035
8,fold2_2025-05-30,387472,2025-05-30T18:21:00+00:00,3,8587,104678.06,104744.49,104678.06,104680.41617858324,104671.63300231173,66.43000000000757,0.0,2.3561785832425812,-6.426997688264237
9,fold2_2025-05-30,388191,2025-05-31T06:20:00+00:00,1,8587,103693.09,103693.09,103693.09,103690.15059857491,103694.8792612886,0.0,0.0,-2.939401425086544,1.7892612886062125
9,fold2_2025-05-30,388191,2025-05-31T06:20:00+00:00,2,8587,103693.09,103680.69,103693.09,103688.65500938501,103695.25180811372,-12.39999999999418,0.0,-4.434990614987328,2.161808113727602
9,fold2_2025-05-30,388191,2025-05-31T06:20:00+00:00,3,8587,103693.09,103670.01,103693.09,103687.16410297187,103697.0411067051,-23.080000000001746,0.0,-5.925897028122563,3.9511067051062128
10,fold2_2025-05-30,388911,2025-05-31T18:20:00+00:00,1,8587,104596.0,104596.6,104596.0,104596.41316425026,104598.55310585517,0.6000000000058208,0.0,0.41316425026161596,2.5531058551714523
10,fold2_2025-05-30,388911,2025-05-31T18:20:00+00:00,2,8587,104596.0,104596.61,104596.0,104597.29551780982,104601.11983331094,0.6100000000005821,0.0,1.2955178098200122,5.119833310935064
10,fold2_2025-05-30,388911,2025-05-31T18:20:00+00:00,3,8587,104596.0,104577.26,104596.0,104598.84085454098,104603.67306375665,-18.74000000000524,0.0,2.8408545409765793,7.673063756650663
11,fold2_2025-05-30,389630,2025-06-01T06:19:00+00:00,1,8587,104292.68,104239.4,104292.68,104292.95910635516,104292.72958899081,-53.279999999998836,0.0,0.2791063551703701,0.04958899081975687
11,fold2_2025-05-30,389630,2025-06-01T06:19:00+00:00,2,8587,104292.68,104195.13,104292.68,104292.14189412803,104293.08658949714,-97.54999999998836,0.0,-0.5381058719649445,0.4065894971427042
11,fold2_2025-05-30,389630,2025-06-01T06:19:00+00:00,3,8587,104292.68,104239.02,104292.68,104290.79895963368,104293.13617871093,-53.65999999998894,0.0,-1.881040366308298,0.4561787109414581
12,fold2_2025-05-30,390349,2025-06-01T18:18:00+00:00,1,8587,104981.23,105024.39,104981.23,104984.36729779241,104979.77216948321,43.16000000000349,0.0,3.1372977924183942,-1.4578305167815415
12,fold2_2025-05-30,390349,2025-06-01T18:18:00+00:00,2,8587,104981.23,105000.01,104981.23,104988.13760480683,104977.38745612254,18.779999999998836,0.0,6.907604806838208,-3.8425438774575014
12,fold2_2025-05-30,390349,2025-06-01T18:18:00+00:00,3,8587,104981.23,104936.08,104981.23,104991.49365074823,104976.0177303917,-45.14999999999418,0.0,10.263650748238433,-5.212269608295173
13,fold3_2025-10-19,592516,2025-10-20T03:45:00+00:00,1,8587,109120.0,109125.34,109120.0,109113.29956742615,109116.75931585355,5.3399999999965075,0.0,-6.700432573852595,-3.2406841464544414
13,fold3_2025-10-19,592516,2025-10-20T03:45:00+00:00,2,8587,109120.0,109166.25,109120.0,109108.40214230886,109112.18876678051,46.25,0.0,-11.597857691143872,-7.811233219486894
13,fold3_2025-10-19,592516,2025-10-20T03:45:00+00:00,3,8587,109120.0,109215.12,109120.0,109104.47670183581,109108.94831382093,95.11999999999534,0.0,-15.523298164189328,-11.051686179067474
14,fold3_2025-10-19,593235,2025-10-20T15:44:00+00:00,1,8587,111382.26,111356.91,111382.26,111376.76213491843,111381.67719892372,-25.34999999999127,0.0,-5.497865081561031,-0.5828010762779741
14,fold3_2025-10-19,593235,2025-10-20T15:44:00+00:00,2,8587,111382.26,111349.96,111382.26,111372.17952797576,111381.09440089691,-32.29999999998836,0.0,-10.080472024230403,-1.1655991030856967
14,fold3_2025-10-19,593235,2025-10-20T15:44:00+00:00,3,8587,111382.26,111413.54,111382.26,111368.61316045444,111380.51160586892,31.279999999998836,0.0,-13.646839545559487,-1.7483941310783848
15,fold3_2025-10-19,593954,2025-10-21T03:43:00+00:00,1,8587,109486.49,109492.59,109486.49,109489.38742869256,109484.6673362226,6.099999999991269,0.0,2.8974286925513297,-1.8226637774059782
15,fold3_2025-10-19,593954,2025-10-21T03:43:00+00:00,2,8587,109486.49,109433.85,109486.49,109490.65547443877,109482.84470278777,-52.63999999999942,0.0,4.16547443876334,-3.645297212235164
15,fold3_2025-10-19,593954,2025-10-21T03:43:00+00:00,3,8587,109486.49,109444.35,109486.49,109491.94231848876,109481.02209949588,-42.13999999999942,0.0,5.452318488751189,-5.467900504125282
16,fold3_2025-10-19,594674,2025-10-21T15:43:00+00:00,1,8587,113238.64,113338.05,113238.64,113220.10871349533,113226.58881748507,99.41000000000349,0.0,-18.531286504672607,-12.051182514929678
16,fold3_2025-10-19,594674,2025-10-21T15:43:00+00:00,2,8587,113238.64,113316.52,113238.64,113206.74401882503,113217.33185825305,77.88000000000466,0.0,-31.895981174966437,-21.30814174695115
16,fold3_2025-10-19,594674,2025-10-21T15:43:00+00:00,3,8587,113238.64,113459.16,113238.64,113202.44065317388,113207.72971343918,220.52000000000407,0.0,-36.199346826120745,-30.91028656081471
17,fold3_2025-10-19,595393,2025-10-22T03:42:00+00:00,1,8587,108039.99,108029.72,108039.99,108036.39789803942,108041.61911497971,-10.270000000004075,0.0,-3.5921019605884794,1.629114979703445
17,fold3_2025-10-19,595393,2025-10-22T03:42:00+00:00,2,8587,108039.99,108031.17,108039.99,108033.08990582434,108043.34624556519,-8.820000000006985,0.0,-6.900094175667618,3.3562455651845085
17,fold3_2025-10-19,595393,2025-10-22T03:42:00+00:00,3,8587,108039.99,108036.74,108039.99,108028.84109986105,108045.08303534401,-3.25,0.0,-11.148900138956378,5.0930353440053295
18,fold3_2025-10-19,596112,2025-10-22T15:41:00+00:00,1,8587,108366.83,108376.28,108366.83,108367.24554707289,108357.66249126359,9.44999999999709,0.0,0.41554707288742065,-9.167508736412856
18,fold3_2025-10-19,596112,2025-10-22T15:41:00+00:00,2,8587,108366.83,108403.17,108366.83,108366.87271708099,108346.87866125602,36.33999999999651,0.0,0.04271708098531235,-19.95133874398016
18,fold3_2025-10-19,596112,2025-10-22T15:41:00+00:00,3,8587,108366.83,108462.89,108366.83,108363.2217427952,108332.28799562046,96.05999999999767,0.0,-3.6082572048035217,-34.54200437954569
19,fold4_2026-03-11,798279,2026-03-12T01:08:00+00:00,1,8587,69976.73,69973.7,69976.73,69977.52019637918,69976.65034580952,-3.029999999998836,0.0,0.7901963791809976,-0.0796541904710466
19,fold4_2026-03-11,798279,2026-03-12T01:08:00+00:00,2,8587,69976.73,69972.0,69976.73,69978.90006807804,69976.65228354401,-4.7299999999959255,0.0,2.1700680780486437,-0.07771645598404575
19,fold4_2026-03-11,798279,2026-03-12T01:08:00+00:00,3,8587,69976.73,69915.68,69976.73,69980.38422594943,69976.65422127856,-61.05000000000291,0.0,3.6542259494308382,-0.07577872143883724
20,fold4_2026-03-11,798998,2026-03-12T13:07:00+00:00,1,8587,70490.13,70489.05,70490.13,70494.94626136382,70489.16713376442,-1.0800000000017462,0.0,4.816261363812373,-0.9628662355826236
20,fold4_2026-03-11,798998,2026-03-12T13:07:00+00:00,2,8587,70490.13,70422.25,70490.13,70500.43842169656,70488.2042806812,-67.88000000000466,0.0,10.308421696550795,-1.9257193188095698
20,fold4_2026-03-11,798998,2026-03-12T13:07:00+00:00,3,8587,70490.13,70428.51,70490.13,70505.3740002467,70487.24144075015,-61.620000000009895,0.0,15.24400024669012,-2.8885592498554615
21,fold4_2026-03-11,799717,2026-03-13T01:06:00+00:00,1,8587,71669.83,71619.15,71669.83,71670.12416489224,71671.37760768899,-50.68000000000757,0.0,0.2941648922424065,1.547607688989956
21,fold4_2026-03-11,799717,2026-03-13T01:06:00+00:00,2,8587,71669.83,71593.65,71669.83,71669.46881355658,71672.87774871067,-76.18000000000757,0.0,-0.3611864434205927,3.0477487106691115
21,fold4_2026-03-11,799717,2026-03-13T01:06:00+00:00,3,8587,71669.83,71634.33,71669.83,71667.50943538484,71674.18542488603,-35.5,0.0,-2.3205646151618566,4.35542488603096
22,fold4_2026-03-11,800437,2026-03-13T13:06:00+00:00,1,8587,72814.01,72799.99,72814.01,72819.98963831946,72811.70433715053,-14.019999999989523,0.0,5.979638319462538,-2.3056628494668985
22,fold4_2026-03-11,800437,2026-03-13T13:06:00+00:00,2,8587,72814.01,72703.24,72814.01,72823.67020158503,72808.82549197061,-110.76999999998952,0.0,9.660201585036702,-5.184508029386052
22,fold4_2026-03-11,800437,2026-03-13T13:06:00+00:00,3,8587,72814.01,72722.3,72814.01,72826.77934414464,72806.26545662098,-91.70999999999185,0.0,12.769344144646311,-7.744543379012612
23,fold4_2026-03-11,801156,2026-03-14T01:05:00+00:00,1,8587,70741.99,70730.04,70741.99,70742.98733899803,70741.67622754758,-11.950000000011642,0.0,0.9973389980295906,-0.3137724524276564
23,fold4_2026-03-11,801156,2026-03-14T01:05:00+00:00,2,8587,70741.99,70724.38,70741.99,70743.78389916582,70741.0496345256,-17.610000000000582,0.0,1.7938991658156738,-0.9403654744091909
23,fold4_2026-03-11,801156,2026-03-14T01:05:00+00:00,3,8587,70741.99,70744.14,70741.99,70744.52437100752,70740.42304705366,2.1499999999941792,0.0,2.5343710075103445,-1.566952946348465
24,fold4_2026-03-11,801875,2026-03-14T13:04:00+00:00,1,8587,70786.94,70745.13,70786.94,70787.94291674468,70786.76873018437,-41.80999999999767,0.0,1.00291674467735,-0.1712698156334227
24,fold4_2026-03-11,801875,2026-03-14T13:04:00+00:00,2,8587,70786.94,70758.18,70786.94,70791.71331469777,70786.59746078313,-28.760000000009313,0.0,4.77331469776982,-0.34253921687195543
24,fold4_2026-03-11,801875,2026-03-14T13:04:00+00:00,3,8587,70786.94,70751.0,70786.94,70794.6742074579,70786.42619178018,-35.94000000000233,0.0,7.734207457891898,-0.5138082198245684
25,fold5_2026-08-01,1004041,2026-08-01T22:30:00+00:00,1,8587,62847.33,62847.34,62847.33,62848.531327290504,62845.35841414272,0.00999999999476131,0.0,1.2013272905023769,-1.9715858572817524
25,fold5_2026-08-01,1004041,2026-08-01T22:30:00+00:00,2,8587,62847.33,62847.34,62847.33,62849.628502628184,62843.38689013613,0.00999999999476131,0.0,2.2985026281821774,-3.9431098638742696
25,fold5_2026-08-01,1004041,2026-08-01T22:30:00+00:00,3,8587,62847.33,62851.75,62847.33,62850.670719603106,62841.41542797829,4.419999999998254,0.0,3.340719603103935,-5.9145720217129565
26,fold5_2026-08-01,1004760,2026-08-02T10:29:00+00:00,1,8587,63140.0,63154.01,63140.0,63139.48901496351,63141.2808349173,14.010000000002037,0.0,-0.5109850364897284,1.2808349172992166
26,fold5_2026-08-01,1004760,2026-08-02T10:29:00+00:00,2,8587,63140.0,63152.01,63140.0,63138.685437741326,63142.56169581713,12.010000000002037,0.0,-1.314562258674414,2.561695817130385
26,fold5_2026-08-01,1004760,2026-08-02T10:29:00+00:00,3,8587,63140.0,63171.66,63140.0,63137.31720193572,63143.84258270005,31.660000000003492,0.0,-2.682798064277449,3.842582700046478
27,fold5_2026-08-01,1005479,2026-08-02T22:28:00+00:00,1,8587,63587.86,63591.99,63587.86,63587.53040842212,63589.981935745694,4.129999999997381,0.0,-0.3295915778799099,2.121935745693918
27,fold5_2026-08-01,1005479,2026-08-02T22:28:00+00:00,2,8587,63587.86,63578.0,63587.86,63587.564817278384,63592.357256828735,-9.860000000000582,0.0,-0.2951827216165839,4.497256828733953
27,fold5_2026-08-01,1005479,2026-08-02T22:28:00+00:00,3,8587,63587.86,63556.83,63587.86,63587.28036867469,63595.01969507155,-31.029999999998836,0.0,-0.5796313253085827,7.159695071546594
28,fold5_2026-08-01,1006199,2026-08-03T10:28:00+00:00,1,8587,62756.31,62742.02,62756.31,62757.535406966825,62754.847548842255,-14.290000000000873,0.0,1.225406966826995,-1.46245115774218
28,fold5_2026-08-01,1006199,2026-08-03T10:28:00+00:00,2,8587,62756.31,62715.6,62756.31,62758.519280327084,62753.38513176496,-40.70999999999913,0.0,2.2092803270861623,-2.924868235037138
28,fold5_2026-08-01,1006199,2026-08-03T10:28:00+00:00,3,8587,62756.31,62716.0,62756.31,62759.32649594986,62751.92274888147,-40.30999999999767,0.0,3.0164959498652024,-4.387251118525455
29,fold5_2026-08-01,1006918,2026-08-03T22:27:00+00:00,1,8587,63528.0,63535.64,63528.0,63527.12530075364,63523.31043238888,7.639999999999418,0.0,-0.874699246356613,-4.689567611123493
29,fold5_2026-08-01,1006918,2026-08-03T22:27:00+00:00,2,8587,63528.0,63535.63,63528.0,63525.50588874946,63518.6212109565,7.629999999997381,0.0,-2.4941112505403,-9.378789043497818
29,fold5_2026-08-01,1006918,2026-08-03T22:27:00+00:00,3,8587,63528.0,63532.01,63528.0,63523.00080271516,63516.06642078431,4.010000000002037,0.0,-4.999197284836555,-11.933579215692589
30,fold5_2026-08-01,1007637,2026-08-04T10:26:00+00:00,1,8587,63508.62,63494.0,63508.62,63508.826996220814,63510.31119002792,-14.62000000000262,0.0,0.20699622081156122,1.6911900279155816
30,fold5_2026-08-01,1007637,2026-08-04T10:26:00+00:00,2,8587,63508.62,63470.21,63508.62,63508.81149451448,63512.00242509105,-38.41000000000349,0.0,0.19149451447447063,3.3824250910474802
30,fold5_2026-08-01,1007637,2026-08-04T10:26:00+00:00,3,8587,63508.62,63470.0,63508.62,63508.846840688566,63513.6937053061,-38.62000000000262,0.0,0.22684068856324302,5.07370530609478
