start_position,origin_id,n_predictions,single_origin_sample,duration_ms
0,142305,1,1,17.909444984979928
1,142306,6,0,3.4746340243145823
7,142312,1,1,2.941206970717758
8,142313,6,0,3.1033660052344203
14,142319,1,1,2.9285220080055296
15,142320,7,0,3.131098987068981
22,142327,1,1,2.9172219801694155
23,142328,6,0,2.9690280207432806
29,142334,1,1,2.915830002166331
30,142335,7,0,3.0761859961785376
37,142342,1,1,2.9059710213914514
38,142343,6,0,3.0827089794911444
44,142349,1,1,2.918303944170475
45,142350,7,0,3.0774989863857627
52,142357,1,1,2.910530020017177
53,142358,6,0,3.072570019867271
59,142364,1,1,2.918845973908901
60,142365,7,0,3.1090679694898427
67,142372,1,1,2.8825579793192446
68,142373,6,0,2.9545609722845256
74,142379,1,1,2.900752006098628
75,142380,6,0,3.191600029822439
81,142386,1,1,2.9190750210545957
82,142387,7,0,2.99572799121961
89,142394,1,1,2.9243049793876708
90,142395,6,0,3.0867959721945226
96,142401,1,1,2.908686001319438
97,142402,7,0,2.9828129918314517
104,142409,1,1,2.928011992480606
105,142410,6,0,2.9747679946012795
111,142416,1,1,2.9233230161480606
112,142417,7,0,3.082908981014043
119,142424,1,1,2.907644957304001
120,142425,6,0,3.1436909921467304
126,142431,1,1,2.9168910114094615
127,142432,7,0,3.071737999562174
134,142439,1,1,2.9146880260668695
135,142440,6,0,3.081075963564217
141,142446,1,1,2.911362040322274
142,142447,6,0,3.0692439759150147
148,142453,1,1,2.9258379945531487
149,142454,7,0,3.082077018916607
156,142461,1,1,2.9041380039416254
157,142462,6,0,2.9660919681191444
163,142468,1,1,2.908857015427202
164,142469,7,0,3.080954949837178
171,142476,1,1,2.9198169941082597
172,142477,6,0,3.063943993765861
178,142483,1,1,2.911361982114613
179,142484,7,0,2.9671440133824944
186,142491,1,1,2.9055700288154185
187,142492,6,0,3.0712769948877394
193,142498,1,1,2.9134450014680624
194,142499,7,0,3.0807750299572945
201,142506,1,1,2.90972797665745
202,142507,6,0,3.0700250063091516
208,142513,1,1,2.91781296255067
209,142514,7,0,3.079211979638785
216,142521,1,1,2.9166709864512086
217,142522,6,0,3.058814036194235
223,142528,1,1,2.9028350254520774
224,142529,6,0,3.0563489999622107
230,142535,1,1,2.8962829965166748
231,142536,7,0,3.0773889739066362
238,142543,1,1,2.9120929539203644
239,142544,6,0,2.953329007141292
245,142550,1,1,2.921740000601858
246,142551,7,0,2.973305992782116
253,142558,1,1,2.9239439754746854
254,142559,6,0,2.9699099832214415
260,142565,1,1,2.9191459761932492
261,142566,7,0,3.0737920315004885
268,142573,1,1,2.9241839656606317
269,142574,6,0,3.0711680301465094
275,142580,1,1,3.7007529754191637
276,142581,7,0,3.1314489897340536
283,142588,1,1,2.9183339793235064
284,142589,6,0,3.0711469589732587
290,142595,1,1,2.910309995058924
291,142596,6,0,2.958419034257531
297,142602,1,1,2.904658962506801
298,142603,7,0,2.976260962896049
305,142610,1,1,2.9071529861539602
306,142611,6,0,3.056891029700637
312,142617,1,1,2.888838993385434
313,142618,7,0,3.071778977755457
320,142625,1,1,2.8954509762115777
321,142626,6,0,3.0681619537062943
327,142632,1,1,2.904056978877634
328,142633,7,0,3.0540849547833204
335,142640,1,1,2.892585995141417
336,142641,6,0,3.046430996619165
342,142647,1,1,2.896783989854157
343,142648,7,0,3.074233012739569
350,142655,1,1,2.900981984566897
351,142656,6,0,3.0607180087827146
357,142662,1,1,2.9059009975753725
358,142663,6,0,2.9815510497428477
364,142669,1,1,2.9000499635003507
365,142670,7,0,3.055597946513444
372,142677,1,1,2.8915840084664524
373,142678,6,0,2.945315034594387
379,142684,1,1,2.8947899700142443
380,142685,7,0,3.0630120309069753
387,142692,1,1,2.9008720302954316
388,142693,6,0,3.0540250008925796
394,142699,1,1,2.89208599133417
395,142700,7,0,3.049838007427752
402,142707,1,1,2.896734979003668
403,142708,6,0,3.049106046091765
409,142714,1,1,2.887908020056784
410,142715,7,0,3.1089370022527874
417,142722,1,1,2.867560018785298
418,142723,6,0,3.050689003430307
424,142729,1,1,2.9046889976598322
425,142730,7,0,3.0693240114487708
432,142737,1,1,3.0613389681093395
433,142738,6,0,3.0405910219997168
439,142744,1,1,2.8731109923683107
440,142745,6,0,3.041232004761696
446,142751,1,1,2.9079350060783327
447,142752,7,0,3.0522519955411553
454,142759,1,1,2.8926769737154245
455,142760,6,0,2.925958950072527
461,142766,1,1,2.919635968282819
462,142767,7,0,3.070626000408083
469,142774,1,1,2.895682002417743
470,142775,6,0,3.0296199838630855
476,142781,1,1,2.9163400176912546
477,142782,7,0,2.965071005746722
484,142789,1,1,2.9319299501366913
485,142790,6,0,3.065306053031236
491,142796,1,1,2.8978160116821527
492,142797,7,0,3.060396993532777
499,142804,1,1,2.894620003644377
500,142805,6,0,2.971332985907793
506,142811,1,1,2.899229002650827
507,142812,6,0,3.056260000448674
513,142818,1,1,2.917252015322447
514,142819,7,0,3.074473002925515
521,142826,1,1,2.913756005000323
522,142827,6,0,2.9665729962289333
528,142833,1,1,2.923513005953282
529,142834,7,0,3.06229101261124
536,142841,1,1,2.9328810051083565
537,142842,6,0,3.06563702179119
543,142848,1,1,2.8960329946130514
544,142849,7,0,3.0582339968532324
551,142856,1,1,2.925878041423857
552,142857,6,0,3.053624997846782
558,142863,1,1,2.908596012275666
559,142864,7,0,3.071348008234054
566,142871,1,1,2.8855240088887513
567,142872,6,0,3.0583839979954064
573,142878,1,1,2.898045990150422
574,142879,6,0,3.0469729681499302
580,142885,1,1,2.888058021198958
581,142886,7,0,2.944343024864793
588,142893,1,1,3.041032003238797
589,142894,6,0,3.055808017961681
595,142900,1,1,2.892796997912228
596,142901,7,0,3.061869996599853
603,142908,1,1,2.8820880106650293
604,142909,6,0,3.047333040740341
610,142915,1,1,2.886275004129857
611,142916,7,0,3.0162459588609636
618,142923,1,1,2.8899210155941546
619,142924,6,0,2.9495119815692306
625,142930,1,1,2.8812449891120195
626,142931,7,0,2.9687380301766098
633,142938,1,1,2.901271975133568
634,142939,6,0,2.903766988310963
640,142945,1,1,2.8513299766927958
641,142946,7,0,3.059145004954189
648,142953,1,1,2.8579329955391586
649,142954,6,0,3.0707059777341783
655,142960,1,1,2.8142009978182614
656,142961,6,0,3.032124019227922
662,142967,1,1,2.809122030157596
663,142968,7,0,3.065365948714316
670,142975,1,1,2.8889100067317486
671,142976,6,0,3.0546759953722358
677,142982,1,1,2.885643974877894
678,142983,7,0,2.964409999549389
685,142990,1,1,2.9102389817126095
686,142991,6,0,3.049737017136067
692,142997,1,1,2.900811959989369
693,142998,7,0,2.9956570360809565
700,143005,1,1,2.9078939696773887
701,143006,6,0,3.0633530113846064
707,143012,1,1,2.9082560213282704
708,143013,7,0,3.0749739962629974
715,143020,1,1,2.91253300383687
716,143021,6,0,2.9808200197294354
722,143027,1,1,2.8998299967497587
723,143028,6,0,2.9495920171029866
729,143034,1,1,2.9012520099058747
730,143035,7,0,3.0626009684056044
737,143042,1,1,2.8995790053159
738,143043,6,0,2.945203974377364
744,143049,1,1,3.048995975404978
745,143050,7,0,2.9640989960171282
752,143057,1,1,2.898717997595668
753,143058,6,0,3.0560390441678464
759,143064,1,1,2.9170119669288397
760,143065,7,0,3.051651001442224
767,143072,1,1,2.894148987252265
768,143073,6,0,3.0662379576824605
774,143079,1,1,2.9105900321155787
775,143080,7,0,2.968918008264154
782,143087,1,1,2.910118957515806
783,143088,6,0,2.9632170335389674
789,143094,1,1,2.9165010200813413
790,143095,7,0,3.0651160050183535
797,143102,1,1,2.9144270229153335
798,143103,6,0,2.962486003525555
804,143109,1,1,2.918885031249374
805,143110,6,0,3.060818009544164
811,143116,1,1,2.9153890209272504
812,143117,7,0,2.9765020008198917
819,143124,1,1,2.911171002779156
820,143125,6,0,3.0447780154645443
826,143131,1,1,2.891455020289868
827,143132,7,0,2.968577027786523
834,143139,1,1,2.902275009546429
835,143140,6,0,2.9507239814847708
841,143146,1,1,2.89700401481241
842,143147,7,0,3.059574984945357
849,143154,1,1,2.898657985497266
850,143155,6,0,2.9977509984746575
856,143161,1,1,2.8945000376552343
857,143162,7,0,3.008069994393736
864,143169,1,1,2.89267604239285
865,143170,6,0,2.948720008134842
871,143176,1,1,2.9054509941488504
872,143177,6,0,3.0509099597111344
878,143183,1,1,2.9124239808879793
879,143184,7,0,3.0494070379063487
886,143191,1,1,2.89056304609403
887,143192,6,0,2.983013982884586
893,143198,1,1,2.8912040288560092
894,143199,7,0,3.060677961912006
901,143206,1,1,3.0260729836300015
902,143207,6,0,3.0984380282461643
908,143213,1,1,2.902285021264106
909,143214,7,0,3.0546069610863924
916,143221,1,1,2.8900420293211937
917,143222,6,0,3.044126962777227
923,143228,1,1,2.89939995855093
924,143229,7,0,3.061539027839899
931,143236,1,1,2.880264015402645
932,143237,6,0,2.9335819999687374
938,143243,1,1,2.8813750250265002
939,143244,6,0,2.930836984887719
945,143250,1,1,2.8877879958599806
946,143251,7,0,3.0619100434705615
953,143258,1,1,2.91119102621451
954,143259,6,0,3.0478640110231936
960,143265,1,1,2.8863149927929044
961,143266,7,0,3.053703985642642
968,143273,1,1,2.9072739998809993
969,143274,6,0,2.959280041977763
975,143280,1,1,2.911160991061479
976,143281,7,0,2.9922910034656525
983,143288,1,1,2.8931970009580255
984,143289,6,0,2.9351150151342154
990,143295,1,1,2.8841710300184786
991,143296,7,0,3.043074975721538
998,143303,1,1,2.8953920118510723
999,143304,6,0,3.064034041017294
1005,143310,1,1,2.875866019167006
1006,143311,7,0,2.992821973748505
1013,143318,1,1,2.8382960008457303
1014,143319,6,0,2.884531975723803
1020,143325,1,1,2.8389369836077094
1021,143326,6,0,2.9076150385662913
1027,143332,1,1,2.8073080466128886
1028,143333,7,0,2.9328009695746005
1035,143340,1,1,2.8011269751004875
1036,143341,6,0,2.841902954969555
1042,143347,1,1,2.777412999421358
1043,143348,7,0,2.986249979585409
1050,143355,1,1,2.8416119748726487
1051,143356,6,0,2.9937929939478636
1057,143362,1,1,2.93691799743101
1058,143363,7,0,2.8677000082097948
1065,143370,1,1,2.7973700198344886
1066,143371,6,0,2.959200006444007
1072,143377,1,1,2.8268040041439235
1073,143378,7,0,2.968828019220382
1080,143385,1,1,2.7802379918284714
1081,143386,6,0,2.8173369937576354
1087,143392,1,1,2.8364029712975025
1088,143393,6,0,2.978386008180678
1094,143399,1,1,2.8053050045855343
1095,143400,7,0,2.865246031433344
1102,143407,1,1,2.7876319945789874
1103,143408,6,0,2.854256017599255
1109,143414,1,1,2.7914289967156947
1110,143415,7,0,2.9716829885728657
1117,143422,1,1,2.779706963337958
1118,143423,6,0,2.882166998460889
1124,143429,1,1,2.8117269976064563
1125,143430,7,0,3.013540990650654
1132,143437,1,1,2.8730910271406174
1133,143438,6,0,2.982403035275638
1139,143444,1,1,2.9038270004093647
1140,143445,7,0,3.083059040363878
1147,143452,1,1,2.8928969986736774
1148,143453,6,0,3.0542659806087613
1154,143459,1,1,2.9103399720042944
1155,143460,6,0,3.0610289541073143
1161,143466,1,1,2.9060919769108295
1162,143467,7,0,2.99315300071612
1169,143474,1,1,2.8853939729742706
1170,143475,6,0,2.9248559731058776
1176,143481,1,1,2.888368966523558
1177,143482,7,0,3.058863978367299
1184,143489,1,1,2.8906529769301414
1185,143490,6,0,3.0519120045937598
1191,143496,1,1,2.893278026022017
1192,143497,7,0,3.0590249807573855
1199,143504,1,1,2.8948410181328654
1200,143505,6,0,2.9362880159169436
1206,143511,1,1,2.8867960209026933
1207,143512,7,0,3.060176968574524
1214,143519,1,1,3.048765007406473
1215,143520,6,0,3.066820034291595
1221,143526,1,1,2.913596050348133
1222,143527,7,0,3.0639240285381675
1229,143534,1,1,2.9121729894541204
1230,143535,6,0,3.0551779782399535
1236,143541,1,1,2.8935380396433175
1237,143542,6,0,3.0592549592256546
1243,143548,1,1,2.914938027970493
1244,143549,7,0,3.065295983105898
1251,143556,1,1,2.906262001488358
1252,143557,6,0,2.9619039851240814
1258,143563,1,1,2.9093180201016366
1259,143564,7,0,3.0780500383116305
1266,143571,1,1,2.894559991545975
1267,143572,6,0,3.0626109801232815
1273,143578,1,1,2.892977965530008
1274,143579,7,0,3.0670090345665812
1281,143586,1,1,2.919697028119117
1282,143587,6,0,3.0562999891117215
1288,143593,1,1,2.915769990067929
1289,143594,7,0,3.0760359950363636
1296,143601,1,1,2.9166709864512086
1297,143602,6,0,2.9656520346179605
1303,143608,1,1,2.9004309908486903
1304,143609,6,0,3.06767103029415
1310,143615,1,1,2.898556995205581
1311,143616,7,0,3.072369028814137
1318,143623,1,1,2.894989971537143
1319,143624,6,0,3.0926570179872215
1325,143630,1,1,2.9148480389267206
1326,143631,7,0,3.0701850191690028
1333,143638,1,1,2.891655021812767
1334,143639,6,0,3.050628991331905
1340,143645,1,1,2.889561001211405
1341,143646,7,0,2.9602720169350505
1348,143653,1,1,2.8852930408902466
1349,143654,6,0,3.052573010791093
1355,143660,1,1,2.904738998040557
1356,143661,7,0,2.962005033623427
1363,143668,1,1,2.9036369523964822
1364,143669,6,0,3.0575619894079864
1370,143675,1,1,3.055026987567544
1371,143676,7,0,3.0719490023329854
1378,143683,1,1,2.892385993618518
1379,143684,6,0,3.0013679643161595
1385,143690,1,1,2.8949009720236063
1386,143691,6,0,3.0593560077250004
1392,143697,1,1,2.906983019784093
1393,143698,7,0,3.062019997742027
1400,143705,1,1,2.913676027674228
1401,143706,6,0,3.0718580237589777
1407,143712,1,1,2.906912995968014
1408,143713,7,0,3.084992989897728
1415,143720,1,1,2.8993290034122765
1416,143721,6,0,2.976012008730322
1422,143727,1,1,2.915638964623213
1423,143728,7,0,2.9417669866234064
1430,143735,1,1,2.8998099733144045
1431,143736,6,0,3.066528995987028
1437,143742,1,1,2.8940699994564056
1438,143743,7,0,3.0297100311145186
1445,143750,1,1,2.9101090040057898
1446,143751,6,0,2.971723035443574
1452,143757,1,1,2.918293990660459
1453,143758,6,0,2.9573459760285914
1459,143764,1,1,2.9021049849689007
1460,143765,7,0,2.965581021271646
1467,143772,1,1,2.8988280100747943
1468,143773,6,0,2.940955979283899
1474,143779,1,1,2.9101590043865144
1475,143780,7,0,2.9811509884893894
1482,143787,1,1,2.887678041588515
1483,143788,6,0,3.0488360207527876
1489,143794,1,1,2.8985380195081234
1490,143795,7,0,3.0619800090789795
1497,143802,1,1,2.8996699838899076
1498,143803,6,0,3.049998020287603
1504,143809,1,1,2.9016229673288763
1505,143810,7,0,2.94170796405524
1512,143817,1,1,2.8954219887964427
1513,143818,6,0,2.9315390274859965
1519,143824,1,1,2.9031059821136296
1520,143825,6,0,3.0181490001268685
1526,143831,1,1,3.0458709807135165
1527,143832,7,0,3.0730610014870763
1534,143839,1,1,2.909297007136047
1535,143840,6,0,2.9483000398613513
1541,143846,1,1,2.9026949778199196
1542,143847,7,0,3.0567110516130924
1549,143854,1,1,2.900522027630359
1550,143855,6,0,2.960172016173601
1556,143861,1,1,2.9014329775236547
1557,143862,7,0,2.9366480302996933
1564,143869,1,1,2.894559991545975
1565,143870,6,0,3.0624110368080437
1571,143876,1,1,2.907264046370983
1572,143877,7,0,3.070106031373143
1579,143884,1,1,2.8859240119345486
1580,143885,6,0,3.0565999913960695
1586,143891,1,1,2.8973150183446705
1587,143892,7,0,3.022676974069327
1594,143899,1,1,2.8741619898937643
1595,143900,6,0,3.0485859606415033
1601,143906,1,1,2.8849520022049546
1602,143907,6,0,2.9602819704450667
1608,143913,1,1,2.9035170446150005
1609,143914,7,0,2.9875320033170283
1616,143921,1,1,2.902895968873054
1617,143922,6,0,2.954030002001673
1623,143928,1,1,2.895340963732451
1624,143929,7,0,2.977121970616281
1631,143936,1,1,2.9058809741400182
1632,143937,6,0,3.05482599651441
1638,143943,1,1,2.903515996877104
1639,143944,7,0,3.071508021093905
1646,143951,1,1,2.894559991545975
1647,143952,6,0,3.0688329716213048
1653,143958,1,1,2.9024550458416343
1654,143959,7,0,3.0744040268473327
1661,143966,1,1,2.8953109867870808
1662,143967,6,0,2.9568960308097303
1668,143973,1,1,2.9018839704804122
1669,143974,6,0,2.959890989586711
1675,143980,1,1,2.9158800025470555
1676,143981,7,0,2.975540002807975
1683,143988,1,1,3.060907998587936
1684,143989,6,0,2.981901983730495
1690,143995,1,1,2.9107300215400755
1691,143996,7,0,2.9732759576290846
1698,144003,1,1,2.9143469873815775
1699,144004,6,0,3.0661970376968384
1705,144010,1,1,2.910188981331885
1706,144011,7,0,3.056148998439312
1713,144018,1,1,2.895100973546505
1714,144019,6,0,3.0539960134774446
1720,144025,1,1,2.9052400495857
1721,144026,7,0,3.0854129581712186
1728,144033,1,1,2.8850119560956955
1729,144034,6,0,2.9546520090661943
1735,144040,1,1,2.9107810114510357
1736,144041,6,0,2.9580380069091916
1742,144047,1,1,2.912763971835375
1743,144048,7,0,2.97585001681
1750,144055,1,1,2.9130650218576193
1751,144056,6,0,2.9724540072493255
1757,144062,1,1,2.9039880027994514
1758,144063,7,0,3.080845985095948
1765,144070,1,1,2.921210019849241
1766,144071,6,0,2.934614021796733
1772,144077,1,1,2.8981969808228314
1773,144078,7,0,3.056640038266778
1780,144085,1,1,2.915188961196691
1781,144086,6,0,3.065777011215687
1787,144092,1,1,2.9015439795330167
1788,144093,7,0,2.96498101670295
1795,144100,1,1,2.909708011429757
1796,144101,6,0,2.953048038762063
1802,144107,1,1,2.917031990364194
1803,144108,7,0,3.05704097263515
1810,144115,1,1,2.9129540198482573
1811,144116,6,0,2.9930230230093002
1817,144122,1,1,2.915358985774219
1818,144123,6,0,2.9781049815937877
1824,144129,1,1,2.911812043748796
1825,144130,7,0,2.964420011267066
1832,144137,1,1,2.8997600311413407
1833,144138,6,0,3.047032980248332
1839,144144,1,1,3.032224951311946
1840,144145,7,0,2.9630769859068096
1847,144152,1,1,2.9270100058056414
1848,144153,6,0,2.9570359620265663
1854,144159,1,1,2.906000998336822
1855,144160,7,0,3.0684430385008454
1862,144167,1,1,2.8989689890295267
1863,144168,6,0,3.0470130150206387
1869,144174,1,1,2.906682959292084
1870,144175,7,0,3.0667289975099266
1877,144182,1,1,2.914798038545996
1878,144183,6,0,3.0487460317090154
1884,144189,1,1,2.8926870436407626
1885,144190,6,0,3.0514399986714125
1891,144196,1,1,2.9162909486331046
1892,144197,7,0,3.0725799733772874
1899,144204,1,1,2.911582007072866
1900,144205,6,0,2.9600319685414433
1906,144211,1,1,2.902083972003311
1907,144212,7,0,2.9557039961218834
1914,144219,1,1,2.890983014367521
1915,144220,6,0,3.0453689978457987
1921,144226,1,1,2.8958030161447823
1922,144227,7,0,3.0740530346520245
1929,144234,1,1,2.8942000353708863
1930,144235,6,0,2.962155034765601
1936,144241,1,1,2.8946109814569354
1937,144242,7,0,2.965972002130002
1944,144249,1,1,2.9273410327732563
1945,144250,6,0,2.9596100212074816
1951,144256,1,1,2.9095179634168744
1952,144257,7,0,2.958127995952964
1959,144264,1,1,2.9146370361559093
1960,144265,6,0,3.052572952583432
1966,144271,1,1,2.9205780010670424
1967,144272,6,0,3.048235026653856
1973,144278,1,1,2.90578103158623
1974,144279,7,0,3.0557389836758375
1981,144286,1,1,2.9080650419928133
1982,144287,6,0,2.96835700282827
1988,144293,1,1,2.912512980401516
1989,144294,7,0,3.0476940446533263
1996,144301,1,1,3.047583973966539
1997,144302,6,0,3.0528539791703224
2003,144308,1,1,2.9063820256851614
2004,144309,7,0,2.9688079957850277
2011,144316,1,1,2.8878169832751155
2012,144317,6,0,2.985758997965604
2018,144323,1,1,2.8997899498790503
2019,144324,7,0,3.0574219999834895
2026,144331,1,1,2.8868059744127095
2027,144332,6,0,3.0485549941658974
2033,144338,1,1,2.891634008847177
2034,144339,6,0,3.0559590086340904
2040,144345,1,1,2.8953109867870808
2041,144346,7,0,2.978135016746819
2048,144353,1,1,2.8999799978919327
2049,144354,6,0,3.066177014261484
2055,144360,1,1,2.8951410204172134
2056,144361,7,0,2.974367991555482
2063,144368,1,1,2.9068029834888875
2064,144369,6,0,2.947437984403223
2070,144375,1,1,2.9094269848428667
2071,144376,7,0,3.0714580207131803
2078,144383,1,1,2.8964929515495896
2079,144384,6,0,3.0467920005321503
2085,144390,1,1,2.895372046623379
2086,144391,7,0,3.0684020020999014
2093,144398,1,1,2.8989689890295267
2094,144399,6,0,3.0539860017597675
2100,144405,1,1,2.9142769635654986
2101,144406,6,0,2.9538300004787743
2107,144412,1,1,2.9128739843145013
2108,144413,7,0,3.007429011631757
2115,144420,1,1,2.91119102621451
2116,144421,6,0,2.935786033049226
2122,144427,1,1,2.8898519813083112
2123,144428,7,0,3.0885589658282697
2130,144435,1,1,2.9013330349698663
2131,144436,6,0,3.062281000893563
2137,144442,1,1,2.8866759967058897
2138,144443,7,0,3.076156019233167
2145,144450,1,1,2.892675984185189
2146,144451,6,0,3.061127965338528
2152,144457,1,1,3.081867005676031
2153,144458,7,0,3.0675100279040635
2160,144465,1,1,2.893898985348642
2161,144466,6,0,2.9312080005183816
2167,144472,1,1,2.8908129897899926
2168,144473,7,0,3.061608993448317
2175,144480,1,1,2.91054998524487
2176,144481,6,0,2.956374955829233
2182,144487,1,1,2.910320006776601
2183,144488,6,0,3.0882590217515826
2189,144494,1,1,2.8973559965379536
2190,144495,7,0,2.942168968729675
2197,144502,1,1,2.901281986851245
2198,144503,6,0,3.066758974455297
2204,144509,1,1,2.90138297714293
2205,144510,7,0,3.0638330499641597
2212,144517,1,1,2.904248016420752
2213,144518,6,0,3.060626972001046
2219,144524,1,1,2.9030750156380236
2220,144525,7,0,3.0646449886262417
2227,144532,1,1,2.9147870372980833
2228,144533,6,0,3.068831982091069
2234,144539,1,1,2.902715001255274
2235,144540,7,0,3.0744229443371296
2242,144547,1,1,2.909558010287583
2243,144548,6,0,2.946576976682991
2249,144554,1,1,2.9161099810153246
2250,144555,6,0,3.066449018660933
2256,144561,1,1,2.9124030261300504
2257,144562,7,0,3.057681955397129
2264,144569,1,1,2.9103090055286884
2265,144570,6,0,3.045869991183281
2271,144576,1,1,2.910359005909413
2272,144577,7,0,3.068071964662522
2279,144584,1,1,2.903766988310963
2280,144585,6,0,3.0524429748766124
2286,144591,1,1,2.9136560042388737
2287,144592,7,0,3.061960975173861
2294,144599,1,1,2.9092879849486053
2295,144600,6,0,2.9635580140165985
2301,144606,1,1,2.905150002334267
2302,144607,7,0,3.050908970180899
2309,144614,1,1,3.047423029784113
2310,144615,6,0,3.0504490132443607
2316,144621,1,1,2.9050990124233067
2317,144622,6,0,2.957366988994181
2323,144628,1,1,2.895901969168335
2324,144629,7,0,2.9818619950674474
2331,144636,1,1,2.887306036427617
2332,144637,6,0,2.928764035459608
2338,144643,1,1,2.8905519866384566
2339,144644,7,0,3.0575720011256635
2346,144651,1,1,2.90838599903509
2347,144652,6,0,3.04949696874246
2353,144658,1,1,2.9093780322000384
2354,144659,7,0,2.977724012453109
2361,144666,1,1,2.897986036259681
2362,144667,6,0,3.056249988730997
2368,144673,1,1,2.8918649768456817
2369,144674,7,0,3.0686020036228
2376,144681,1,1,2.8915739967487752
2377,144682,6,0,3.0686319805681705
2383,144688,1,1,2.891563985031098
2384,144689,7,0,2.9447840061038733
2391,144696,1,1,2.8817359707318246
2392,144697,6,0,3.0563800246454775
2398,144703,1,1,2.9076439677737653
2399,144704,6,0,2.950705005787313
2405,144710,1,1,2.9030059813521802
2406,144711,7,0,3.0695239547640085
2413,144718,1,1,2.8938889736309648
2414,144719,6,0,3.0597459990531206
2420,144725,1,1,2.89975997293368
2421,144726,7,0,3.068372025154531
2428,144733,1,1,2.914536977186799
2429,144734,6,0,2.957116055767983
2435,144740,1,1,2.889480965677649
2436,144741,7,0,3.014571964740753
2443,144748,1,1,2.9022949747741222
2444,144749,6,0,3.0597959994338453
2450,144755,1,1,2.897765953093767
2451,144756,7,0,3.0911649810150266
2458,144763,1,1,2.8901820187456906
2459,144764,6,0,2.9450429719872773
2465,144770,1,1,3.0309229623526335
2466,144771,6,0,3.0545060290023685
2472,144777,1,1,2.909258008003235
2473,144778,7,0,3.0721189687028527
2480,144785,1,1,2.9009219724684954
2481,144786,6,0,2.9476589988917112
2487,144792,1,1,2.88356002420187
2488,144793,7,0,2.9541599797084928
2495,144800,1,1,2.8858939767815173
2496,144801,6,0,3.049838007427752
2502,144807,1,1,2.890011004637927
2503,144808,7,0,3.0513500096276402
2510,144815,1,1,2.906170964706689
2511,144816,6,0,2.92208103928715
2517,144822,1,1,2.890683012083173
2518,144823,7,0,3.0659869662486017
2525,144830,1,1,2.983274986036122
2526,144831,6,0,2.9237139970064163
2532,144837,1,1,2.8746240423060954
2533,144838,7,0,3.0609280220232904
2540,144845,1,1,2.9112210031598806
2541,144846,6,0,2.955353003926575
2547,144852,1,1,2.9071540338918567
2548,144853,6,0,3.0496169929392636
2554,144859,1,1,2.8896210133098066
2555,144860,7,0,3.066038014367223
2562,144867,1,1,2.906902984250337
2563,144868,6,0,3.0714470194652677
2569,144874,1,1,2.885813999455422
2570,144875,7,0,3.0729909776709974
2577,144882,1,1,2.9114410281181335
2578,144883,6,0,3.0472929938696325
2584,144889,1,1,2.9050090233795345
2585,144890,7,0,3.0707769910804927
2592,144897,1,1,2.9100989922881126
2593,144898,6,0,2.932219998911023
2599,144904,1,1,2.8878379962407053
2600,144905,7,0,3.073591971769929
2607,144912,1,1,2.8999499627389014
2608,144913,6,0,2.942077990155667
2614,144919,1,1,2.888528979383409
2615,144920,6,0,3.0146330245770514
2621,144926,1,1,3.0643350328318775
2622,144927,7,0,3.0677610193379223
2629,144934,1,1,2.88786698365584
2630,144935,6,0,3.0532540404237807
2636,144941,1,1,2.9113710043020546
2637,144942,7,0,3.0200330074876547
2644,144949,1,1,2.9239639989100397
2645,144950,6,0,2.9639879940077662
2651,144956,1,1,2.907273010350764
2652,144957,7,0,3.06458497652784
2659,144964,1,1,2.895281999371946
2660,144965,6,0,3.0663679935969412
2666,144971,1,1,2.912564028520137
2667,144972,7,0,3.070676000788808
2674,144979,1,1,2.9052099562250078
2675,144980,6,0,3.0643949867226183
2681,144986,1,1,2.9073040350340307
2682,144987,6,0,2.947117027360946
2688,144993,1,1,2.9063820256851614
2689,144994,7,0,2.962957019917667
2696,145001,1,1,2.9113509808667004
2697,145002,6,0,2.951935981400311
2703,145008,1,1,2.9078350053168833
2704,145009,7,0,3.0205939547158778
2711,145016,1,1,2.893187978770584
2712,145017,6,0,3.0541049782186747
2718,145023,1,1,2.890762989409268
2719,145024,7,0,2.978797012474388
2726,145031,1,1,2.9196059913374484
2727,145032,6,0,3.054866974707693
2733,145038,1,1,2.901592990383506
2734,145039,7,0,2.988694002851844
2741,145046,1,1,2.8978759655728936
2742,145047,6,0,2.9250369989313185
2748,145053,1,1,2.8872169787064195
2749,145054,7,0,2.9600310372188687
2756,145061,1,1,2.8877969598397613
2757,145062,6,0,2.926077984739095
2763,145068,1,1,2.8887990047223866
2764,145069,6,0,3.0525019974447787
2770,145075,1,1,2.907634014263749
2771,145076,7,0,2.96655303100124
2778,145083,1,1,3.0468219774775207
2779,145084,6,0,2.947388042230159
2785,145090,1,1,2.885663998313248
2786,145091,7,0,3.073682019021362
2793,145098,1,1,2.8884889907203615
2794,145099,6,0,3.0364030390046537
2800,145105,1,1,2.8824679902754724
2801,145106,7,0,2.963256963994354
2808,145113,1,1,2.9002309893257916
2809,145114,6,0,3.0425649601966143
2815,145120,1,1,2.856799983419478
2816,145121,7,0,3.052062005735934
2823,145128,1,1,2.8869660454802215
2824,145129,6,0,3.0320240184664726
2830,145135,1,1,2.879782987292856
2831,145136,6,0,3.045880002900958
2837,145142,1,1,2.890773001126945
2838,145143,7,0,3.0581330065615475
2845,145150,1,1,2.8659270028583705
2846,145151,6,0,2.9858789639547467
2852,145157,1,1,2.8818660066463053
2853,145158,7,0,2.9553219792433083
2860,145165,1,1,2.9052189784124494
2861,145166,6,0,3.0558889848180115
2867,145172,1,1,2.9038970242254436
2868,145173,7,0,3.066608973313123
2875,145180,1,1,2.910899987909943
2876,145181,6,0,3.0617400188930333
2882,145187,1,1,2.9081349493935704
2883,145188,7,0,3.070796956308186
2890,145195,1,1,2.9071830213069916
2891,145196,6,0,3.0555890407413244
2897,145202,1,1,2.8982170042581856
2898,145203,6,0,3.0444080475717783
2904,145209,1,1,2.8867959626950324
2905,145210,7,0,3.076958004385233
2912,145217,1,1,2.9027049895375967
2913,145218,6,0,2.974167000502348
2919,145224,1,1,2.9112109914422035
2920,145225,7,0,2.9705310007557273
2927,145232,1,1,2.9132950003258884
2928,145233,6,0,3.0549269868060946
2934,145239,1,1,3.0570109956897795
2935,145240,7,0,3.066057979594916
2942,145247,1,1,2.9048490105196834
2943,145248,6,0,3.0536350095644593
2949,145254,1,1,2.907413989305496
2950,145255,7,0,3.059034002944827
2957,145262,1,1,2.90501001290977
2958,145263,6,0,3.0521719600073993
2964,145269,1,1,2.894190023653209
2965,145270,7,0,3.035661007743329
2972,145277,1,1,2.894740959163755
2973,145278,6,0,2.9785660444758832
2979,145284,1,1,2.9110609903000295
2980,145285,6,0,2.9578880057670176
2986,145291,1,1,2.898647973779589
2987,145292,7,0,3.0692839645780623
2994,145299,1,1,2.8903630445711315
2995,145300,6,0,3.0637040035799146
3001,145306,1,1,2.9030360165052116
3002,145307,7,0,3.0748540302738547
3009,145314,1,1,2.912433003075421
3010,145315,6,0,3.0567310168407857
3016,145321,1,1,2.9116219957359135
3017,145322,7,0,3.0761059606447816
3024,145329,1,1,2.9010019497945905
3025,145330,6,0,3.0019190162420273
3031,145336,1,1,2.9136259690858424
3032,145337,7,0,2.991418994497508
3039,145344,1,1,2.903326996602118
3040,145345,6,0,2.926889981608838
3046,145351,1,1,2.8852630057372153
3047,145352,6,0,2.9272999963723123
3053,145358,1,1,2.8860039892606437
3054,145359,7,0,3.05704097263515
3061,145366,1,1,2.8846519999206066
3062,145367,6,0,3.0575720011256635
3068,145373,1,1,2.8857840225100517
3069,145374,7,0,2.963077975437045
3076,145381,1,1,2.904798951931298
3077,145382,6,0,2.9546520090661943
3083,145388,1,1,2.8865159838460386
3084,145389,7,0,2.960862999316305
3091,145396,1,1,3.055587993003428
3092,145397,6,0,3.0692940345034003
3098,145403,1,1,2.890091040171683
3099,145404,7,0,3.0646849772892892
3106,145411,1,1,2.9035169864073396
3107,145412,6,0,3.0534249963238835
3113,145418,1,1,2.8878379962407053
3114,145419,6,0,2.9672450036741793
3120,145425,1,1,2.906612993683666
3121,145426,7,0,3.062791016418487
3128,145433,1,1,2.9138660174794495
3129,145434,6,0,2.9585679876618087
3135,145440,1,1,2.91013898095116
3136,145441,7,0,2.956134034320712
3143,145448,1,1,2.9129640315659344
3144,145449,6,0,2.9544709832407534
3150,145455,1,1,2.891734999138862
3151,145456,7,0,3.058033005800098
3158,145463,1,1,2.8987170080654323
3159,145464,6,0,3.044528013560921
3165,145470,1,1,2.9135759687051177
3166,145471,7,0,3.065627010073513
3173,145478,1,1,2.8964329976588488
3174,145479,6,0,3.0485049937851727
3180,145485,1,1,2.90174299152568
3181,145486,7,0,3.0628120293840766
3188,145493,1,1,2.931928960606456
3189,145494,6,0,3.0597159639000893
3195,145500,1,1,2.90390697773546
3196,145501,6,0,3.0198320164345205
3202,145507,1,1,2.9064519912935793
3203,145508,7,0,3.007969993632287
3210,145515,1,1,2.890222007408738
3211,145516,6,0,2.9650010401383042
3217,145522,1,1,2.88314901990816
3218,145523,7,0,3.0614390270784497
3225,145530,1,1,2.8881680336780846
3226,145531,6,0,3.054367029108107
3232,145537,1,1,2.895362034905702
3233,145538,7,0,3.0540750012733042
3240,145545,1,1,2.875403966754675
3241,145546,6,0,2.9550620238296688
3247,145552,1,1,3.0452589853666723
3248,145553,7,0,2.9529790044762194
3255,145560,1,1,2.877799968700856
3256,145561,6,0,2.9337930027395487
3262,145567,1,1,2.881755994167179
3263,145568,6,0,2.915568999014795
3269,145574,1,1,2.887787006329745
3270,145575,7,0,3.071097016800195
3277,145582,1,1,2.8845019987784326
3278,145583,6,0,3.057761990930885
3284,145589,1,1,2.903857035562396
3285,145590,7,0,2.9715730343014
3292,145597,1,1,2.9053300386294723
3293,145598,6,0,2.953329007141292
3299,145604,1,1,2.8991480357944965
3300,145605,7,0,3.0655760201625526
3307,145612,1,1,2.907724992837757
3308,145613,6,0,3.0545759946107864
3314,145619,1,1,2.906412002630532
3315,145620,7,0,3.0709559796378016
3322,145627,1,1,2.915248041972518
3323,145628,6,0,2.9558640089817345
3329,145634,1,1,2.9114619828760624
3330,145635,7,0,2.9720740276388824
3337,145642,1,1,2.905450004618615
3338,145643,6,0,2.9450029833242297
3344,145649,1,1,2.9072139877825975
3345,145650,6,0,2.974177012220025
3351,145656,1,1,2.914265962317586
3352,145657,7,0,2.9763809870928526
3359,145664,1,1,2.9058409854769707
3360,145665,6,0,2.96971999341622
3366,145671,1,1,2.8904519858770072
3367,145672,7,0,3.0625310027971864
3374,145679,1,1,2.8832490206696093
3375,145680,6,0,3.000888042151928
3381,145686,1,1,2.8866049833595753
3382,145687,7,0,2.950032998342067
3389,145694,1,1,2.8936180169694126
3390,145695,6,0,3.0556589481420815
3396,145701,1,1,2.9109810129739344
3397,145702,7,0,2.9683170141652226
3404,145709,1,1,3.057601978071034
3405,145710,6,0,3.07053595315665
3411,145716,1,1,2.899129001889378
3412,145717,6,0,3.0604670173488557
3418,145723,1,1,2.895661978982389
3419,145724,7,0,3.066758974455297
3426,145731,1,1,2.9143369756639004
3427,145732,6,0,2.9464669642038643
3433,145738,1,1,2.894240024033934
3434,145739,7,0,2.957225951831788
3441,145746,1,1,2.9137859819456935
3442,145747,6,0,3.058002970647067
3448,145753,1,1,2.914376964326948
3449,145754,7,0,3.0731610022485256
3456,145761,1,1,2.9110409668646753
3457,145762,6,0,2.954511030111462
3463,145768,1,1,2.8852029936388135
3464,145769,7,0,2.986941020935774
3471,145776,1,1,2.8807440539821982
3472,145777,6,0,3.0523519963026047
3478,145783,1,1,2.895602025091648
3479,145784,6,0,3.0507890041917562
3485,145790,1,1,2.888449002057314
3486,145791,7,0,2.9279019800014794
3493,145798,1,1,2.8978859772905707
3494,145799,6,0,3.056821005884558
3500,145805,1,1,2.9042080277577043
3501,145806,7,0,2.947047003544867
3508,145813,1,1,2.890773001126945
3509,145814,6,0,3.0547259957529604
3515,145820,1,1,2.880925021599978
3516,145821,7,0,2.9938939842395484
3523,145828,1,1,2.884451998397708
3524,145829,6,0,3.052062005735934
3530,145835,1,1,2.8996799956075847
3531,145836,7,0,3.0563700129278004
3538,145843,1,1,2.904257969930768
3539,145844,6,0,2.956123964395374
3545,145850,1,1,2.910198993049562
3546,145851,7,0,2.9744580388069153
3553,145858,1,1,2.902234031353146
3554,145859,6,0,3.0509390053339303
3560,145865,1,1,3.057601978071034
3561,145866,6,0,2.9551019542850554
3567,145872,1,1,2.8877570293843746
3568,145873,7,0,3.0573420226573944
3575,145880,1,1,2.888177987188101
3576,145881,6,0,2.9237340204417706
3582,145887,1,1,2.8879180317744613
3583,145888,7,0,2.9694990371353924
3590,145895,1,1,2.900531981140375
3591,145896,6,0,3.0676009482704103
3597,145902,1,1,2.9021439841017127
3598,145903,7,0,3.058242960833013
3605,145910,1,1,2.909937989898026
3606,145911,6,0,3.0648059910163283
3612,145917,1,1,2.9070230084471405
3613,145918,7,0,2.9502329998649657
3620,145925,1,1,2.8820160077884793
3621,145926,6,0,2.9383620130829513
3627,145932,1,1,2.901683037634939
3628,145933,6,0,3.057672001887113
3634,145939,1,1,2.9102489934302866
3635,145940,7,0,3.063724027015269
3642,145947,1,1,2.9167209868319333
3643,145948,6,0,3.052451997064054
3649,145954,1,1,2.891194017138332
3650,145955,7,0,2.9628860065713525
3657,145962,1,1,2.89636297384277
3658,145963,6,0,2.937339013442397
3664,145969,1,1,2.880003012251109
3665,145970,7,0,2.9545409488491714
3672,145977,1,1,2.8851230163127184
3673,145978,6,0,2.961754973512143
3679,145984,1,1,2.8800629661418498
3680,145985,7,0,2.987703017424792
3687,145992,1,1,2.896303019952029
3688,145993,6,0,2.9457550263032317
3694,145999,1,1,2.8933979920111597
3695,146000,6,0,3.055769018828869
3701,146006,1,1,2.8746339958161116
3702,146007,7,0,2.954771975055337
3709,146014,1,1,2.8777489787898958
3710,146015,6,0,2.921360020991415
3716,146021,1,1,3.024691017344594
3717,146022,7,0,3.0658270115964115
3724,146029,1,1,2.8926359955221415
3725,146030,6,0,3.0494470265693963
3731,146036,1,1,2.9060220113024116
3732,146037,7,0,3.054866974707693
3739,146044,1,1,2.8970250277779996
3740,146045,6,0,3.0542160384356976
3746,146051,1,1,2.898989012464881
3747,146052,7,0,3.0586840002797544
3754,146059,1,1,2.8779900167137384
3755,146060,6,0,3.0541960150003433
3761,146066,1,1,2.9077850049361587
3762,146067,7,0,2.9550520121119916
3769,146074,1,1,2.908174996264279
3770,146075,6,0,3.0561889871023595
3776,146081,1,1,2.9020640067756176
3777,146082,6,0,3.051681036595255
3783,146088,1,1,2.8981970390304923
3784,146089,7,0,3.0281979707069695
3791,146096,1,1,2.8968039550818503
3792,146097,6,0,2.9592299833893776
3798,146103,1,1,2.8956829919479787
3799,146104,7,0,2.9514849884435534
3806,146111,1,1,2.883469976950437
3807,146112,6,0,3.060888033360243
3813,146118,1,1,2.938140998594463
3814,146119,7,0,2.9777440358884633
3821,146126,1,1,2.887146023567766
3822,146127,6,0,3.0676409951411188
3828,146133,1,1,2.909637987613678
3829,146134,7,0,3.064104006625712
3836,146141,1,1,2.884873014409095
3837,146142,6,0,2.99191998783499
3843,146148,1,1,2.8800329891964793
3844,146149,6,0,2.9126739827916026
3850,146155,1,1,2.891735057346523
3851,146156,7,0,3.059335984289646
3858,146163,1,1,2.8906219522468746
3859,146164,6,0,3.060678020119667
3865,146170,1,1,2.902715001255274
3866,146171,7,0,3.0705159879289567
3873,146178,1,1,3.0292190494947135
3874,146179,6,0,2.9513350455090404
3880,146185,1,1,2.8530439594760537
3881,146186,7,0,3.0465120216831565
3888,146193,1,1,2.861549030058086
3889,146194,6,0,2.9461660305969417
3895,146200,1,1,2.8934779693372548
3896,146201,7,0,2.9694990371353924
3903,146208,1,1,2.8903220081701875
3904,146209,6,0,3.0453099752776325
3910,146215,1,1,2.8860640013590455
3911,146216,7,0,3.058444010093808
3918,146223,1,1,2.905439992900938
3919,146224,6,0,2.9567850288003683
3925,146230,1,1,2.890833013225347
3926,146231,6,0,2.9198869597166777
3932,146237,1,1,2.8851930401287973
3933,146238,7,0,3.051441046409309
3940,146245,1,1,2.882528002373874
3941,146246,6,0,3.050409024581313
3947,146252,1,1,2.877478953450918
3948,146253,7,0,3.0534740071743727
3955,146260,1,1,2.8938589966855943
3956,146261,6,0,3.040189971216023
3962,146267,1,1,2.8792619705200195
3963,146268,7,0,3.053624997846782
3970,146275,1,1,2.8928170213475823
3971,146276,6,0,2.9489699518308043
3977,146282,1,1,2.9182640137150884
3978,146283,7,0,3.0586040229536593
3985,146290,1,1,2.878530998714268
3986,146291,6,0,3.06404399452731
3992,146297,1,1,2.906161011196673
3993,146298,6,0,2.972454996779561
3999,146304,1,1,2.8986280085518956
4000,146305,7,0,3.0608579982072115
4007,146312,1,1,2.890472998842597
4008,146313,6,0,2.9494320042431355
4014,146319,1,1,2.913415024522692
4015,146320,7,0,3.0737220076844096
4022,146327,1,1,2.9094169731251895
4023,146328,6,0,2.963448001537472
4029,146334,1,1,3.094411047641188
4030,146335,7,0,3.0694539891555905
4037,146342,1,1,2.891654963605106
4038,146343,6,0,2.9289540252648294
4044,146349,1,1,2.89069302380085
4045,146350,7,0,3.0564910266548395
4052,146357,1,1,2.9012829763814807
4053,146358,6,0,2.9411169816739857
4059,146364,1,1,2.909268019720912
4060,146365,6,0,3.0579420272260904
4066,146371,1,1,2.888649993110448
4067,146372,7,0,3.0530040385201573
4074,146379,1,1,2.8994500171393156
4075,146380,6,0,3.06043797172606
4081,146386,1,1,2.9000609647482634
4082,146387,7,0,3.0572409741580486
4089,146394,1,1,2.9103889828547835
4090,146395,6,0,3.053684951737523
4096,146401,1,1,2.9045689734630287
4097,146402,7,0,3.0496770050376654
4104,146409,1,1,2.8972859727218747
4105,146410,6,0,3.056991030462086
4111,146416,1,1,2.8887600055895746
4112,146417,7,0,3.0598260345868766
4119,146424,1,1,2.8994790045544505
4120,146425,6,0,3.032916982192546
4126,146431,1,1,2.8858539881184697
4127,146432,7,0,3.046771977096796
4134,146439,1,1,2.8932869900017977
4135,146440,6,0,3.044848970603198
4141,146446,1,1,2.9078350053168833
4142,146447,6,0,2.926989982370287
4148,146453,1,1,2.896093006711453
4149,146454,7,0,3.0617599841207266
4156,146461,1,1,2.8928969986736774
4157,146462,6,0,2.9997850069776177
4163,146468,1,1,2.8813660028390586
4164,146469,7,0,3.0629419488832355
4171,146476,1,1,2.9054710175842047
4172,146477,6,0,3.0467420001514256
4178,146483,1,1,2.899919985793531
4179,146484,7,0,3.061519004404545
4186,146491,1,1,3.029869985766709
4187,146492,6,0,2.9184939921833575
4193,146498,1,1,2.881246036849916
4194,146499,7,0,3.0554080149158835
4201,146506,1,1,2.88062501931563
4202,146507,6,0,3.0500179855152965
4208,146513,1,1,2.8786309994757175
4209,146514,6,0,3.0386869912035763
4215,146520,1,1,2.87993298843503
4216,146521,7,0,3.0485360184684396
4223,146528,1,1,2.8692129999399185
4224,146529,6,0,3.0467220349237323
4230,146535,1,1,2.900330990087241
4231,146536,7,0,3.0602170154452324
4238,146543,1,1,2.8832399984821677
4239,146544,6,0,3.0676809838041663
4245,146550,1,1,2.8842909960076213
4246,146551,7,0,2.947237982880324
4253,146558,1,1,2.8866250067949295
4254,146559,6,0,2.9176929965615273
4260,146565,1,1,2.8784400201402605
4261,146566,7,0,2.946096006780863
4268,146573,1,1,2.877969993278384
4269,146574,6,0,3.019792027771473
4275,146580,1,1,2.8759660199284554
4276,146581,6,0,3.048184036742896
4282,146587,1,1,2.885653986595571
4283,146588,7,0,3.0643949867226183
4290,146595,1,1,2.9057199717499316
4291,146596,6,0,3.049256978556514
4297,146602,1,1,2.8857740107923746
4298,146603,7,0,3.063543001189828
4305,146610,1,1,2.882357977796346
4306,146611,6,0,3.049206978175789
4312,146617,1,1,2.9084259876981378
4313,146618,7,0,3.0555680277757347
4320,146625,1,1,2.8875370044261217
4321,146626,6,0,3.0625120270997286
4327,146632,1,1,2.9106700094416738
4328,146633,7,0,3.060607996303588
4335,146640,1,1,2.8837599675171077
4336,146641,6,0,3.055368026252836
4342,146647,1,1,3.0344189726747572
4343,146648,7,0,3.080164024140686
4350,146655,1,1,2.908536000177264
4351,146656,6,0,2.9318290180526674
4357,146662,1,1,2.8993699816055596
4358,146663,6,0,3.0547459609806538
4364,146669,1,1,2.9057409847155213
4365,146670,7,0,3.0660979682579637
4372,146677,1,1,2.883929992094636
4373,146678,6,0,3.0597159639000893
4379,146684,1,1,2.9075139900669456
4380,146685,7,0,3.0827189912088215
4387,146692,1,1,2.894058998208493
4388,146693,6,0,2.928893023636192
4394,146699,1,1,2.9064820264466107
4395,146700,7,0,2.9703809996135533
4402,146707,1,1,2.91013898095116
4403,146708,6,0,3.057783003896475
4409,146714,1,1,2.90717399911955
4410,146715,7,0,3.0487459735013545
4417,146722,1,1,2.9128039604984224
4418,146723,6,0,3.0643849750049412
4424,146729,1,1,2.8950910200364888
4425,146730,6,0,3.0735110049135983
4431,146736,1,1,2.904899010900408
4432,146737,7,0,2.9795669834129512
4439,146744,1,1,2.906473004259169
4440,146745,6,0,2.9535990324802697
4446,146751,1,1,2.909878036007285
4447,146752,7,0,3.053194028325379
4454,146759,1,1,2.9058110085316002
4455,146760,6,0,3.0540659790858626
4461,146766,1,1,2.9016840271651745
4462,146767,7,0,2.969548979308456
4469,146774,1,1,2.913495001848787
4470,146775,6,0,3.0564499902538955
4476,146781,1,1,2.9001199873164296
4477,146782,7,0,3.0748940189369023
4484,146789,1,1,2.904588996898383
4485,146790,6,0,2.9426200198940933
4491,146796,1,1,2.906362002249807
4492,146797,7,0,2.9530689935199916
4499,146804,1,1,3.063873969949782
4500,146805,6,0,3.0662979697808623
4506,146811,1,1,2.8986380202695727
4507,146812,6,0,3.07575601618737
4513,146818,1,1,2.8982069925405085
4514,146819,7,0,3.0761269736103714
4521,146826,1,1,2.912021998781711
4522,146827,6,0,2.9422990046441555
4528,146833,1,1,2.883751003537327
4529,146834,7,0,2.935906988568604
4536,146841,1,1,2.8831190429627895
4537,146842,6,0,2.9201069846749306
4543,146848,1,1,2.884420973714441
4544,146849,7,0,3.0493169906549156
4551,146856,1,1,2.8791720396839082
4552,146857,6,0,2.9478290234692395
4558,146863,1,1,2.87655700230971
4559,146864,7,0,2.9529090388678014
4566,146871,1,1,2.8708759928122163
4567,146872,6,0,3.048264014068991
4573,146878,1,1,2.89718498243019
4574,146879,6,0,2.937940997071564
4580,146885,1,1,2.903256972786039
4581,146886,7,0,2.965532010421157
4588,146893,1,1,2.8905419749207795
4589,146894,6,0,3.0551080126315355
4595,146900,1,1,2.9108800226822495
4596,146901,7,0,2.9612029902637005
4603,146908,1,1,2.8835299890488386
4604,146909,6,0,3.0644650105386972
4610,146915,1,1,2.9112810152582824
4611,146916,7,0,2.96240602619946
4618,146923,1,1,2.8915450093336403
4619,146924,6,0,3.075195010751486
4625,146930,1,1,2.9109600000083447
4626,146931,7,0,2.9816420283168554
4633,146938,1,1,2.918944985140115
4634,146939,6,0,2.9734260169789195
4640,146945,1,1,2.8904329519718885
4641,146946,6,0,2.948029024992138
4647,146952,1,1,2.901373023632914
4648,146953,7,0,3.0747639830224216
4655,146960,1,1,3.0748239951208234
4656,146961,6,0,2.950653957668692
4662,146967,1,1,2.9086669674143195
4663,146968,7,0,3.073761996347457
4670,146975,1,1,2.8974850429221988
4671,146976,6,0,2.9511349857784808
4677,146982,1,1,2.9079149826429784
4678,146983,7,0,3.088940982706845
4685,146990,1,1,2.903025015257299
4686,146991,6,0,2.9454249888658524
4692,146997,1,1,2.9056709608994424
4693,146998,7,0,3.08072502957657
4700,147005,1,1,2.8781500295735896
4701,147006,6,0,2.9673840035684407
4707,147012,1,1,2.8886590152978897
4708,147013,7,0,3.064365009777248
4715,147020,1,1,2.918654994573444
4716,147021,6,0,3.0565810156986117
4722,147027,1,1,2.9038270004093647
4723,147028,6,0,2.9695890261791646
4729,147034,1,1,2.916150027886033
4730,147035,7,0,3.067400015424937
4737,147042,1,1,2.91173200821504
4738,147043,6,0,2.9558330425061285
4744,147049,1,1,2.913906006142497
4745,147050,7,0,2.9713530093431473
4752,147057,1,1,2.913074044045061
4753,147058,6,0,3.062591014895588
4759,147064,1,1,2.910578972660005
4760,147065,7,0,3.056730958633125
4767,147072,1,1,2.902285021264106
4768,147073,6,0,3.054957021959126
4774,147079,1,1,2.898097038269043
4775,147080,7,0,3.0645549995824695
4782,147087,1,1,2.899368992075324
4783,147088,6,0,2.9579169931821525
4789,147094,1,1,2.8915739967487752
4790,147095,6,0,3.0609180103056133
4796,147101,1,1,2.9148180037736893
4797,147102,7,0,2.966403029859066
4804,147109,1,1,2.9145170119591057
4805,147110,6,0,3.058863978367299
4811,147116,1,1,3.0476030078716576
4812,147117,7,0,2.9538500239141285
4819,147124,1,1,2.903066051658243
4820,147125,6,0,2.9736360302194953
4826,147131,1,1,2.8979670023545623
4827,147132,7,0,3.065937024075538
4834,147139,1,1,2.907755027990788
4835,147140,6,0,3.049346967600286
4841,147146,1,1,2.912283001933247
4842,147147,7,0,2.9589589685201645
4849,147154,1,1,2.900912018958479
4850,147155,6,0,3.0716389883309603
4856,147161,1,1,2.9047990101389587
4857,147162,6,0,3.057541965972632
4863,147168,1,1,2.887857030145824
4864,147169,7,0,3.062921983655542
4871,147176,1,1,2.896293008234352
4872,147177,6,0,3.0473130173049867
4878,147183,1,1,2.8871370013803244
4879,147184,7,0,2.974928996991366
4886,147191,1,1,2.904968976508826
4887,147192,6,0,3.055448003578931
4893,147198,1,1,2.9166010208427906
4894,147199,7,0,3.0627219821326435
4901,147206,1,1,2.912202966399491
4902,147207,6,0,3.0599070014432073
4908,147213,1,1,2.901874016970396
4909,147214,7,0,3.0788520234636962
4916,147221,1,1,2.911892021074891
4917,147222,6,0,3.055256966035813
4923,147228,1,1,2.9133149655535817
4924,147229,7,0,3.0688929837197065
4931,147236,1,1,2.9009520076215267
4932,147237,6,0,3.0677609611302614
4938,147243,1,1,2.8928560204803944
4939,147244,6,0,3.110338991973549
4945,147250,1,1,2.886584959924221
4946,147251,7,0,3.073111001867801
4953,147258,1,1,2.8878379962407053
4954,147259,6,0,2.9275909764692187
4960,147265,1,1,2.903888002038002
4961,147266,7,0,3.0731509905308485
4968,147273,1,1,3.0571510433219373
4969,147274,6,0,2.9327209922485054
4975,147280,1,1,2.8915450093336403
4976,147281,7,0,2.9904769617132843
4983,147288,1,1,2.895110985264182
4984,147289,6,0,3.0703460215590894
4990,147295,1,1,2.899690007325262
4991,147296,7,0,3.076958004385233
4998,147303,1,1,2.898406994063407
4999,147304,6,0,2.946025982964784
5005,147310,1,1,2.9107099981047213
5006,147311,6,0,2.9502229881472886
5012,147317,1,1,2.9088070150464773
5013,147318,7,0,2.9414070304483175
5020,147325,1,1,2.906641981098801
5021,147326,6,0,3.0597959994338453
5027,147332,1,1,2.9077340150251985
5028,147333,7,0,3.1050799880176783
5035,147340,1,1,2.8972250293008983
5036,147341,6,0,2.9409760027192533
5042,147347,1,1,2.899129001889378
5043,147348,7,0,3.0553480028174818
5050,147355,1,1,2.905561006627977
5051,147356,6,0,2.992551017086953
5057,147362,1,1,2.9708310030400753
5058,147363,7,0,3.067109966650605
5065,147370,1,1,2.9132350464351475
5066,147371,6,0,3.054497006814927
5072,147377,1,1,2.8980369679629803
5073,147378,7,0,3.063403011765331
5080,147385,1,1,2.9190260102041066
5081,147386,6,0,2.9687280184589326
5087,147392,1,1,2.902494976297021
5088,147393,6,0,2.953189017716795
5094,147399,1,1,2.8889799723401666
5095,147400,7,0,3.0692830332554877
5102,147407,1,1,2.8895909781567752
5103,147408,6,0,2.9304460040293634
5109,147414,1,1,2.8881680336780846
5110,147415,7,0,3.0665190424770117
5117,147422,1,1,2.885944035369903
5118,147423,6,0,2.917121979407966
5124,147429,1,1,3.024381003342569
5125,147430,7,0,3.05930501781404
5132,147437,1,1,2.9084059642627835
5133,147438,6,0,3.057952970266342
5139,147444,1,1,2.8847919893451035
5140,147445,7,0,2.9719440499320626
5147,147452,1,1,2.9092070180922747
5148,147453,6,0,2.955022966489196
5154,147459,1,1,2.8990390128456056
5155,147460,6,0,3.047803998924792
5161,147466,1,1,2.891094016376883
5162,147467,7,0,2.9459649813361466
5169,147474,1,1,2.906031033489853
5170,147475,6,0,2.958508033771068
5176,147481,1,1,2.9109210008755326
5177,147482,7,0,3.05984599981457
5184,147489,1,1,2.8863350162282586
5185,147490,6,0,3.0651860288344324
5191,147496,1,1,2.8858539881184697
5192,147497,7,0,2.944312000181526
5199,147504,1,1,2.8983369702473283
5200,147505,6,0,3.054456028621644
5206,147511,1,1,2.8993699816055596
5207,147512,7,0,3.062511037569493
5214,147519,1,1,2.90184305049479
5215,147520,6,0,2.936126955319196
5221,147526,1,1,2.8995900065638125
5222,147527,6,0,3.053845022805035
5228,147533,1,1,2.898667997214943
5229,147534,7,0,3.0561090097762644
5236,147541,1,1,2.8954019653610885
5237,147542,6,0,3.051722014788538
5243,147548,1,1,2.898567996453494
5244,147549,7,0,2.9723939951509237
5251,147556,1,1,2.9178039985708892
5252,147557,6,0,3.0555790290236473
5258,147563,1,1,2.909578033722937
5259,147564,7,0,3.0580629827454686
5266,147571,1,1,2.902835956774652
5267,147572,6,0,3.0535850091837347
5273,147578,1,1,2.907595015130937
5274,147579,7,0,2.9706210480071604
5281,147586,1,1,3.0560489976778626
5282,147587,6,0,3.059977025259286
5288,147593,1,1,2.8956219903193414
5289,147594,7,0,3.0708970152772963
5296,147601,1,1,2.891563985031098
5297,147602,6,0,3.053353982977569
5303,147608,1,1,2.901243045926094
5304,147609,6,0,3.0528130009770393
5310,147615,1,1,2.9012029990553856
5311,147616,7,0,3.05417604977265
5318,147623,1,1,2.8898619930259883
5319,147624,6,0,2.956395037472248
5325,147630,1,1,2.8896910371258855
5326,147631,7,0,2.966594009194523
5333,147638,1,1,2.8975250315852463
5334,147639,6,0,3.04810400120914
5340,147645,1,1,2.908185007981956
5341,147646,7,0,3.064515010919422
5348,147653,1,1,2.8964339871890843
5349,147654,6,0,3.027325961738825
5355,147660,1,1,2.9113609925843775
5356,147661,7,0,3.0597970471717417
5363,147668,1,1,2.890533010940999
5364,147669,6,0,3.0450689955614507
5370,147675,1,1,2.8852029936388135
5371,147676,6,0,3.0612089904025197
5377,147682,1,1,2.9061720124445856
5378,147683,7,0,2.959740988444537
5385,147690,1,1,2.910849987529218
5386,147691,6,0,2.9566249577328563
5392,147697,1,1,2.918976009823382
5393,147698,7,0,3.063041949644685
5400,147705,1,1,2.8967740363441408
5401,147706,6,0,3.053685009945184
5407,147712,1,1,2.911791962105781
5408,147713,7,0,3.065828001126647
5415,147720,1,1,2.8959030169062316
5416,147721,6,0,3.0525829643011093
5422,147727,1,1,2.900261024478823
5423,147728,7,0,2.9562540003098547
5430,147735,1,1,2.9010819853283465
5431,147736,6,0,3.045539022423327
5437,147742,1,1,3.0504190362989902
5438,147743,6,0,2.9469970031641424
5444,147749,1,1,2.9121519764885306
5445,147750,7,0,3.056619956623763
5452,147757,1,1,2.898337028454989
5453,147758,6,0,2.952987968456
5459,147764,1,1,2.902253996580839
5460,147765,7,0,3.0654669972136617
5467,147772,1,1,2.9107999871484935
5468,147773,6,0,2.9472869937308133
5474,147779,1,1,2.885964000597596
5475,147780,7,0,3.053674998227507
5482,147787,1,1,2.9067330178804696
5483,147788,6,0,3.0700850184075534
5489,147794,1,1,2.9006609693169594
5490,147795,7,0,3.0586240463890135
5497,147802,1,1,2.8917749878019094
5498,147803,6,0,2.935917000286281
5504,147809,1,1,2.8793219826184213
5505,147810,7,0,2.9885139665566385
5512,147817,1,1,2.8683310374617577
5513,147818,6,0,2.940534963272512
5519,147824,1,1,2.874483005143702
5520,147825,6,0,3.0249819974415004
5526,147831,1,1,2.8412609826773405
5527,147832,7,0,3.0441670096479356
5534,147839,1,1,2.8575220494531095
5535,147840,6,0,2.919645980000496
5541,147846,1,1,2.8494169819168746
5542,147847,7,0,2.9245560290291905
5549,147854,1,1,2.8746429597958922
5550,147855,6,0,2.9205879545770586
5556,147861,1,1,2.8658979572355747
5557,147862,7,0,2.945454965811223
5564,147869,1,1,2.874853031244129
5565,147870,6,0,3.0353409820236266
5571,147876,1,1,2.8715680236928165
5572,147877,7,0,2.9251269879750907
5579,147884,1,1,2.8787210467271507
5580,147885,6,0,3.04179301019758
5586,147891,1,1,2.8836699784733355
5587,147892,6,0,2.953318995423615
5593,147898,1,1,3.0257729813456535
5594,147899,7,0,2.935896976850927
5601,147906,1,1,2.871507022064179
5602,147907,6,0,3.0357520445249975
5608,147913,1,1,2.8887399821542203
5609,147914,7,0,3.0684120138175786
5616,147921,1,1,2.891734999138862
5617,147922,6,0,2.9302859911695123
5623,147928,1,1,2.9111509793438017
5624,147929,7,0,3.0699550407007337
5631,147936,1,1,2.8999799978919327
5632,147937,6,0,2.9517359798774123
5638,147943,1,1,2.880022977478802
5639,147944,7,0,2.9567150049842894
5646,147951,1,1,2.882166998460889
5647,147952,6,0,2.9199279961176217
5653,147958,1,1,2.8853529947809875
5654,147959,6,0,3.0431249761022627
5660,147965,1,1,2.9100789688527584
5661,147966,7,0,3.0546559719368815
5668,147973,1,1,2.89882899960503
5669,147974,6,0,3.0443280120380223
5675,147980,1,1,2.8792719822376966
5676,147981,7,0,2.9734860290773213
5683,147988,1,1,2.9044279945082963
5684,147989,6,0,2.9487109859474003
5690,147995,1,1,2.8857739525847137
5691,147996,7,0,3.0579729937016964
5698,148003,1,1,2.911502029746771
5699,148004,6,0,2.9578270041383803
5705,148010,1,1,2.910569019149989
5706,148011,7,0,2.9549120226874948
5713,148018,1,1,2.9025349649600685
5714,148019,6,0,3.043395990971476
5720,148025,1,1,2.9128650203347206
5721,148026,7,0,2.9356759623624384
5728,148033,1,1,2.9054799815639853
5729,148034,6,0,3.0726910335943103
5735,148040,1,1,2.8899910394102335
5736,148041,6,0,3.152017015963793
5742,148047,1,1,2.905650995671749
5743,148048,7,0,3.0560590093955398
5750,148055,1,1,3.0395479989238083
5751,148056,6,0,3.0465410090982914
5757,148062,1,1,2.90138297714293
5758,148063,7,0,3.047192993108183
5765,148070,1,1,2.8975449968129396
5766,148071,6,0,3.0173069681040943
5772,148077,1,1,2.8879480087198317
5773,148078,7,0,3.045569988898933
5780,148085,1,1,2.755763998720795
5781,148086,6,0,2.938301011454314
5787,148092,1,1,2.8135200263932347
5788,148093,7,0,2.9303059563972056
5795,148100,1,1,2.7444319566711783
5796,148101,6,0,2.9937640065327287
5802,148107,1,1,2.8173280297778547
5803,148108,6,0,3.042934986297041
5809,148114,1,1,2.8901619953103364
5810,148115,7,0,3.037063986994326
5817,148122,1,1,2.8398979920893908
5818,148123,6,0,3.0360319651663303
5824,148129,1,1,2.8706860030069947
5825,148130,7,0,3.037464979570359
5832,148137,1,1,2.871838049031794
5833,148138,6,0,3.0283579835668206
5839,148144,1,1,2.8462110203690827
5840,148145,7,0,2.9878129716962576
5847,148152,1,1,2.872870012652129
5848,148153,6,0,3.0313439783640206
5854,148159,1,1,2.874413039535284
5855,148160,7,0,3.0807149596512318
5862,148167,1,1,2.8545859968289733
5863,148168,6,0,3.0799739761278033
5869,148174,1,1,2.868541982024908
5870,148175,7,0,3.039177041500807
5877,148182,1,1,2.876807004213333
5878,148183,6,0,2.952388022094965
5884,148189,1,1,2.881355001591146
5885,148190,6,0,3.0506590264849365
5891,148196,1,1,2.86281097214669
5892,148197,7,0,2.985669008921832
5899,148204,1,1,2.8226569993421435
5900,148205,6,0,3.0089830397628248
5906,148211,1,1,3.078250039834529
5907,148212,7,0,3.056971007026732
5914,148219,1,1,2.877498045563698
5915,148220,6,0,3.054726985283196
5921,148226,1,1,2.873500983696431
5922,148227,7,0,3.0530039803124964
5929,148234,1,1,2.887697017285973
5930,148235,6,0,3.0440770206041634
5936,148241,1,1,2.884271030779928
5937,148242,7,0,3.070205042604357
5944,148249,1,1,2.901803993154317
5945,148250,6,0,3.0531639931723475
5951,148256,1,1,2.8897709562443197
5952,148257,6,0,3.059374983422458
5958,148263,1,1,2.8895909781567752
5959,148264,7,0,3.0696839676238596
5966,148271,1,1,2.8995099710300565
5967,148272,6,0,3.0574820120818913
5973,148278,1,1,2.9040270019322634
5974,148279,7,0,3.0613189446739852
5981,148286,1,1,2.8911340050399303
5982,148287,6,0,3.0547770438715816
5988,148293,1,1,2.911582007072866
5989,148294,7,0,3.0731509905308485
5996,148301,1,1,2.903787011746317
5997,148302,6,0,2.9610139899887145
6003,148308,1,1,2.904327993746847
6004,148309,7,0,3.0562399770133197
6011,148316,1,1,2.8933080029673874
6012,148317,6,0,3.044448036234826
6018,148323,1,1,2.911971998400986
6019,148324,6,0,3.052643034607172
6025,148330,1,1,2.896905003581196
6026,148331,7,0,3.006146987900138
6033,148338,1,1,2.8927570092491806
6034,148339,6,0,3.054536005947739
6040,148345,1,1,2.9059009975753725
6041,148346,7,0,2.965541963931173
6048,148353,1,1,2.9144170111976564
6049,148354,6,0,2.958628989290446
6055,148360,1,1,2.8916349983774126
6056,148361,7,0,3.080875030718744
6063,148368,1,1,3.0620009638369083
6064,148369,6,0,3.0581329483538866
6070,148375,1,1,2.9109399765729904
6071,148376,7,0,3.0607880325987935
6078,148383,1,1,2.9037169879302382
6079,148384,6,0,3.0531439697369933
6085,148390,1,1,2.8898720047436655
6086,148391,7,0,3.054106025956571
6093,148398,1,1,2.8925169608555734
6094,148399,6,0,3.0490270000882447
6100,148405,1,1,2.90892698103562
6101,148406,6,0,3.0407810118049383
6107,148412,1,1,2.898497972637415
6108,148413,7,0,3.057822003029287
6115,148420,1,1,2.9082660330459476
6116,148421,6,0,3.0490659992210567
6122,148427,1,1,2.908736001700163
6123,148428,7,0,3.0486059840768576
6130,148435,1,1,2.9087570146657526
6131,148436,6,0,2.9557239613495767
6137,148442,1,1,2.9077749932184815
6138,148443,7,0,3.063103009480983
6145,148450,1,1,2.8927369858138263
6146,148451,6,0,3.06043797172606
6152,148457,1,1,2.891563985031098
6153,148458,7,0,3.061378956772387
6160,148465,1,1,2.905459958128631
6161,148466,6,0,2.951506001409143
6167,148472,1,1,2.8883590130135417
6168,148473,6,0,3.057822003029287
6174,148479,1,1,2.8967639664188027
6175,148480,7,0,3.0541560263372958
6182,148487,1,1,2.9139459948055446
6183,148488,6,0,2.988655003719032
6189,148494,1,1,2.894591016229242
6190,148495,7,0,3.0671199783682823
6197,148502,1,1,2.913223986979574
6198,148503,6,0,3.0544869950972497
6204,148509,1,1,2.89046298712492
6205,148510,7,0,2.9389220289885998
6212,148517,1,1,2.8903330094181
6213,148518,6,0,2.9890949954278767
6219,148524,1,1,3.0537849524989724
6220,148525,7,0,3.059786045923829
6227,148532,1,1,2.9062220128253102
6228,148533,6,0,3.0514810350723565
6234,148539,1,1,2.8833289979957044
6235,148540,6,0,2.9284230549819767
6241,148546,1,1,2.8899520402774215
6242,148547,7,0,2.970420988276601
6249,148554,1,1,2.8736719978041947
6250,148555,6,0,3.0593760311603546
6256,148561,1,1,2.892866963520646
6257,148562,7,0,3.078491019550711
6264,148569,1,1,2.8873669798485935
6265,148570,6,0,3.0614890274591744
6271,148576,1,1,2.8813050012104213
6272,148577,7,0,3.074383013881743
6279,148584,1,1,2.840338973328471
6280,148585,6,0,2.995668037328869
6286,148591,1,1,2.830992976669222
6287,148592,7,0,3.043706004973501
6294,148599,1,1,2.8787609771825373
6295,148600,6,0,3.0236890306696296
6301,148606,1,1,2.831363002769649
6302,148607,7,0,3.031052998267114
6309,148614,1,1,2.8820569859817624
6310,148615,6,0,2.948050037957728
6316,148621,1,1,2.9084759880788624
6317,148622,6,0,3.0510600190609694
6323,148628,1,1,2.8782300068996847
6324,148629,7,0,2.979677985422313
6331,148636,1,1,2.893918950576335
6332,148637,6,0,3.0554080149158835
6338,148643,1,1,2.880864019971341
6339,148644,7,0,3.0676809838041663
6346,148651,1,1,2.904267981648445
6347,148652,6,0,3.0628819949924946
6353,148658,1,1,2.9066430288366973
6354,148659,7,0,3.0597359873354435
6361,148666,1,1,2.908024995122105
6362,148667,6,0,3.0549369985237718
6368,148673,1,1,2.885532972868532
6369,148674,7,0,2.9333720449358225
6376,148681,1,1,3.041782008949667
6377,148682,6,0,3.0667990213260055
6383,148688,1,1,2.9121929546818137
6384,148689,6,0,3.04974801838398
6390,148695,1,1,2.9190959758125246
6391,148696,7,0,2.9714219854213297
6398,148703,1,1,2.8912939596921206
6399,148704,6,0,3.061738971155137
6405,148710,1,1,2.9098890372551978
6406,148711,7,0,3.063393000047654
6413,148718,1,1,2.9063020483590662
6414,148719,6,0,2.9446730040945113
6420,148725,1,1,2.901282045058906
6421,148726,7,0,3.0546170310117304
6428,148733,1,1,2.9003010131418705
6429,148734,6,0,3.05569899501279
6435,148740,1,1,2.9030059813521802
6436,148741,7,0,3.062902018427849
6443,148748,1,1,2.8874570271000266
6444,148749,6,0,2.9381110216490924
6450,148755,1,1,2.8883490012958646
6451,148756,7,0,3.057462046854198
6458,148763,1,1,2.896522986702621
6459,148764,6,0,2.932920993771404
6465,148770,1,1,2.893097000196576
6466,148771,6,0,3.031374013517052
6472,148777,1,1,2.9028949793428183
6473,148778,7,0,2.9532290063798428
6480,148785,1,1,2.9080960084684193
6481,148786,6,0,3.035380970686674
6487,148792,1,1,2.9009319841861725
6488,148793,7,0,3.052591986488551
6495,148800,1,1,2.8871569666080177
6496,148801,6,0,3.0470629571937025
6502,148807,1,1,2.9080050298944116
6503,148808,7,0,3.0600769678130746
6510,148815,1,1,2.8819270082749426
6511,148816,6,0,2.9288840014487505
6517,148822,1,1,2.8974259621463716
6518,148823,7,0,2.9480489902198315
6525,148830,1,1,2.8975859750062227
6526,148831,6,0,2.9728549998253584
6532,148837,1,1,3.042573982384056
6533,148838,6,0,2.9341240297071636
6539,148844,1,1,2.8970150160603225
6540,148845,7,0,3.1149479909799993
6547,148852,1,1,2.909558010287583
6548,148853,6,0,3.044037031941116
6554,148859,1,1,2.902815002016723
6555,148860,7,0,2.956364012788981
6562,148867,1,1,2.914237033110112
6563,148868,6,0,2.976190997287631
6569,148874,1,1,2.9129739850759506
6570,148875,7,0,2.976511954329908
6577,148882,1,1,2.892435993999243
6578,148883,6,0,2.9276820132508874
6584,148889,1,1,2.9038169886916876
6585,148890,7,0,2.9774029972031713
6592,148897,1,1,2.902654989156872
6593,148898,6,0,2.942739985883236
6599,148904,1,1,2.886486006900668
6600,148905,6,0,2.9440020443871617
6606,148911,1,1,2.8904229984618723
6607,148912,7,0,3.0628519598394632
6614,148919,1,1,2.897776023019105
6615,148920,6,0,2.942328981589526
6621,148926,1,1,2.894139033742249
6622,148927,7,0,2.969619003124535
6629,148934,1,1,2.8679409879259765
6630,148935,6,0,3.051339997909963
6636,148941,1,1,2.861629007384181
6637,148942,7,0,3.0636729788966477
6644,148949,1,1,2.860997978132218
6645,148950,6,0,3.0404209974221885
6651,148956,1,1,2.854646008927375
6652,148957,7,0,3.033036016859114
6659,148964,1,1,2.8623209800571203
6660,148965,6,0,3.021806012839079
6666,148971,1,1,2.874043013434857
6667,148972,7,0,2.9400240164250135
6674,148979,1,1,2.8785509639419615
6675,148980,6,0,3.0717289773747325
6681,148986,1,1,2.902815002016723
6682,148987,6,0,3.0421839910559356
6688,148993,1,1,3.0528840143233538
6689,148994,7,0,3.045880002900958
6696,149001,1,1,2.8782800072804093
6697,149002,6,0,3.0479340348392725
6703,149008,1,1,2.8859739541076124
6704,149009,7,0,3.0516410479322076
6711,149016,1,1,2.8979069902561605
6712,149017,6,0,2.952397975604981
6718,149023,1,1,2.9070930322632194
6719,149024,7,0,3.0554879922419786
6726,149031,1,1,2.8783499728888273
6727,149032,6,0,3.0486160540021956
6733,149038,1,1,2.8843210311606526
6734,149039,7,0,2.929895999841392
6741,149046,1,1,2.90733395377174
6742,149047,6,0,3.0472229700535536
6748,149053,1,1,2.8842510073445737
6749,149054,6,0,3.057311987504363
6755,149060,1,1,2.8832090320065618
6756,149061,7,0,3.0572619871236384
6763,149068,1,1,2.905039000324905
6764,149069,6,0,3.059985989239067
6770,149075,1,1,2.884522022213787
6771,149076,7,0,3.0200930195860565
6778,149083,1,1,2.8814859688282013
6779,149084,6,0,3.0504990136250854
6785,149090,1,1,2.895993005950004
6786,149091,7,0,2.959661011118442
6793,149098,1,1,2.8988990234211087
6794,149099,6,0,2.975218987558037
6800,149105,1,1,2.908536000177264
6801,149106,7,0,3.0634930008091033
6808,149113,1,1,2.8833189862780273
6809,149114,6,0,3.043364966288209
6815,149120,1,1,2.8764260350726545
6816,149121,6,0,3.050459024962038
6822,149127,1,1,2.8883980121463537
6823,149128,7,0,2.9713420080952346
6830,149135,1,1,2.887547016143799
6831,149136,6,0,3.0554679688066244
6837,149142,1,1,2.931057009845972
6838,149143,7,0,3.0818969826214015
6845,149150,1,1,3.060438029933721
6846,149151,6,0,3.054897009860724
6852,149157,1,1,2.9099679668433964
6853,149158,7,0,2.936547971330583
6860,149165,1,1,2.877678954973817
6861,149166,6,0,3.044758050236851
6867,149172,1,1,2.8815159457735717
6868,149173,7,0,3.080664959270507
6875,149180,1,1,2.9061120003461838
6876,149181,6,0,3.0563600012101233
6882,149187,1,1,2.9174730298109353
6883,149188,7,0,3.070876991841942
6890,149195,1,1,2.9064620030112565
6891,149196,6,0,3.063832991756499
6897,149202,1,1,2.9120020335540175
6898,149203,6,0,3.0517210252583027
6904,149209,1,1,2.887316979467869
6905,149210,7,0,3.065877011977136
6912,149217,1,1,2.899859973695129
6913,149218,6,0,3.0559890437871218
6919,149224,1,1,2.891865966375917
6920,149225,7,0,3.058654023334384
6927,149232,1,1,2.895521989557892
6928,149233,6,0,2.9481599922291934
6934,149239,1,1,2.88987101521343
6935,149240,7,0,3.063281998038292
6942,149247,1,1,2.9179839766584337
6943,149248,6,0,2.9205390019342303
6949,149254,1,1,2.8704750002361834
6950,149255,7,0,3.060757997445762
6957,149262,1,1,2.8726099990308285
6958,149263,6,0,3.068090998567641
6964,149269,1,1,2.8754849918186665
6965,149270,6,0,3.0655269511044025
6971,149276,1,1,2.8859039884991944
6972,149277,7,0,3.054726985283196
6979,149284,1,1,2.883228997234255
6980,149285,6,0,3.0492169898934662
6986,149291,1,1,2.8650559834204614
6987,149292,7,0,3.057891968637705
6994,149299,1,1,2.8620699886232615
6995,149300,6,0,3.0664190417155623
7001,149306,1,1,3.005516016855836
7002,149307,7,0,3.0362519901245832
7009,149314,1,1,2.8826880152337253
7010,149315,6,0,3.052792977541685
7016,149321,1,1,2.8190999873913825
7017,149322,7,0,3.039537987206131
7024,149329,1,1,2.8859740123152733
7025,149330,6,0,3.0168669763952494
7031,149336,1,1,2.8795719845220447
7032,149337,7,0,3.0644850339740515
7039,149344,1,1,2.847162017133087
7040,149345,6,0,3.068792982958257
7046,149351,1,1,2.8505990048870444
7047,149352,6,0,3.054245957173407
7053,149358,1,1,2.8956730384379625
7054,149359,7,0,3.0627920059487224
7061,149366,1,1,2.893437980674207
7062,149367,6,0,3.0530740041285753
7068,149373,1,1,2.8973360313102603
7069,149374,7,0,3.065988013986498
7076,149381,1,1,2.875414036680013
7077,149382,6,0,3.059335984289646
7083,149388,1,1,2.8995000175200403
7084,149389,7,0,3.066599019803107
7091,149396,1,1,2.8747330070473254
7092,149397,6,0,3.060027025640011
7098,149403,1,1,2.898748032748699
7099,149404,7,0,3.058113041333854
7106,149411,1,1,2.8729510377161205
7107,149412,6,0,3.0570010421797633
7113,149418,1,1,2.881086023990065
7114,149419,6,0,3.0573809635825455
7120,149425,1,1,2.885633031837642
7121,149426,7,0,2.954591007437557
7128,149433,1,1,2.895943005569279
7129,149434,6,0,3.0485359602607787
7135,149440,1,1,2.877368009649217
7136,149441,7,0,3.0145630007609725
7143,149448,1,1,2.88547296077013
7144,149449,6,0,3.0517110135406256
7150,149455,1,1,2.8816559934057295
7151,149456,7,0,3.056710003875196
7158,149463,1,1,3.0455300002358854
7159,149464,6,0,3.058253030758351
7165,149470,1,1,2.8966040117666125
7166,149471,7,0,2.9401640058495104
7173,149478,1,1,2.874943951610476
7174,149479,6,0,2.947437984403223
7180,149485,1,1,2.905631030444056
7181,149486,6,0,3.046291007194668
7187,149492,1,1,2.907263988163322
7188,149493,7,0,3.0559590086340904
7195,149500,1,1,2.890233008656651
7196,149501,6,0,3.0495370156131685
7202,149507,1,1,2.8848520014435053
7203,149508,7,0,2.9516760259866714
7210,149515,1,1,2.8919659671373665
7211,149516,6,0,3.054606029763818
7217,149522,1,1,2.9140670085325837
7218,149523,7,0,3.0636840383522213
7225,149530,1,1,2.8931869892403483
7226,149531,6,0,3.05433600442484
7232,149537,1,1,2.8969940030947328
7233,149538,7,0,3.0608680099248886
7240,149545,1,1,2.885353984311223
7241,149546,6,0,3.0586339998990297
7247,149552,1,1,2.905109024140984
7248,149553,7,0,3.0670600244775414
7255,149560,1,1,2.8878580196760595
7256,149561,6,0,3.0461210408248007
7262,149567,1,1,2.900542051065713
7263,149568,6,0,2.9485209961421788
7269,149574,1,1,2.8912140405736864
7270,149575,7,0,3.053845022805035
7277,149582,1,1,2.9051000019535422
7278,149583,6,0,3.066399018280208
7284,149589,1,1,2.8884789790026844
7285,149590,7,0,3.0549580114893615
7292,149597,1,1,2.887846960220486
7293,149598,6,0,3.061569994315505
7299,149604,1,1,2.9091869946569204
7300,149605,7,0,3.0619000317528844
7307,149612,1,1,2.898017002735287
7308,149613,6,0,3.054486005567014
7314,149619,1,1,3.03317594807595
7315,149620,7,0,3.0774690094403923
7322,149627,1,1,2.876155951526016
7323,149628,6,0,3.0522820306941867
7329,149634,1,1,2.900300023611635
7330,149635,6,0,3.0648959800601006
7336,149641,1,1,2.8965139645151794
7337,149642,7,0,3.055959998164326
7344,149649,1,1,2.897776023019105
7345,149650,6,0,2.946615975815803
7351,149656,1,1,2.8984579839743674
7352,149657,7,0,3.0713180312886834
7359,149664,1,1,2.895532001275569
7360,149665,6,0,3.0609890236519277
7366,149671,1,1,2.880483982153237
7367,149672,7,0,3.078860987443477
7374,149679,1,1,2.898817998357117
7375,149680,6,0,3.0620109755545855
7381,149686,1,1,2.8978660120628774
7382,149687,7,0,3.068452002480626
7389,149694,1,1,2.8897409792989492
7390,149695,6,0,2.930496004410088
7396,149701,1,1,2.8844019980169833
7397,149702,6,0,3.0539449653588235
7403,149708,1,1,2.898327016737312
7404,149709,7,0,3.099750028923154
7411,149716,1,1,2.8832899988628924
7412,149717,6,0,3.0674400040879846
7418,149723,1,1,2.898317005019635
7419,149724,7,0,3.0688930419273674
7426,149731,1,1,2.8893310227431357
7427,149732,6,0,2.9407659894786775
7433,149738,1,1,2.897776023019105
7434,149739,7,0,3.0539549770765007
7441,149746,1,1,2.8996600303798914
7442,149747,6,0,3.0556779820472
7448,149753,1,1,2.893469005357474
7449,149754,7,0,3.071026992984116
7456,149761,1,1,2.887075999751687
7457,149762,6,0,3.0675199814140797
7463,149768,1,1,2.8859840240329504
7464,149769,7,0,3.0778099899180233
7471,149776,1,1,3.0407909653149545
7472,149777,6,0,3.0555790290236473
7478,149783,1,1,2.9084960115142167
7479,149784,6,0,3.0519519932568073
7485,149790,1,1,2.9014130122959614
7486,149791,7,0,2.956165000796318
7493,149798,1,1,2.913184987846762
7494,149799,6,0,3.052483021747321
7500,149805,1,1,2.8982769581489265
7501,149806,7,0,2.961092977784574
7508,149813,1,1,2.9154489748179913
7509,149814,6,0,2.9695190023630857
7515,149820,1,1,2.9036070336587727
7516,149821,7,0,3.071448008995503
7523,149828,1,1,2.910669951234013
7524,149829,6,0,2.9667539638467133
7530,149835,1,1,2.8928269748575985
7531,149836,7,0,3.067040001042187
7538,149843,1,1,2.9011929873377085
7539,149844,6,0,3.0588440131396055
7545,149850,1,1,2.895532001275569
7546,149851,6,0,3.0490659992210567
7552,149857,1,1,2.8986179968342185
7553,149858,7,0,3.0712070292793214
7560,149865,1,1,2.905300003476441
7561,149866,6,0,3.0755449552088976
7567,149872,1,1,2.882447966840118
7568,149873,7,0,2.982542966492474
7575,149880,1,1,2.8671190375462174
7576,149881,6,0,3.13320301938802
7582,149887,1,1,2.8834789991378784
7583,149888,7,0,2.92226200690493
7590,149895,1,1,2.864885958842933
7591,149896,6,0,2.949392015580088
7597,149902,1,1,2.8833390097133815
7598,149903,7,0,3.061719995457679
7605,149910,1,1,2.8730600024573505
7606,149911,6,0,3.0484949820674956
7612,149917,1,1,2.890472998842597
7613,149918,7,0,3.062902018427849
7620,149925,1,1,2.8830289957113564
